timestamp,route_id,travel_seconds,travel_minutes
2026-06-10 19:33:40,24,57,0.95
2026-06-10 19:33:40,166,108,1.8
2026-06-10 19:33:40,71,50,0.83
2026-06-10 19:33:40,18,58,0.97
2026-06-10 19:33:40,747,52,0.87
2026-06-10 19:33:40,80,163,2.72
2026-06-10 19:33:40,206,38,0.63
2026-06-10 19:33:40,179,76,1.27
2026-06-10 19:33:40,25,29,0.48
2026-06-10 19:33:40,141,37,0.62
2026-06-10 19:33:40,160,63,1.05
2026-06-10 19:33:40,66,27,0.45
2026-06-10 19:33:40,18,145,2.42
2026-06-10 19:33:40,196,17,0.28
2026-06-10 19:33:40,193,21,0.35
2026-06-10 19:33:40,105,59,0.98
2026-06-10 19:33:40,92,31,0.52
2026-06-10 19:33:40,69,21,0.35
2026-06-10 19:33:40,411,32,0.53
2026-06-10 19:33:40,54,36,0.6
2026-06-10 19:33:40,164,47,0.78
2026-06-10 19:33:40,51,42,0.7
2026-06-10 19:33:40,95,31,0.52
2026-06-10 19:33:40,110,49,0.82
2026-06-10 19:33:40,161,21,0.35
2026-06-10 19:33:40,777,66,1.1
2026-06-10 19:33:40,203,22,0.37
2026-06-10 19:33:40,105,48,0.8
2026-06-10 19:33:40,166,64,1.07
2026-06-10 19:33:40,49,185,3.08
2026-06-10 19:33:40,161,55,0.92
2026-06-10 19:33:40,128,21,0.35
2026-06-10 19:33:40,439,148,2.47
2026-06-10 19:33:40,69,60,1.0
2026-06-10 19:33:40,33,42,0.7
2026-06-10 19:33:40,24,35,0.58
2026-06-10 19:33:40,195,33,0.55
2026-06-10 19:33:40,51,99,1.65
2026-06-10 19:33:40,193,37,0.62
2026-06-10 19:33:40,198,65,1.08
2026-06-10 19:33:40,97,58,0.97
2026-06-10 19:33:40,180,42,0.7
2026-06-10 19:33:40,86,35,0.58
2026-06-10 19:33:40,61,42,0.7
2026-06-10 19:33:40,79,92,1.53
2026-06-10 19:33:40,33,71,1.18
2026-06-10 19:33:40,51,15,0.25
2026-06-10 19:33:40,439,172,2.87
2026-06-10 19:33:40,430,68,1.13
2026-06-10 19:33:40,138,38,0.63
2026-06-10 19:33:40,460,17,0.28
2026-06-10 19:33:40,13,58,0.97
2026-06-10 19:33:40,45,38,0.63
2026-06-10 19:33:40,121,148,2.47
2026-06-10 19:33:40,189,26,0.43
2026-06-10 19:33:40,32,15,0.25
2026-06-10 19:33:40,202,59,0.98
2026-06-10 19:33:40,197,70,1.17
2026-06-10 19:33:40,85,112,1.87
2026-06-10 19:33:40,61,103,1.72
2026-06-10 19:33:40,179,97,1.62
2026-06-10 19:33:40,49,37,0.62
2026-06-10 19:33:40,67,96,1.6
2026-06-10 19:33:40,229,95,1.58
2026-06-10 19:33:40,162,71,1.18
2026-06-10 19:33:40,129,74,1.23
2026-06-10 19:33:40,209,91,1.52
2026-06-10 19:33:40,81,22,0.37
2026-06-10 19:33:40,202,22,0.37
2026-06-10 19:33:40,61,156,2.6
2026-06-10 19:33:40,49,25,0.42
2026-06-10 19:33:40,209,61,1.02
2026-06-10 19:33:40,197,39,0.65
2026-06-10 19:33:40,193,42,0.7
2026-06-10 19:33:40,93,43,0.72
2026-06-10 19:33:40,80,15,0.25
2026-06-10 19:33:40,200,77,1.28
2026-06-10 19:33:40,24,153,2.55
2026-06-10 19:33:40,49,53,0.88
2026-06-10 19:33:40,41,33,0.55
2026-06-10 19:33:40,32,34,0.57
2026-06-10 19:33:40,50,93,1.55
2026-06-10 19:33:40,192,52,0.87
2026-06-10 19:33:40,208,70,1.17
2026-06-10 19:33:40,12,38,0.63
2026-06-10 19:33:40,470,29,0.48
2026-06-10 19:33:40,196,25,0.42
2026-06-10 19:33:40,51,84,1.4
2026-06-10 19:33:40,79,43,0.72
2026-06-10 19:33:40,204,78,1.3
2026-06-10 19:33:40,141,50,0.83
2026-06-10 19:33:40,198,63,1.05
2026-06-10 19:33:40,186,32,0.53
2026-06-10 19:33:40,20,24,0.4
2026-06-10 19:33:40,10,64,1.07
2026-06-10 19:33:40,10,39,0.65
2026-06-10 19:33:40,230,31,0.52
2026-06-10 19:33:40,90,45,0.75
2026-06-10 19:33:40,16,110,1.83
2026-06-10 19:33:40,36,70,1.17
2026-06-10 19:33:40,35,61,1.02
2026-06-10 19:33:40,138,70,1.17
2026-06-10 19:33:40,496,47,0.78
2026-06-10 19:33:40,81,26,0.43
2026-06-10 19:33:40,51,79,1.32
2026-06-10 19:33:40,28,37,0.62
2026-06-10 19:33:40,69,64,1.07
2026-06-10 19:33:40,67,43,0.72
2026-06-10 19:33:40,150,126,2.1
2026-06-10 19:33:40,14,28,0.47
2026-06-10 19:33:40,198,62,1.03
2026-06-10 19:33:40,112,69,1.15
2026-06-10 19:33:40,33,74,1.23
2026-06-10 19:33:40,496,49,0.82
2026-06-10 19:33:40,41,39,0.65
2026-06-10 19:33:40,185,197,3.28
2026-06-10 19:33:40,187,33,0.55
2026-06-10 19:33:40,24,53,0.88
2026-06-10 19:33:40,79,84,1.4
2026-06-10 19:33:40,67,68,1.13
2026-06-10 19:33:40,449,16,0.27
2026-06-10 19:33:40,47,55,0.92
2026-06-10 19:33:40,129,26,0.43
2026-06-10 19:33:40,209,16,0.27
2026-06-10 19:33:40,104,67,1.12
2026-06-10 19:33:40,29,24,0.4
2026-06-10 19:33:40,94,69,1.15
2026-06-10 19:33:40,185,40,0.67
2026-06-10 19:33:40,51,65,1.08
2026-06-10 19:33:40,124,39,0.65
2026-06-10 19:33:40,124,138,2.3
2026-06-10 19:33:40,43,35,0.58
2026-06-10 19:33:40,55,106,1.77
2026-06-10 19:33:40,225,18,0.3
2026-06-10 19:33:40,66,45,0.75
2026-06-10 19:33:40,487,54,0.9
2026-06-10 19:33:40,107,58,0.97
2026-06-10 19:33:40,211,1020,17.0
2026-06-10 19:33:40,121,38,0.63
2026-06-10 19:33:40,48,161,2.68
2026-06-10 19:33:40,47,105,1.75
2026-06-10 19:33:40,18,68,1.13
2026-06-10 19:33:40,44,114,1.9
2026-06-10 19:33:40,440,86,1.43
2026-06-10 19:33:40,470,57,0.95
2026-06-10 19:33:40,67,61,1.02
2026-06-10 19:33:40,64,61,1.02
2026-06-10 19:33:40,94,60,1.0
2026-06-10 19:33:40,140,41,0.68
2026-06-10 19:33:40,190,121,2.02
2026-06-10 19:33:40,18,69,1.15
2026-06-10 19:33:40,195,34,0.57
2026-06-10 19:33:40,229,15,0.25
2026-06-10 19:33:40,18,25,0.42
2026-06-10 19:33:40,107,58,0.97
2026-06-10 19:33:40,150,31,0.52
2026-06-10 19:33:40,71,73,1.22
2026-06-10 19:33:40,230,174,2.9
2026-06-10 19:33:40,121,26,0.43
2026-06-10 19:33:40,201,92,1.53
2026-06-10 19:33:40,136,11,0.18
2026-06-10 19:33:40,110,29,0.48
2026-06-10 19:33:40,185,56,0.93
2026-06-10 19:33:40,468,194,3.23
2026-06-10 19:33:40,200,51,0.85
2026-06-10 19:33:40,204,47,0.78
2026-06-10 19:33:40,439,106,1.77
2026-06-10 19:33:40,70,93,1.55
2026-06-10 19:33:40,107,44,0.73
2026-06-10 19:33:40,97,114,1.9
2026-06-10 19:33:40,211,37,0.62
2026-06-10 19:33:40,38,46,0.77
2026-06-10 19:33:40,121,26,0.43
2026-06-10 19:33:40,206,60,1.0
2026-06-10 19:33:40,86,29,0.48
2026-06-10 19:33:40,460,158,2.63
2026-06-10 19:33:40,45,38,0.63
2026-06-10 19:33:40,190,18,0.3
2026-06-10 19:33:40,67,45,0.75
2026-06-10 19:33:40,104,61,1.02
2026-06-10 19:33:40,439,49,0.82
2026-06-10 19:33:40,22,21,0.35
2026-06-10 19:33:40,67,64,1.07
2026-06-10 19:33:40,26,15,0.25
2026-06-10 19:33:40,128,67,1.12
2026-06-10 19:33:40,43,36,0.6
2026-06-10 19:33:40,205,25,0.42
2026-06-10 19:33:40,95,58,0.97
2026-06-10 19:33:40,45,33,0.55
2026-06-10 19:33:40,161,79,1.32
2026-06-10 19:33:40,24,54,0.9
2026-06-10 19:33:40,34,50,0.83
2026-06-10 19:33:40,211,48,0.8
2026-06-10 19:33:40,92,77,1.28
2026-06-10 19:33:40,193,62,1.03
2026-06-10 19:33:40,205,35,0.58
2026-06-10 19:33:40,128,57,0.95
2026-06-10 19:33:40,80,52,0.87
2026-06-10 19:33:40,17,32,0.53
2026-06-10 19:33:40,469,118,1.97
2026-06-10 19:33:40,54,103,1.72
2026-06-10 19:33:40,48,219,3.65
2026-06-10 19:33:40,36,101,1.68
2026-06-10 19:33:40,119,56,0.93
2026-06-10 19:33:40,12,17,0.28
2026-06-10 19:33:40,29,36,0.6
2026-06-10 19:33:40,125,66,1.1
2026-06-10 19:33:40,141,48,0.8
2026-06-10 19:33:40,17,41,0.68
2026-06-10 19:33:40,186,44,0.73
2026-06-10 19:33:40,112,20,0.33
2026-06-10 19:33:40,41,40,0.67
2026-06-10 19:33:40,123,26,0.43
2026-06-10 19:33:40,196,60,1.0
2026-06-10 19:33:40,48,166,2.77
2026-06-10 19:33:40,38,88,1.47
2026-06-10 19:33:40,202,37,0.62
2026-06-10 19:33:40,22,27,0.45
2026-06-10 19:33:40,203,37,0.62
2026-06-10 19:33:40,64,69,1.15
2026-06-10 19:33:40,48,45,0.75
2026-06-10 19:33:40,439,101,1.68
2026-06-10 19:33:40,35,59,0.98
2026-06-10 19:33:40,57,65,1.08
2026-06-10 19:33:40,165,75,1.25
2026-06-10 19:33:40,165,66,1.1
2026-06-10 19:33:40,449,30,0.5
2026-06-10 19:33:40,136,112,1.87
2026-06-10 19:33:40,125,97,1.62
2026-06-10 19:33:40,119,60,1.0
2026-06-10 19:33:40,25,27,0.45
2026-06-10 19:33:40,161,89,1.48
2026-06-10 19:33:40,204,26,0.43
2026-06-10 19:33:40,72,25,0.42
2026-06-10 19:33:40,113,51,0.85
2026-06-10 19:33:40,107,66,1.1
2026-06-10 19:33:40,37,60,1.0
2026-06-10 19:33:40,777,240,4.0
2026-06-10 19:33:40,205,206,3.43
2026-06-10 19:33:40,496,142,2.37
2026-06-10 19:33:40,139,54,0.9
2026-06-10 19:33:40,68,57,0.95
2026-06-10 19:33:40,127,97,1.62
2026-06-10 19:33:40,439,86,1.43
2026-06-10 19:33:40,86,37,0.62
2026-06-10 19:33:40,106,62,1.03
2026-06-10 19:33:40,141,44,0.73
2026-06-10 19:33:40,67,79,1.32
2026-06-10 19:33:40,230,17,0.28
2026-06-10 19:33:40,18,25,0.42
2026-06-10 19:33:40,161,116,1.93
2026-06-10 19:33:40,41,52,0.87
2026-06-10 19:33:40,49,63,1.05
2026-06-10 19:33:40,747,833,13.88
2026-06-10 19:33:40,203,56,0.93
2026-06-10 19:33:40,24,44,0.73
2026-06-10 19:33:40,69,61,1.02
2026-06-10 19:33:40,121,36,0.6
2026-06-10 19:33:40,86,44,0.73
2026-06-10 19:33:40,777,136,2.27
2026-06-10 19:33:40,195,51,0.85
2026-06-10 19:33:40,64,47,0.78
2026-06-10 19:33:40,215,89,1.48
2026-06-10 19:33:40,48,60,1.0
2026-06-10 19:33:40,24,46,0.77
2026-06-10 19:33:40,208,43,0.72
2026-06-10 19:33:40,80,48,0.8
2026-06-10 19:33:40,207,29,0.48
2026-06-10 19:33:40,79,25,0.42
2026-06-10 19:33:40,411,29,0.48
2026-06-10 19:33:40,50,59,0.98
2026-06-10 19:33:40,93,139,2.32
2026-06-10 19:33:40,44,16,0.27
2026-06-10 19:33:40,131,41,0.68
2026-06-10 19:33:40,35,144,2.4
2026-06-10 19:33:40,51,80,1.33
2026-06-10 19:33:40,33,53,0.88
2026-06-10 19:33:40,45,90,1.5
2026-06-10 19:33:40,49,78,1.3
2026-06-10 19:33:40,172,103,1.72
2026-06-10 19:33:40,61,29,0.48
2026-06-10 19:33:40,141,50,0.83
2026-06-10 19:33:40,36,94,1.57
2026-06-10 19:33:40,48,38,0.63
2026-06-10 19:33:40,136,73,1.22
2026-06-10 19:33:40,63,75,1.25
2026-06-10 19:33:40,32,100,1.67
2026-06-10 19:33:40,55,83,1.38
2026-06-10 19:33:40,31,51,0.85
2026-06-10 19:33:40,36,84,1.4
2026-06-10 19:33:40,69,63,1.05
2026-06-10 19:33:40,189,42,0.7
2026-06-10 19:33:40,189,18,0.3
2026-06-10 19:33:40,105,60,1.0
2026-06-10 19:33:40,51,91,1.52
2026-06-10 19:33:40,129,59,0.98
2026-06-10 19:33:40,68,66,1.1
2026-06-10 19:33:40,187,70,1.17
2026-06-10 19:33:40,69,43,0.72
2026-06-10 19:33:40,61,105,1.75
2026-06-10 19:33:40,141,44,0.73
2026-06-10 19:33:40,110,127,2.12
2026-06-10 19:33:40,218,18,0.3
2026-06-10 19:33:40,140,37,0.62
2026-06-10 19:33:40,121,39,0.65
2026-06-10 19:33:40,121,26,0.43
2026-06-10 19:33:40,92,161,2.68
2026-06-10 19:33:40,85,67,1.12
2026-06-10 19:33:40,90,16,0.27
2026-06-10 19:33:40,223,175,2.92
2026-06-10 19:33:40,55,127,2.12
2026-06-10 19:33:40,201,100,1.67
2026-06-10 19:33:40,161,39,0.65
2026-06-10 19:33:40,123,120,2.0
2026-06-10 19:33:40,81,89,1.48
2026-06-10 19:33:40,90,35,0.58
2026-06-10 19:33:40,28,71,1.18
2026-06-10 19:33:40,161,79,1.32
2026-06-10 19:33:40,165,69,1.15
2026-06-10 19:33:40,127,68,1.13
2026-06-10 19:33:40,486,44,0.73
2026-06-10 19:33:40,195,18,0.3
2026-06-10 19:33:40,411,39,0.65
2026-06-10 19:33:40,165,69,1.15
2026-06-10 19:33:40,113,42,0.7
2026-06-10 19:33:40,162,36,0.6
2026-06-10 19:33:40,168,60,1.0
2026-06-10 19:33:40,439,45,0.75
2026-06-10 19:33:40,211,32,0.53
2026-06-10 19:33:40,160,103,1.72
2026-06-10 19:33:40,90,31,0.52
2026-06-10 19:33:40,187,29,0.48
2026-06-10 19:33:40,165,39,0.65
2026-06-10 19:33:40,187,64,1.07
2026-06-10 19:33:40,165,18,0.3
2026-06-10 19:33:40,85,44,0.73
2026-06-10 19:33:40,27,51,0.85
2026-06-10 19:33:40,172,54,0.9
2026-06-10 19:33:40,56,53,0.88
2026-06-10 19:33:40,187,107,1.78
2026-06-10 19:33:40,206,215,3.58
2026-06-10 19:33:40,32,53,0.88
2026-06-10 19:33:40,411,228,3.8
2026-06-10 19:33:40,460,121,2.02
2026-06-10 19:33:40,198,31,0.52
2026-06-10 19:33:40,106,24,0.4
2026-06-10 19:33:40,100,34,0.57
2026-06-10 19:33:40,11,66,1.1
2026-06-10 19:33:40,68,136,2.27
2026-06-10 19:33:40,20,90,1.5
2026-06-10 19:33:40,43,41,0.68
2026-06-10 19:33:40,100,105,1.75
2026-06-10 19:33:40,164,111,1.85
2026-06-10 19:33:40,114,32,0.53
2026-06-10 19:33:40,72,36,0.6
2026-06-10 19:33:40,439,84,1.4
2026-06-10 19:33:40,164,62,1.03
2026-06-10 19:33:40,177,123,2.05
2026-06-10 19:33:40,496,40,0.67
2026-06-10 19:33:40,121,38,0.63
2026-06-10 19:33:40,208,29,0.48
2026-06-10 19:33:40,139,91,1.52
2026-06-10 19:33:40,141,31,0.52
2026-06-10 19:33:40,36,93,1.55
2026-06-10 19:33:40,110,87,1.45
2026-06-10 19:33:40,55,63,1.05
2026-06-10 19:33:40,51,28,0.47
2026-06-10 19:33:40,55,56,0.93
2026-06-10 19:33:40,41,53,0.88
2026-06-10 19:33:40,129,63,1.05
2026-06-10 19:33:40,468,65,1.08
2026-06-10 19:33:40,95,41,0.68
2026-06-10 19:33:40,144,56,0.93
2026-06-10 19:33:40,198,299,4.98
2026-06-10 19:33:40,410,111,1.85
2026-06-10 19:33:40,439,97,1.62
2026-06-10 19:33:40,179,38,0.63
2026-06-10 19:33:40,811,23,0.38
2026-06-10 19:33:40,49,219,3.65
2026-06-10 19:33:40,165,33,0.55
2026-06-10 19:33:40,16,23,0.38
2026-06-10 19:33:40,168,86,1.43
2026-06-10 19:33:40,108,47,0.78
2026-06-10 19:33:40,32,59,0.98
2026-06-10 19:33:40,125,25,0.42
2026-06-10 19:33:40,106,31,0.52
2026-06-10 19:33:40,202,24,0.4
2026-06-10 19:33:40,186,31,0.52
2026-06-10 19:33:40,103,36,0.6
2026-06-10 19:33:40,411,1140,19.0
2026-06-10 19:33:40,420,228,3.8
2026-06-10 19:33:40,141,90,1.5
2026-06-10 19:33:40,432,44,0.73
2026-06-10 19:33:40,448,19,0.32
2026-06-10 19:33:40,177,47,0.78
2026-06-10 19:33:40,211,102,1.7
2026-06-10 19:33:40,123,34,0.57
2026-06-10 19:33:40,48,29,0.48
2026-06-10 19:33:40,33,80,1.33
2026-06-10 19:33:40,125,93,1.55
2026-06-10 19:33:40,139,63,1.05
2026-06-10 19:33:40,480,104,1.73
2026-06-10 19:33:40,215,43,0.72
2026-06-10 19:33:40,171,33,0.55
2026-06-10 19:33:40,747,158,2.63
2026-06-10 19:33:40,170,99,1.65
2026-06-10 19:33:40,439,182,3.03
2026-06-10 19:33:40,192,30,0.5
2026-06-10 19:33:40,747,900,15.0
2026-06-10 19:33:40,121,68,1.13
2026-06-10 19:33:40,124,60,1.0
2026-06-10 19:33:40,198,240,4.0
2026-06-10 19:33:40,128,30,0.5
2026-06-10 19:33:40,747,452,7.53
2026-06-10 19:33:40,196,213,3.55
2026-06-10 19:33:40,18,114,1.9
2026-06-10 19:33:40,214,55,0.92
2026-06-10 19:33:40,185,53,0.88
2026-06-10 19:33:40,48,47,0.78
2026-06-10 19:33:40,209,300,5.0
2026-06-10 19:33:40,171,120,2.0
2026-06-10 19:33:40,131,21,0.35
2026-06-10 19:33:40,41,40,0.67
2026-06-10 19:33:40,150,236,3.93
2026-06-10 19:33:40,66,55,0.92
2026-06-10 19:33:40,165,69,1.15
2026-06-10 19:33:40,197,78,1.3
2026-06-10 19:33:40,11,162,2.7
2026-06-10 19:33:40,36,133,2.22
2026-06-10 19:33:40,70,29,0.48
2026-06-10 19:33:40,27,156,2.6
2026-06-10 19:33:40,202,259,4.32
2026-06-10 19:33:40,20,74,1.23
2026-06-10 19:33:40,121,48,0.8
2026-06-10 19:33:40,18,226,3.77
2026-06-10 19:33:40,230,78,1.3
2026-06-10 19:33:40,33,70,1.17
2026-06-10 19:33:40,90,126,2.1
2026-06-10 19:33:40,31,65,1.08
2026-06-10 19:33:40,221,238,3.97
2026-06-10 19:33:40,18,242,4.03
2026-06-10 19:33:40,460,240,4.0
2026-06-10 19:33:40,747,1409,23.48
2026-06-10 19:33:40,48,57,0.95
2026-06-10 19:33:40,150,236,3.93
2026-06-10 19:33:40,449,55,0.92
2026-06-10 19:33:40,85,50,0.83
2026-06-10 19:33:40,17,272,4.53
2026-06-10 19:33:40,202,60,1.0
2026-06-10 19:33:40,174,14,0.23
2026-06-10 19:33:40,211,60,1.0
2026-06-10 19:33:40,747,1515,25.25
2026-06-10 19:33:40,192,33,0.55
2026-06-10 19:33:40,102,51,0.85
2026-06-10 19:33:40,103,87,1.45
2026-06-10 19:33:40,128,60,1.0
2026-06-10 19:33:40,85,32,0.53
2026-06-10 19:33:40,103,102,1.7
2026-06-10 19:33:40,105,141,2.35
2026-06-10 19:33:40,777,300,5.0
2026-06-10 19:33:40,92,259,4.32
2026-06-10 19:33:40,215,147,2.45
2026-06-10 19:33:40,205,42,0.7
2026-06-10 19:33:40,206,35,0.58
2026-06-10 19:33:40,37,92,1.53
2026-06-10 19:33:40,100,34,0.57
2026-06-10 19:33:40,491,73,1.22
2026-06-10 19:33:40,193,63,1.05
2026-06-10 19:33:40,491,941,15.68
2026-06-10 19:33:40,90,35,0.58
2026-06-10 19:33:40,129,78,1.3
2026-06-10 19:33:40,106,41,0.68
2026-06-10 19:33:40,150,59,0.98
2026-06-10 19:33:40,460,240,4.0
2026-06-10 19:33:40,215,147,2.45
2026-06-10 19:33:40,51,80,1.33
2026-06-10 19:33:40,81,89,1.48
2026-06-10 19:33:40,747,855,14.25
2026-06-10 19:33:40,747,1484,24.73
2026-06-10 19:33:40,165,37,0.62
2026-06-10 19:33:40,34,41,0.68
2026-06-10 19:33:40,164,3,0.05
2026-06-10 19:33:40,55,57,0.95
2026-06-10 19:33:40,177,15,0.25
2026-06-10 19:33:40,470,112,1.87
2026-06-10 19:33:40,468,31,0.52
2026-06-10 19:33:40,141,54,0.9
2026-06-10 19:33:40,105,117,1.95
2026-06-10 19:33:40,212,92,1.53
2026-06-10 19:33:40,103,87,1.45
2026-06-10 19:33:40,161,184,3.07
2026-06-10 19:33:40,176,60,1.0
2026-06-10 19:33:40,22,56,0.93
2026-06-10 19:33:40,56,53,0.88
2026-06-10 19:33:40,125,137,2.28
2026-06-10 19:33:40,79,60,1.0
2026-06-10 19:33:40,18,226,3.77
2026-06-10 19:33:40,99,100,1.67
2026-06-10 19:33:40,68,86,1.43
2026-06-10 19:33:40,141,49,0.82
2026-06-10 19:33:40,95,67,1.12
2026-06-10 19:33:40,144,127,2.12
2026-06-10 19:33:40,449,60,1.0
2026-06-10 19:33:40,170,40,0.67
2026-06-10 19:33:40,72,29,0.48
2026-06-10 19:33:40,66,46,0.77
2026-06-10 19:33:40,747,900,15.0
2026-06-10 19:33:40,129,59,0.98
2026-06-10 19:33:40,144,49,0.82
2026-06-10 19:33:40,468,30,0.5
2026-06-10 19:33:40,43,73,1.22
2026-06-10 19:33:40,160,50,0.83
2026-06-10 19:33:40,49,60,1.0
2026-06-10 19:33:40,209,94,1.57
2026-06-10 19:33:40,177,49,0.82
2026-06-10 19:33:40,57,67,1.12
2026-06-10 19:33:40,57,59,0.98
2026-06-10 19:33:40,777,240,4.0
2026-06-10 19:33:40,777,181,3.02
2026-06-10 19:33:40,103,64,1.07
2026-06-10 19:33:40,487,101,1.68
2026-06-10 19:33:40,63,59,0.98
2026-06-10 19:33:40,138,21,0.35
2026-06-10 19:33:40,93,108,1.8
2026-06-10 19:33:40,221,120,2.0
2026-06-10 19:33:40,410,19,0.32
2026-06-10 19:33:40,747,1240,20.67
2026-06-10 19:33:40,165,37,0.62
2026-06-10 19:33:40,61,145,2.42
2026-06-10 19:33:40,196,60,1.0
2026-06-10 19:33:40,106,41,0.68
2026-06-10 19:33:40,22,91,1.52
2026-06-10 19:33:40,70,240,4.0
2026-06-10 19:33:40,20,180,3.0
2026-06-10 19:33:40,102,142,2.37
2026-06-10 19:33:40,747,203,3.38
2026-06-10 19:33:40,136,17,0.28
2026-06-10 19:33:40,70,240,4.0
2026-06-10 19:33:40,164,108,1.8
2026-06-10 19:33:40,128,60,1.0
2026-06-10 19:33:40,71,41,0.68
2026-06-10 19:33:40,127,49,0.82
2026-06-10 19:33:40,44,70,1.17
2026-06-10 19:33:40,129,71,1.18
2026-06-10 19:33:40,67,51,0.85
2026-06-10 19:33:40,99,100,1.67
2026-06-10 19:33:40,140,133,2.22
2026-06-10 19:33:40,180,122,2.03
2026-06-10 19:33:40,47,99,1.65
2026-06-10 19:33:40,47,101,1.68
2026-06-10 19:33:40,28,40,0.67
2026-06-10 19:33:40,51,47,0.78
2026-06-10 19:33:40,211,1020,17.0
2026-06-10 19:33:40,162,120,2.0
2026-06-10 19:33:40,80,105,1.75
2026-06-10 19:33:40,10,61,1.02
2026-06-10 19:33:40,777,240,4.0
2026-06-10 19:33:40,104,21,0.35
2026-06-10 19:33:40,208,71,1.18
2026-06-10 19:33:40,127,110,1.83
2026-06-10 19:33:40,180,106,1.77
2026-06-10 19:33:40,230,50,0.83
2026-06-10 19:33:40,48,47,0.78
2026-06-10 19:33:40,104,55,0.92
2026-06-10 19:33:40,44,70,1.17
2026-06-10 19:33:40,491,73,1.22
2026-06-10 19:33:40,215,131,2.18
2026-06-10 19:33:40,171,74,1.23
2026-06-10 19:33:40,51,67,1.12
2026-06-10 19:33:40,90,75,1.25
2026-06-10 19:33:40,54,32,0.53
2026-06-10 19:33:40,18,91,1.52
2026-06-10 19:33:40,138,69,1.15
2026-06-10 19:33:40,141,54,0.9
2026-06-10 19:33:40,16,119,1.98
2026-06-10 19:33:40,114,62,1.03
2026-06-10 19:33:40,107,20,0.33
2026-06-10 19:33:40,170,76,1.27
2026-06-10 19:33:40,16,15,0.25
2026-06-10 19:33:40,32,57,0.95
2026-06-10 19:33:40,27,46,0.77
2026-06-10 19:33:40,113,46,0.77
2026-06-10 19:33:40,34,71,1.18
2026-06-10 19:33:40,34,42,0.7
2026-06-10 19:33:40,67,55,0.92
2026-06-10 19:33:40,11,14,0.23
2026-06-10 19:33:40,168,52,0.87
2026-06-10 19:33:40,197,45,0.75
2026-06-10 19:33:40,79,84,1.4
2026-06-10 19:33:40,45,26,0.43
2026-06-10 19:33:40,112,71,1.18
2026-06-10 19:33:40,189,83,1.38
2026-06-10 19:33:40,190,33,0.55
2026-06-10 19:33:40,150,59,0.98
2026-06-10 19:33:40,32,69,1.15
2026-06-10 19:33:40,201,42,0.7
2026-06-10 19:33:40,100,10,0.17
2026-06-10 19:33:40,35,73,1.22
2026-06-10 19:33:40,747,203,3.38
2026-06-10 19:33:40,57,67,1.12
2026-06-10 19:33:40,24,52,0.87
2026-06-10 19:33:40,168,67,1.12
2026-06-10 19:33:40,38,360,6.0
2026-06-10 19:33:40,113,46,0.77
2026-06-10 19:33:40,411,75,1.25
2026-06-10 19:33:40,25,51,0.85
2026-06-10 19:33:40,17,78,1.3
2026-06-10 19:33:40,38,81,1.35
2026-06-10 19:33:40,114,33,0.55
2026-06-10 19:33:40,35,75,1.25
2026-06-10 19:33:40,449,463,7.72
2026-06-10 19:33:40,177,49,0.82
2026-06-10 19:33:40,198,109,1.82
2026-06-10 19:33:40,110,32,0.53
2026-06-10 19:33:40,230,184,3.07
2026-06-10 19:33:40,468,60,1.0
2026-06-10 19:33:40,165,37,0.62
2026-06-10 19:33:40,64,102,1.7
2026-06-10 19:33:40,165,69,1.15
2026-06-10 19:33:40,123,25,0.42
2026-06-10 19:33:40,54,43,0.72
2026-06-10 19:33:40,119,101,1.68
2026-06-10 19:33:40,86,33,0.55
2026-06-10 19:33:40,37,92,1.53
2026-06-10 19:33:40,50,183,3.05
2026-06-10 19:33:40,11,55,0.92
2026-06-10 19:33:40,195,143,2.38
2026-06-10 19:33:40,496,84,1.4
2026-06-10 19:33:40,195,181,3.02
2026-06-10 19:33:40,204,68,1.13
2026-06-10 19:33:40,55,57,0.95
2026-06-10 19:33:40,172,54,0.9
2026-06-10 19:33:40,97,41,0.68
2026-06-10 19:33:40,136,66,1.1
2026-06-10 19:33:40,112,71,1.18
2026-06-10 19:33:40,110,179,2.98
2026-06-10 19:33:40,123,120,2.0
2026-06-10 19:33:40,94,48,0.8
2026-06-10 19:33:40,12,47,0.78
2026-06-10 19:33:40,41,40,0.67
2026-06-10 19:33:40,47,99,1.65
2026-06-10 19:33:40,747,900,15.0
2026-06-10 19:33:40,105,44,0.73
2026-06-10 19:33:40,49,121,2.02
2026-06-10 19:33:40,179,38,0.63
2026-06-10 19:33:40,180,115,1.92
2026-06-10 19:33:40,206,215,3.58
2026-06-10 19:33:40,36,93,1.55
2026-06-10 19:33:40,43,25,0.42
2026-06-10 19:33:40,86,47,0.78
2026-06-10 19:33:40,124,60,1.0
2026-06-10 19:33:40,49,60,1.0
2026-06-10 19:33:40,411,1140,19.0
2026-06-10 19:33:40,85,43,0.72
2026-06-10 19:33:40,51,39,0.65
2026-06-10 19:33:40,92,36,0.6
2026-06-10 19:33:40,172,60,1.0
2026-06-10 19:33:40,43,73,1.22
2026-06-10 19:33:40,10,37,0.62
2026-06-10 19:33:40,10,39,0.65
2026-06-10 19:33:40,64,78,1.3
2026-06-10 19:33:40,105,141,2.35
2026-06-10 19:33:40,200,254,4.23
2026-06-10 19:33:40,468,370,6.17
2026-06-10 19:33:40,192,37,0.62
2026-06-10 19:33:40,439,90,1.5
2026-06-10 19:33:40,128,30,0.5
2026-06-10 19:33:40,214,138,2.3
2026-06-10 19:33:40,202,259,4.32
2026-06-10 19:33:40,33,45,0.75
2026-06-10 19:33:40,193,43,0.72
2026-06-10 19:33:40,121,55,0.92
2026-06-10 19:33:40,201,100,1.67
2026-06-10 19:33:40,12,67,1.12
2026-06-10 19:33:40,71,96,1.6
2026-06-10 19:33:40,491,941,15.68
2026-06-10 19:33:40,119,101,1.68
2026-06-10 19:33:40,170,40,0.67
2026-06-10 19:33:40,170,76,1.27
2026-06-10 19:33:40,36,63,1.05
2026-06-10 19:33:40,28,30,0.5
2026-06-10 19:33:40,106,138,2.3
2026-06-10 19:33:40,218,48,0.8
2026-06-10 19:33:40,203,115,1.92
2026-06-10 19:33:40,777,240,4.0
2026-06-10 19:33:40,74,48,0.8
2026-06-10 19:33:40,74,83,1.38
2026-06-10 19:33:40,164,108,1.8
2026-06-10 19:33:40,97,41,0.68
2026-06-10 19:33:40,20,74,1.23
2026-06-10 19:33:40,160,50,0.83
2026-06-10 19:33:40,81,29,0.48
2026-06-10 19:33:40,164,19,0.32
2026-06-10 19:33:40,140,133,2.22
2026-06-10 19:33:40,218,96,1.6
2026-06-10 19:33:40,95,46,0.77
2026-06-10 19:33:40,48,119,1.98
2026-06-10 19:33:40,86,33,0.55
2026-06-10 19:33:40,68,77,1.28
2026-06-10 19:33:40,18,226,3.77
2026-06-10 19:33:40,28,30,0.5
2026-06-10 19:33:40,31,243,4.05
2026-06-10 19:33:40,34,71,1.18
2026-06-10 19:33:40,141,49,0.82
2026-06-10 19:33:40,44,64,1.07
2026-06-10 19:33:40,166,60,1.0
2026-06-10 19:33:40,43,25,0.42
2026-06-10 19:33:40,183,23,0.38
2026-06-10 19:33:40,165,37,0.62
2026-06-10 19:33:40,35,55,0.92
2026-06-10 19:33:40,18,91,1.52
2026-06-10 19:33:40,189,49,0.82
2026-06-10 19:33:40,186,60,1.0
2026-06-10 19:33:40,205,206,3.43
2026-06-10 19:33:40,71,55,0.92
2026-06-10 19:33:40,215,131,2.18
2026-06-10 19:33:40,24,52,0.87
2026-06-10 19:33:40,209,91,1.52
2026-06-10 19:33:40,69,54,0.9
2026-06-10 19:33:40,48,47,0.78
2026-06-10 19:33:40,121,26,0.43
2026-06-10 19:33:40,186,56,0.93
2026-06-10 19:33:40,26,34,0.57
2026-06-10 19:33:40,202,74,1.23
2026-06-10 19:33:40,165,37,0.62
2026-06-10 19:33:40,131,80,1.33
2026-06-10 19:33:40,57,59,0.98
2026-06-10 19:33:40,125,137,2.28
2026-06-10 19:33:40,207,227,3.78
2026-06-10 19:33:40,187,48,0.8
2026-06-10 19:33:40,26,77,1.28
2026-06-10 19:33:40,211,60,1.0
2026-06-10 19:33:40,176,60,1.0
2026-06-10 19:33:40,100,78,1.3
2026-06-10 19:33:40,747,900,15.0
2026-06-10 19:33:40,138,21,0.35
2026-06-10 19:33:40,67,51,0.85
2026-06-10 19:33:40,141,54,0.9
2026-06-10 19:33:40,193,63,1.05
2026-06-10 19:33:40,94,45,0.75
2026-06-10 19:33:40,114,33,0.55
2026-06-10 19:33:40,108,33,0.55
2026-06-10 19:33:40,103,87,1.45
2026-06-10 19:33:40,211,1020,17.0
2026-06-10 19:33:40,777,300,5.0
2026-06-10 19:33:40,61,37,0.62
2026-06-10 19:33:40,57,117,1.95
2026-06-10 19:33:40,161,215,3.58
2026-06-10 19:33:40,174,26,0.43
2026-06-10 19:33:40,51,47,0.78
2026-06-10 19:33:40,54,32,0.53
2026-06-10 19:33:40,37,37,0.62
2026-06-10 19:33:40,64,102,1.7
2026-06-10 19:33:40,102,142,2.37
2026-06-10 19:33:40,54,43,0.72
2026-06-10 19:33:40,136,66,1.1
2026-06-10 19:33:40,161,39,0.65
2026-06-10 19:33:40,221,120,2.0
2026-06-10 19:33:40,124,125,2.08
2026-06-10 19:33:40,747,203,3.38
2026-06-10 19:33:40,470,51,0.85
2026-06-10 19:33:40,150,236,3.93
2026-06-10 19:33:40,41,53,0.88
2026-06-10 19:33:40,105,141,2.35
2026-06-10 19:33:40,12,47,0.78
2026-06-10 19:33:40,11,14,0.23
2026-06-10 19:33:40,136,17,0.28
2026-06-10 19:33:40,200,71,1.18
2026-06-10 19:33:40,119,16,0.27
2026-06-10 19:33:40,49,121,2.02
2026-06-10 19:33:40,80,52,0.87
2026-06-10 19:33:40,97,155,2.58
2026-06-10 19:33:40,162,33,0.55
2026-06-10 19:33:40,51,39,0.65
2026-06-10 19:33:40,50,66,1.1
2026-06-10 19:33:40,112,45,0.75
2026-06-10 19:33:40,108,47,0.78
2026-06-10 19:33:40,24,25,0.42
2026-06-10 19:33:40,55,57,0.95
2026-06-10 19:33:40,190,158,2.63
2026-06-10 19:33:40,470,1260,21.0
2026-06-10 19:33:40,93,84,1.4
2026-06-10 19:33:40,102,51,0.85
2026-06-10 19:33:40,189,83,1.38
2026-06-10 19:33:40,777,240,4.0
2026-06-10 19:33:40,103,64,1.07
2026-06-10 19:33:40,104,55,0.92
2026-06-10 19:33:40,187,107,1.78
2026-06-10 19:33:40,208,186,3.1
2026-06-10 19:33:40,81,89,1.48
2026-06-10 19:33:40,204,78,1.3
2026-06-10 19:33:40,439,112,1.87
2026-06-10 19:33:40,20,180,3.0
2026-06-10 19:33:40,93,139,2.32
2026-06-10 19:33:40,17,40,0.67
2026-06-10 19:33:40,165,69,1.15
2026-06-10 19:33:40,13,54,0.9
2026-06-10 19:33:40,171,74,1.23
2026-06-10 19:33:40,139,91,1.52
2026-06-10 19:33:40,198,299,4.98
2026-06-10 19:33:40,221,264,4.4
2026-06-10 19:33:40,36,133,2.22
2026-06-10 19:33:40,80,105,1.75
2026-06-10 19:33:40,56,86,1.43
2026-06-10 19:33:40,105,44,0.73
2026-06-10 19:33:40,13,53,0.88
2026-06-10 19:33:40,94,45,0.75
2026-06-10 19:33:40,37,92,1.53
2026-06-10 19:33:40,27,156,2.6
2026-06-10 19:33:40,70,29,0.48
2026-06-10 19:33:40,48,119,1.98
2026-06-10 19:33:40,150,59,0.98
2026-06-10 19:33:40,192,33,0.55
2026-06-10 19:33:40,212,92,1.53
2026-06-10 19:33:40,747,1500,25.0
2026-06-10 19:33:40,177,15,0.25
2026-06-10 19:33:40,160,50,0.83
2026-06-10 19:33:40,201,100,1.67
2026-06-10 19:33:40,197,78,1.3
2026-06-10 19:33:40,90,16,0.27
2026-06-10 19:33:40,166,41,0.68
2026-06-10 19:33:40,176,60,1.0
2026-06-10 19:33:40,41,40,0.67
2026-06-10 19:33:40,203,269,4.48
2026-06-10 19:33:40,106,138,2.3
2026-06-10 19:33:40,94,48,0.8
2026-06-10 19:33:40,129,59,0.98
2026-06-10 19:33:40,131,21,0.35
2026-06-10 19:33:40,496,958,15.97
2026-06-10 19:33:40,215,147,2.45
2026-06-10 19:33:40,171,120,2.0
2026-06-10 19:33:40,92,259,4.32
2026-06-10 19:33:40,172,54,0.9
2026-06-10 19:33:40,162,120,2.0
2026-06-10 19:33:40,206,35,0.58
2026-06-10 19:33:40,205,42,0.7
2026-06-10 19:33:40,44,70,1.17
2026-06-10 19:33:40,214,55,0.92
2026-06-10 19:33:40,18,226,3.77
2026-06-10 19:33:40,140,180,3.0
2026-06-10 19:33:40,67,55,0.92
2026-06-10 19:33:40,66,55,0.92
2026-06-10 19:33:40,112,71,1.18
2026-06-10 19:33:40,144,49,0.82
2026-06-10 19:33:40,36,93,1.55
2026-06-10 19:33:40,61,145,2.42
2026-06-10 19:33:40,56,53,0.88
2026-06-10 19:33:40,141,54,0.9
2026-06-10 19:33:40,68,86,1.43
2026-06-10 19:33:40,141,49,0.82
2026-06-10 19:33:40,496,84,1.4
2026-06-10 19:33:40,449,60,1.0
2026-06-10 19:33:40,209,300,5.0
2026-06-10 19:33:40,95,67,1.12
2026-06-10 19:33:40,144,127,2.12
2026-06-10 19:33:40,185,53,0.88
2026-06-10 19:33:40,22,56,0.93
2026-06-10 19:33:40,128,60,1.0
2026-06-10 19:33:40,170,40,0.67
2026-06-10 19:33:40,100,34,0.57
2026-06-10 19:33:40,10,61,1.02
2026-06-10 19:33:40,103,87,1.45
2026-06-10 19:33:40,172,60,1.0
2026-06-10 19:33:40,105,141,2.35
2026-06-10 19:33:40,107,20,0.33
2026-06-10 19:33:40,106,41,0.68
2026-06-10 19:33:40,97,41,0.68
2026-06-10 19:33:40,79,60,1.0
2026-06-10 19:33:40,32,57,0.95
2026-06-10 19:33:40,22,91,1.52
2026-06-10 19:33:40,208,71,1.18
2026-06-10 19:33:40,32,69,1.15
2026-06-10 19:33:40,66,46,0.77
2026-06-10 19:33:40,168,52,0.87
2026-06-10 19:33:40,51,39,0.65
2026-06-10 19:33:40,55,57,0.95
2026-06-10 19:33:40,127,49,0.82
2026-06-10 19:33:40,25,51,0.85
2026-06-10 19:33:40,64,102,1.7
2026-06-10 19:33:40,811,59,0.98
2026-06-10 19:33:40,211,1020,17.0
2026-06-10 19:33:40,129,71,1.18
2026-06-10 19:33:40,127,110,1.83
2026-06-10 19:33:40,20,74,1.23
2026-06-10 19:33:40,104,21,0.35
2026-06-10 19:33:40,201,42,0.7
2026-06-10 19:33:40,198,109,1.82
2026-06-10 19:33:40,229,53,0.88
2026-06-10 19:33:40,165,69,1.15
2026-06-10 19:33:40,67,60,1.0
2026-06-10 19:33:40,110,32,0.53
2026-06-10 19:33:40,121,26,0.43
2026-06-10 19:33:40,49,121,2.02
2026-06-10 19:33:40,114,62,1.03
2026-06-10 19:33:40,747,900,15.0
2026-06-10 19:33:40,45,26,0.43
2026-06-10 19:33:40,79,84,1.4
2026-06-10 19:33:40,197,60,1.0
2026-06-10 19:33:40,16,119,1.98
2026-06-10 19:33:40,51,67,1.12
2026-06-10 19:33:40,113,71,1.18
2026-06-10 19:33:40,105,141,2.35
2026-06-10 19:33:40,138,69,1.15
2026-06-10 19:33:40,195,181,3.02
2026-06-10 19:33:40,48,47,0.78
2026-06-10 19:33:40,55,57,0.95
2026-06-10 19:33:40,411,75,1.25
2026-06-10 19:33:40,16,15,0.25
2026-06-10 19:33:40,195,143,2.38
2026-06-10 19:33:40,161,39,0.65
2026-06-10 19:33:40,121,55,0.92
2026-06-10 19:33:40,48,119,1.98
2026-06-10 19:33:40,468,60,1.0
2026-06-10 19:33:40,168,67,1.12
2026-06-10 19:33:40,197,78,1.3
2026-06-10 19:33:40,179,19,0.32
2026-06-10 19:33:40,18,114,1.9
2026-06-10 19:33:40,161,245,4.08
2026-06-10 19:33:40,38,81,1.35
2026-06-10 19:33:40,64,78,1.3
2026-06-10 19:33:40,123,25,0.42
2026-06-10 19:33:40,38,360,6.0
2026-06-10 19:33:40,81,29,0.48
2026-06-10 19:33:40,190,33,0.55
2026-06-10 19:33:40,17,78,1.3
2026-06-10 19:33:40,67,55,0.92
2026-06-10 19:33:40,106,138,2.3
2026-06-10 19:33:40,193,63,1.05
2026-06-10 19:33:40,12,67,1.12
2026-06-10 19:33:40,186,60,1.0
2026-06-10 19:33:40,11,55,0.92
2026-06-10 19:33:40,105,44,0.73
2026-06-10 19:33:40,86,47,0.78
2026-06-10 19:33:40,47,101,1.68
2026-06-10 19:33:40,44,64,1.07
2026-06-10 19:33:40,24,59,0.98
2026-06-10 19:33:40,229,149,2.48
2026-06-10 19:33:40,204,68,1.13
2026-06-10 19:33:40,174,360,6.0
2026-06-10 19:33:40,449,463,7.72
2026-06-10 19:33:40,49,60,1.0
2026-06-10 19:33:40,777,300,5.0
2026-06-10 19:33:40,180,115,1.92
2026-06-10 19:33:40,92,49,0.82
2026-06-10 19:33:40,176,60,1.0
2026-06-10 19:33:40,192,37,0.62
2026-06-10 19:33:40,439,90,1.5
2026-06-10 19:33:40,128,30,0.5
2026-06-10 19:33:40,85,67,1.12
2026-06-10 19:33:40,187,107,1.78
2026-06-10 19:33:40,18,226,3.77
2026-06-10 19:33:40,141,54,0.9
2026-06-10 19:33:40,777,181,3.02
2026-06-10 19:33:40,468,370,6.17
2026-06-10 19:33:40,141,49,0.82
2026-06-10 19:33:40,27,46,0.77
2026-06-10 19:33:40,71,96,1.6
2026-06-10 19:33:40,200,254,4.23
2026-06-10 19:33:40,33,45,0.75
2026-06-10 19:33:40,24,25,0.42
2026-06-10 19:33:40,90,75,1.25
2026-06-10 19:33:40,189,103,1.72
2026-06-10 19:33:40,176,60,1.0
2026-06-10 19:33:40,214,138,2.3
2026-06-10 19:33:40,61,37,0.62
2026-06-10 19:33:40,202,74,1.23
2026-06-10 19:33:40,85,43,0.72
2026-06-10 19:33:40,165,69,1.15
2026-06-10 19:33:40,203,115,1.92
2026-06-10 19:33:40,55,186,3.1
2026-06-10 19:33:40,496,958,15.97
2026-06-10 19:33:40,185,72,1.2
2026-06-10 19:33:40,193,43,0.72
2026-06-10 19:33:40,26,34,0.57
2026-06-10 19:33:40,162,38,0.63
2026-06-10 19:33:40,747,900,15.0
2026-06-10 19:33:40,160,50,0.83
2026-06-10 19:33:40,218,48,0.8
2026-06-10 19:33:40,34,42,0.7
2026-06-10 19:33:40,218,96,1.6
2026-06-10 19:33:40,95,46,0.77
2026-06-10 19:33:40,777,240,4.0
2026-06-10 19:33:40,136,66,1.1
2026-06-10 19:33:40,35,75,1.25
2026-06-10 19:33:40,72,29,0.48
2026-06-10 19:33:40,26,77,1.28
2026-06-10 19:33:40,31,243,4.05
2026-06-10 19:33:40,20,180,3.0
2026-06-10 19:33:40,67,60,1.0
2026-06-10 19:33:40,80,105,1.75
2026-06-10 19:33:40,189,49,0.82
2026-06-10 19:33:40,69,54,0.9
2026-06-10 19:33:40,37,37,0.62
2026-06-10 19:33:40,49,121,2.02
2026-06-10 19:33:40,68,77,1.28
2026-06-10 19:33:40,186,56,0.93
2026-06-10 19:33:40,183,19,0.32
2026-06-10 19:33:40,190,158,2.63
2026-06-10 19:33:40,131,80,1.33
2026-06-10 19:33:40,119,16,0.27
2026-06-10 19:33:40,439,112,1.87
2026-06-10 19:33:40,51,39,0.65
2026-06-10 19:33:40,48,119,1.98
2026-06-10 19:33:40,70,240,4.0
2026-06-10 19:33:40,121,55,0.92
2026-06-10 19:33:40,161,39,0.65
2026-06-10 19:33:40,110,201,3.35
2026-06-10 19:33:40,161,245,4.08
2026-06-10 19:33:40,108,33,0.55
2026-06-10 19:33:40,174,26,0.43
2026-06-10 19:33:40,172,60,1.0
2026-06-10 19:33:40,165,37,0.62
2026-06-10 19:33:40,27,156,2.6
2026-06-10 19:33:40,170,76,1.27
2026-06-10 19:33:40,105,141,2.35
2026-06-10 19:33:40,124,125,2.08
2026-06-10 19:33:40,200,71,1.18
2026-06-10 19:33:40,112,45,0.75
2026-06-10 19:33:40,24,59,0.98
2026-06-10 19:33:40,13,54,0.9
2026-06-10 19:33:40,470,1260,21.0
2026-06-10 19:33:40,56,86,1.43
2026-06-10 19:33:40,141,49,0.82
2026-06-10 19:33:40,208,186,3.1
2026-06-10 19:33:40,67,82,1.37
2026-06-10 19:33:40,125,83,1.38
2026-06-10 19:33:40,44,106,1.77
2026-06-10 19:33:40,55,71,1.18
2026-06-10 19:43:41,136,61,1.02
2026-06-10 19:43:41,29,58,0.97
2026-06-10 19:43:41,48,40,0.67
2026-06-10 19:43:41,99,72,1.2
2026-06-10 19:43:41,195,55,0.92
2026-06-10 19:43:41,136,77,1.28
2026-06-10 19:43:41,107,39,0.65
2026-06-10 19:43:41,35,54,0.9
2026-06-10 19:43:41,449,27,0.45
2026-06-10 19:43:41,32,63,1.05
2026-06-10 19:43:41,172,50,0.83
2026-06-10 19:43:41,18,78,1.3
2026-06-10 19:43:41,32,31,0.52
2026-06-10 19:43:41,179,38,0.63
2026-06-10 19:43:41,131,41,0.68
2026-06-10 19:43:41,439,63,1.05
2026-06-10 19:43:41,777,57,0.95
2026-06-10 19:43:41,410,111,1.85
2026-06-10 19:43:41,160,101,1.68
2026-06-10 19:43:41,170,22,0.37
2026-06-10 19:43:41,63,44,0.73
2026-06-10 19:43:41,176,50,0.83
2026-06-10 19:43:41,24,36,0.6
2026-06-10 19:43:41,49,44,0.73
2026-06-10 19:43:41,209,41,0.68
2026-06-10 19:43:41,110,372,6.2
2026-06-10 19:43:41,49,62,1.03
2026-06-10 19:43:41,128,25,0.42
2026-06-10 19:43:41,496,67,1.12
2026-06-10 19:43:41,128,44,0.73
2026-06-10 19:43:41,187,160,2.67
2026-06-10 19:43:41,215,29,0.48
2026-06-10 19:43:41,67,48,0.8
2026-06-10 19:43:41,198,99,1.65
2026-06-10 19:43:41,51,9,0.15
2026-06-10 19:43:41,470,102,1.7
2026-06-10 19:43:41,94,63,1.05
2026-06-10 19:43:41,189,28,0.47
2026-06-10 19:43:41,150,60,1.0
2026-06-10 19:43:41,125,49,0.82
2026-06-10 19:43:41,165,45,0.75
2026-06-10 19:43:41,128,36,0.6
2026-06-10 19:43:41,11,91,1.52
2026-06-10 19:43:41,165,58,0.97
2026-06-10 19:43:41,37,108,1.8
2026-06-10 19:43:41,102,26,0.43
2026-06-10 19:43:41,69,97,1.62
2026-06-10 19:43:41,211,42,0.7
2026-06-10 19:43:41,69,60,1.0
2026-06-10 19:43:41,31,45,0.75
2026-06-10 19:43:41,69,65,1.08
2026-06-10 19:43:41,10,125,2.08
2026-06-10 19:43:41,193,50,0.83
2026-06-10 19:43:41,67,60,1.0
2026-06-10 19:43:41,18,240,4.0
2026-06-10 19:43:41,108,50,0.83
2026-06-10 19:43:41,202,9,0.15
2026-06-10 19:43:41,66,59,0.98
2026-06-10 19:43:41,45,61,1.02
2026-06-10 19:43:41,33,50,0.83
2026-06-10 19:43:41,215,53,0.88
2026-06-10 19:43:41,160,95,1.58
2026-06-10 19:43:41,177,68,1.13
2026-06-10 19:43:41,69,54,0.9
2026-06-10 19:43:41,79,15,0.25
2026-06-10 19:43:41,67,121,2.02
2026-06-10 19:43:41,48,57,0.95
2026-06-10 19:43:41,68,27,0.45
2026-06-10 19:43:41,32,29,0.48
2026-06-10 19:43:41,86,27,0.45
2026-06-10 19:43:41,162,41,0.68
2026-06-10 19:43:41,64,63,1.05
2026-06-10 19:43:41,202,67,1.12
2026-06-10 19:43:41,121,44,0.73
2026-06-10 19:43:41,56,94,1.57
2026-06-10 19:43:41,81,128,2.13
2026-06-10 19:43:41,129,138,2.3
2026-06-10 19:43:41,141,18,0.3
2026-06-10 19:43:41,114,66,1.1
2026-06-10 19:43:41,86,34,0.57
2026-06-10 19:43:41,440,60,1.0
2026-06-10 19:43:41,48,49,0.82
2026-06-10 19:43:41,38,14,0.23
2026-06-10 19:43:41,211,1020,17.0
2026-06-10 19:43:41,121,31,0.52
2026-06-10 19:43:41,63,35,0.58
2026-06-10 19:43:41,179,58,0.97
2026-06-10 19:43:41,55,91,1.52
2026-06-10 19:43:41,105,93,1.55
2026-06-10 19:43:41,480,95,1.58
2026-06-10 19:43:41,51,59,0.98
2026-06-10 19:43:41,166,49,0.82
2026-06-10 19:43:41,747,24,0.4
2026-06-10 19:43:41,12,24,0.4
2026-06-10 19:43:41,121,42,0.7
2026-06-10 19:43:41,18,29,0.48
2026-06-10 19:43:41,24,66,1.1
2026-06-10 19:43:41,18,41,0.68
2026-06-10 19:43:41,57,58,0.97
2026-06-10 19:43:41,35,63,1.05
2026-06-10 19:43:41,18,49,0.82
2026-06-10 19:43:41,44,157,2.62
2026-06-10 19:43:41,32,42,0.7
2026-06-10 19:43:41,56,21,0.35
2026-06-10 19:43:41,11,9,0.15
2026-06-10 19:43:41,124,76,1.27
2026-06-10 19:43:41,200,39,0.65
2026-06-10 19:43:41,104,20,0.33
2026-06-10 19:43:41,119,139,2.32
2026-06-10 19:43:41,161,81,1.35
2026-06-10 19:43:41,24,52,0.87
2026-06-10 19:43:41,67,68,1.13
2026-06-10 19:43:41,41,74,1.23
2026-06-10 19:43:41,105,46,0.77
2026-06-10 19:43:41,187,20,0.33
2026-06-10 19:43:41,165,43,0.72
2026-06-10 19:43:41,90,23,0.38
2026-06-10 19:43:41,119,24,0.4
2026-06-10 19:43:41,193,24,0.4
2026-06-10 19:43:41,110,49,0.82
2026-06-10 19:43:41,13,54,0.9
2026-06-10 19:43:41,211,37,0.62
2026-06-10 19:43:41,203,70,1.17
2026-06-10 19:43:41,92,21,0.35
2026-06-10 19:43:41,121,86,1.43
2026-06-10 19:43:41,449,32,0.53
2026-06-10 19:43:41,61,129,2.15
2026-06-10 19:43:41,55,54,0.9
2026-06-10 19:43:41,192,37,0.62
2026-06-10 19:43:41,439,34,0.57
2026-06-10 19:43:41,139,61,1.02
2026-06-10 19:43:41,136,75,1.25
2026-06-10 19:43:41,747,900,15.0
2026-06-10 19:43:41,68,55,0.92
2026-06-10 19:43:41,50,168,2.8
2026-06-10 19:43:41,141,79,1.32
2026-06-10 19:43:41,198,63,1.05
2026-06-10 19:43:41,11,95,1.58
2026-06-10 19:43:41,200,51,0.85
2026-06-10 19:43:41,108,41,0.68
2026-06-10 19:43:41,144,49,0.82
2026-06-10 19:43:41,80,44,0.73
2026-06-10 19:43:41,439,63,1.05
2026-06-10 19:43:41,44,50,0.83
2026-06-10 19:43:41,51,91,1.52
2026-06-10 19:43:41,747,1484,24.73
2026-06-10 19:43:41,195,49,0.82
2026-06-10 19:43:41,141,98,1.63
2026-06-10 19:43:41,41,29,0.48
2026-06-10 19:43:41,487,59,0.98
2026-06-10 19:43:41,439,61,1.02
2026-06-10 19:43:41,48,48,0.8
2026-06-10 19:43:41,202,56,0.93
2026-06-10 19:43:41,460,68,1.13
2026-06-10 19:43:41,187,25,0.42
2026-06-10 19:43:41,92,69,1.15
2026-06-10 19:43:41,229,180,3.0
2026-06-10 19:43:41,141,28,0.47
2026-06-10 19:43:41,432,33,0.55
2026-06-10 19:43:41,124,80,1.33
2026-06-10 19:43:41,140,32,0.53
2026-06-10 19:43:41,48,122,2.03
2026-06-10 19:43:41,70,123,2.05
2026-06-10 19:43:41,80,77,1.28
2026-06-10 19:43:41,811,65,1.08
2026-06-10 19:43:41,468,58,0.97
2026-06-10 19:43:41,72,27,0.45
2026-06-10 19:43:41,185,49,0.82
2026-06-10 19:43:41,460,221,3.68
2026-06-10 19:43:41,31,73,1.22
2026-06-10 19:43:41,17,40,0.67
2026-06-10 19:43:41,41,79,1.32
2026-06-10 19:43:41,177,70,1.17
2026-06-10 19:43:41,123,29,0.48
2026-06-10 19:43:41,161,59,0.98
2026-06-10 19:43:41,54,58,0.97
2026-06-10 19:43:41,141,43,0.72
2026-06-10 19:43:41,71,54,0.9
2026-06-10 19:43:41,54,62,1.03
2026-06-10 19:43:41,81,32,0.53
2026-06-10 19:43:41,201,27,0.45
2026-06-10 19:43:41,49,26,0.43
2026-06-10 19:43:41,104,96,1.6
2026-06-10 19:43:41,121,49,0.82
2026-06-10 19:43:41,67,80,1.33
2026-06-10 19:43:41,205,48,0.8
2026-06-10 19:43:41,141,138,2.3
2026-06-10 19:43:41,177,120,2.0
2026-06-10 19:43:41,54,180,3.0
2026-06-10 19:43:41,107,42,0.7
2026-06-10 19:43:41,43,68,1.13
2026-06-10 19:43:41,186,26,0.43
2026-06-10 19:43:41,51,43,0.72
2026-06-10 19:43:41,61,72,1.2
2026-06-10 19:43:41,107,76,1.27
2026-06-10 19:43:41,25,37,0.62
2026-06-10 19:43:41,208,56,0.93
2026-06-10 19:43:41,161,42,0.7
2026-06-10 19:43:41,103,39,0.65
2026-06-10 19:43:41,106,62,1.03
2026-06-10 19:43:41,106,41,0.68
2026-06-10 19:43:41,51,48,0.8
2026-06-10 19:43:41,24,56,0.93
2026-06-10 19:43:41,197,63,1.05
2026-06-10 19:43:41,138,78,1.3
2026-06-10 19:43:41,192,59,0.98
2026-06-10 19:43:41,69,68,1.13
2026-06-10 19:43:41,180,60,1.0
2026-06-10 19:43:41,189,27,0.45
2026-06-10 19:43:41,211,55,0.92
2026-06-10 19:43:41,203,31,0.52
2026-06-10 19:43:41,85,58,0.97
2026-06-10 19:43:41,54,22,0.37
2026-06-10 19:43:41,205,21,0.35
2026-06-10 19:43:41,97,9,0.15
2026-06-10 19:43:41,66,29,0.48
2026-06-10 19:43:41,49,53,0.88
2026-06-10 19:43:41,103,74,1.23
2026-06-10 19:43:41,67,86,1.43
2026-06-10 19:43:41,61,59,0.98
2026-06-10 19:43:41,41,39,0.65
2026-06-10 19:43:41,190,24,0.4
2026-06-10 19:43:41,95,60,1.0
2026-06-10 19:43:41,51,18,0.3
2026-06-10 19:43:41,80,43,0.72
2026-06-10 19:43:41,198,64,1.07
2026-06-10 19:43:41,171,25,0.42
2026-06-10 19:43:41,411,156,2.6
2026-06-10 19:43:41,161,57,0.95
2026-06-10 19:43:41,196,45,0.75
2026-06-10 19:43:41,141,44,0.73
2026-06-10 19:43:41,215,89,1.48
2026-06-10 19:43:41,208,39,0.65
2026-06-10 19:43:41,45,42,0.7
2026-06-10 19:43:41,150,34,0.57
2026-06-10 19:43:41,43,25,0.42
2026-06-10 19:43:41,129,66,1.1
2026-06-10 19:43:41,37,40,0.67
2026-06-10 19:43:41,104,105,1.75
2026-06-10 19:43:41,28,120,2.0
2026-06-10 19:43:41,195,55,0.92
2026-06-10 19:43:41,180,79,1.32
2026-06-10 19:43:41,90,36,0.6
2026-06-10 19:43:41,164,34,0.57
2026-06-10 19:43:41,24,43,0.72
2026-06-10 19:43:41,105,54,0.9
2026-06-10 19:43:41,20,114,1.9
2026-06-10 19:43:41,221,34,0.57
2026-06-10 19:43:41,166,48,0.8
2026-06-10 19:43:41,198,23,0.38
2026-06-10 19:43:41,48,89,1.48
2026-06-10 19:43:41,49,57,0.95
2026-06-10 19:43:41,94,140,2.33
2026-06-10 19:43:41,49,141,2.35
2026-06-10 19:43:41,221,20,0.33
2026-06-10 19:43:41,18,180,3.0
2026-06-10 19:43:41,187,44,0.73
2026-06-10 19:43:41,13,42,0.7
2026-06-10 19:43:41,48,45,0.75
2026-06-10 19:43:41,67,79,1.32
2026-06-10 19:43:41,410,41,0.68
2026-06-10 19:43:41,24,186,3.1
2026-06-10 19:43:41,113,52,0.87
2026-06-10 19:43:41,103,47,0.78
2026-06-10 19:43:41,97,50,0.83
2026-06-10 19:43:41,180,146,2.43
2026-06-10 19:43:41,204,29,0.48
2026-06-10 19:43:41,189,57,0.95
2026-06-10 19:43:41,439,53,0.88
2026-06-10 19:43:41,85,58,0.97
2026-06-10 19:43:41,496,84,1.4
2026-06-10 19:43:41,439,132,2.2
2026-06-10 19:43:41,105,141,2.35
2026-06-10 19:43:41,215,54,0.9
2026-06-10 19:43:41,36,103,1.72
2026-06-10 19:43:41,209,91,1.52
2026-06-10 19:43:41,41,53,0.88
2026-06-10 19:43:41,183,24,0.4
2026-06-10 19:43:41,112,49,0.82
2026-06-10 19:43:41,187,48,0.8
2026-06-10 19:43:41,80,365,6.08
2026-06-10 19:43:41,189,49,0.82
2026-06-10 19:43:41,141,26,0.43
2026-06-10 19:43:41,747,900,15.0
2026-06-10 19:43:41,138,21,0.35
2026-06-10 19:43:41,460,143,2.38
2026-06-10 19:43:41,121,66,1.1
2026-06-10 19:43:41,136,66,1.1
2026-06-10 19:43:41,93,72,1.2
2026-06-10 19:43:41,747,1518,25.3
2026-06-10 19:43:41,38,92,1.53
2026-06-10 19:43:41,10,78,1.3
2026-06-10 19:43:41,28,32,0.53
2026-06-10 19:43:41,204,59,0.98
2026-06-10 19:43:41,144,45,0.75
2026-06-10 19:43:41,35,57,0.95
2026-06-10 19:43:41,139,57,0.95
2026-06-10 19:43:41,121,42,0.7
2026-06-10 19:43:41,230,147,2.45
2026-06-10 19:43:41,225,25,0.42
2026-06-10 19:43:41,85,43,0.72
2026-06-10 19:43:41,90,120,2.0
2026-06-10 19:43:41,47,69,1.15
2026-06-10 19:43:41,162,77,1.28
2026-06-10 19:43:41,411,120,2.0
2026-06-10 19:43:41,123,30,0.5
2026-06-10 19:43:41,33,45,0.75
2026-06-10 19:43:41,106,42,0.7
2026-06-10 19:43:41,49,20,0.33
2026-06-10 19:43:41,211,83,1.38
2026-06-10 19:43:41,79,40,0.67
2026-06-10 19:43:41,33,38,0.63
2026-06-10 19:43:41,197,40,0.67
2026-06-10 19:43:41,33,59,0.98
2026-06-10 19:43:41,55,54,0.9
2026-06-10 19:43:41,20,180,3.0
2026-06-10 19:43:41,491,941,15.68
2026-06-10 19:43:41,36,52,0.87
2026-06-10 19:43:41,112,26,0.43
2026-06-10 19:43:41,165,49,0.82
2026-06-10 19:43:41,95,46,0.77
2026-06-10 19:43:41,174,87,1.45
2026-06-10 19:43:41,17,41,0.68
2026-06-10 19:43:41,161,78,1.3
2026-06-10 19:43:41,138,57,0.95
2026-06-10 19:43:41,93,108,1.8
2026-06-10 19:43:41,97,155,2.58
2026-06-10 19:43:41,36,102,1.7
2026-06-10 19:43:41,211,102,1.7
2026-06-10 19:43:41,193,48,0.8
2026-06-10 19:43:41,439,93,1.55
2026-06-10 19:43:41,496,73,1.22
2026-06-10 19:43:41,209,66,1.1
2026-06-10 19:43:41,209,43,0.72
2026-06-10 19:43:41,168,10,0.17
2026-06-10 19:43:41,114,63,1.05
2026-06-10 19:43:41,27,21,0.35
2026-06-10 19:43:41,51,62,1.03
2026-06-10 19:43:41,121,101,1.68
2026-06-10 19:43:41,171,28,0.47
2026-06-10 19:43:41,139,33,0.55
2026-06-10 19:43:41,14,49,0.82
2026-06-10 19:43:41,55,69,1.15
2026-06-10 19:43:41,110,38,0.63
2026-06-10 19:43:41,168,16,0.27
2026-06-10 19:43:41,179,55,0.92
2026-06-10 19:43:41,68,26,0.43
2026-06-10 19:43:41,164,47,0.78
2026-06-10 19:43:41,29,32,0.53
2026-06-10 19:43:41,165,33,0.55
2026-06-10 19:43:41,90,126,2.1
2026-06-10 19:43:41,112,37,0.62
2026-06-10 19:43:41,18,66,1.1
2026-06-10 19:43:41,129,72,1.2
2026-06-10 19:43:41,110,45,0.75
2026-06-10 19:43:41,470,57,0.95
2026-06-10 19:43:41,161,49,0.82
2026-06-10 19:43:41,102,127,2.12
2026-06-10 19:43:41,196,23,0.38
2026-06-10 19:43:41,113,47,0.78
2026-06-10 19:43:41,460,235,3.92
2026-06-10 19:43:41,124,66,1.1
2026-06-10 19:43:41,18,39,0.65
2026-06-10 19:43:41,197,47,0.78
2026-06-10 19:43:41,12,64,1.07
2026-06-10 19:43:41,206,34,0.57
2026-06-10 19:43:41,43,24,0.4
2026-06-10 19:43:41,420,41,0.68
2026-06-10 19:43:41,20,100,1.67
2026-06-10 19:43:41,164,19,0.32
2026-06-10 19:43:41,100,19,0.32
2026-06-10 19:43:41,33,26,0.43
2026-06-10 19:43:41,22,55,0.92
2026-06-10 19:43:41,439,101,1.68
2026-06-10 19:43:41,211,136,2.27
2026-06-10 19:43:41,496,142,2.37
2026-06-10 19:43:41,170,27,0.45
2026-06-10 19:43:41,41,48,0.8
2026-06-10 19:43:41,204,68,1.13
2026-06-10 19:43:41,186,67,1.12
2026-06-10 19:43:41,90,35,0.58
2026-06-10 19:43:41,190,117,1.95
2026-06-10 19:43:41,92,55,0.92
2026-06-10 19:43:41,25,70,1.17
2026-06-10 19:43:41,16,26,0.43
2026-06-10 19:43:41,165,64,1.07
2026-06-10 19:43:41,439,228,3.8
2026-06-10 19:43:41,139,18,0.3
2026-06-10 19:43:41,119,31,0.52
2026-06-10 19:43:41,131,44,0.73
2026-06-10 19:43:41,172,84,1.4
2026-06-10 19:43:41,43,44,0.73
2026-06-10 19:43:41,190,60,1.0
2026-06-10 19:43:41,12,36,0.6
2026-06-10 19:43:41,430,51,0.85
2026-06-10 19:43:41,208,39,0.65
2026-06-10 19:43:41,16,38,0.63
2026-06-10 19:43:41,211,60,1.0
2026-06-10 19:43:41,202,74,1.23
2026-06-10 19:43:41,172,54,0.9
2026-06-10 19:43:41,34,71,1.18
2026-06-10 19:43:41,189,83,1.38
2026-06-10 19:43:41,113,46,0.77
2026-06-10 19:43:41,36,78,1.3
2026-06-10 19:43:41,206,50,0.83
2026-06-10 19:43:41,86,35,0.58
2026-06-10 19:43:41,141,54,0.9
2026-06-10 19:43:41,123,25,0.42
2026-06-10 19:43:41,107,19,0.32
2026-06-10 19:43:41,67,51,0.85
2026-06-10 19:43:41,114,33,0.55
2026-06-10 19:43:41,201,82,1.37
2026-06-10 19:43:41,129,35,0.58
2026-06-10 19:43:41,468,54,0.9
2026-06-10 19:43:41,69,45,0.75
2026-06-10 19:43:41,71,96,1.6
2026-06-10 19:43:41,439,173,2.88
2026-06-10 19:43:41,141,49,0.82
2026-06-10 19:43:41,36,92,1.53
2026-06-10 19:43:41,161,39,0.65
2026-06-10 19:43:41,165,37,0.62
2026-06-10 19:43:41,207,169,2.82
2026-06-10 19:43:41,51,67,1.12
2026-06-10 19:43:41,165,37,0.62
2026-06-10 19:43:41,79,60,1.0
2026-06-10 19:43:41,48,119,1.98
2026-06-10 19:43:41,124,60,1.0
2026-06-10 19:43:41,79,84,1.4
2026-06-10 19:43:41,211,1020,17.0
2026-06-10 19:43:41,172,60,1.0
2026-06-10 19:43:41,81,29,0.48
2026-06-10 19:43:41,777,240,4.0
2026-06-10 19:43:41,747,947,15.78
2026-06-10 19:43:41,54,32,0.53
2026-06-10 19:43:41,55,57,0.95
2026-06-10 19:43:41,100,78,1.3
2026-06-10 19:43:41,11,14,0.23
2026-06-10 19:43:41,230,360,6.0
2026-06-10 19:43:41,105,44,0.73
2026-06-10 19:43:41,203,115,1.92
2026-06-10 19:43:41,72,340,5.67
2026-06-10 19:43:41,106,35,0.58
2026-06-10 19:43:41,140,180,3.0
2026-06-10 19:43:41,449,463,7.72
2026-06-10 19:43:41,165,69,1.15
2026-06-10 19:43:41,129,59,0.98
2026-06-10 19:43:41,198,109,1.82
2026-06-10 19:43:41,200,254,4.23
2026-06-10 19:43:41,92,49,0.82
2026-06-10 19:43:41,26,77,1.28
2026-06-10 19:43:41,93,139,2.32
2026-06-10 19:43:41,41,40,0.67
2026-06-10 19:43:41,93,84,1.4
2026-06-10 19:43:41,125,27,0.45
2026-06-10 19:43:41,61,37,0.62
2026-06-10 19:43:41,176,60,1.0
2026-06-10 19:43:41,71,41,0.68
2026-06-10 19:43:41,179,19,0.32
2026-06-10 19:43:41,165,69,1.15
2026-06-10 19:43:41,108,33,0.55
2026-06-10 19:43:41,104,55,0.92
2026-06-10 19:43:41,97,155,2.58
2026-06-10 19:43:41,174,26,0.43
2026-06-10 19:43:41,136,17,0.28
2026-06-10 19:43:41,26,34,0.57
2026-06-10 19:43:41,54,43,0.72
2026-06-10 19:43:41,102,142,2.37
2026-06-10 19:43:41,128,30,0.5
2026-06-10 19:43:41,10,39,0.65
2026-06-10 19:43:41,95,46,0.77
2026-06-10 19:43:41,128,159,2.65
2026-06-10 19:43:41,162,120,2.0
2026-06-10 19:43:41,125,137,2.28
2026-06-10 19:43:41,55,186,3.1
2026-06-10 19:43:41,189,49,0.82
2026-06-10 19:43:41,67,55,0.92
2026-06-10 19:43:41,195,32,0.53
2026-06-10 19:43:41,26,34,0.57
2026-06-10 19:43:41,747,900,15.0
2026-06-10 19:43:41,747,900,15.0
2026-06-10 19:43:41,747,1500,25.0
2026-06-10 19:43:41,108,47,0.78
2026-06-10 19:43:41,747,1260,21.0
2026-06-10 19:43:41,103,64,1.07
2026-06-10 19:43:41,204,78,1.3
2026-06-10 19:43:41,200,71,1.18
2026-06-10 19:43:41,26,77,1.28
2026-06-10 19:43:41,221,120,2.0
2026-06-10 19:43:41,150,236,3.93
2026-06-10 19:43:41,165,37,0.62
2026-06-10 19:43:41,215,131,2.18
2026-06-10 19:43:41,777,240,4.0
2026-06-10 19:43:41,193,43,0.72
2026-06-10 19:43:41,24,59,0.98
2026-06-10 19:43:41,160,50,0.83
2026-06-10 19:43:41,411,75,1.25
2026-06-10 19:43:41,193,63,1.05
2026-06-10 19:43:41,218,48,0.8
2026-06-10 19:43:41,187,107,1.78
2026-06-10 19:43:41,48,54,0.9
2026-06-10 19:43:41,470,51,0.85
2026-06-10 19:43:41,124,125,2.08
2026-06-10 19:43:41,12,47,0.78
2026-06-10 19:43:41,48,119,1.98
2026-06-10 19:43:41,80,52,0.87
2026-06-10 19:43:41,221,264,4.4
2026-06-10 19:43:41,176,60,1.0
2026-06-10 19:43:41,186,60,1.0
2026-06-10 19:43:41,61,37,0.62
2026-06-10 19:43:41,49,60,1.0
2026-06-10 19:43:41,81,29,0.48
2026-06-10 19:43:41,214,138,2.3
2026-06-10 19:43:41,113,46,0.77
2026-06-10 19:43:41,136,66,1.1
2026-06-10 19:43:41,31,243,4.05
2026-06-10 19:43:41,125,102,1.7
2026-06-10 19:43:41,94,45,0.75
2026-06-10 19:43:41,162,33,0.55
2026-06-10 19:43:41,37,37,0.62
2026-06-10 19:43:41,110,179,2.98
2026-06-10 19:43:41,29,45,0.75
2026-06-10 19:43:41,93,84,1.4
2026-06-10 19:43:41,64,102,1.7
2026-06-10 19:43:41,112,45,0.75
2026-06-10 19:43:41,17,40,0.67
2026-06-10 19:43:41,119,16,0.27
2026-06-10 19:43:41,193,63,1.05
2026-06-10 19:43:41,27,46,0.77
2026-06-10 19:43:41,747,203,3.38
2026-06-10 19:43:41,196,60,1.0
2026-06-10 19:43:41,185,53,0.88
2026-06-10 19:43:41,496,958,15.97
2026-06-10 19:43:41,127,49,0.82
2026-06-10 19:43:41,207,34,0.57
2026-06-10 19:43:41,208,186,3.1
2026-06-10 19:43:41,94,45,0.75
2026-06-10 19:43:41,50,66,1.1
2026-06-10 19:43:41,496,958,15.97
2026-06-10 19:43:41,177,15,0.25
2026-06-10 19:43:41,439,112,1.87
2026-06-10 19:43:41,74,83,1.38
2026-06-10 19:43:41,10,112,1.87
2026-06-10 19:43:41,174,360,6.0
2026-06-10 19:43:41,202,74,1.23
2026-06-10 19:43:41,35,75,1.25
2026-06-10 19:43:41,90,75,1.25
2026-06-10 19:43:41,171,74,1.23
2026-06-10 19:43:41,13,53,0.88
2026-06-10 19:43:41,56,86,1.43
2026-06-10 19:43:41,13,54,0.9
2026-06-10 19:43:41,203,269,4.48
2026-06-10 19:43:41,190,158,2.63
2026-06-10 19:43:41,160,50,0.83
2026-06-10 19:43:41,198,299,4.98
2026-06-10 19:43:41,24,52,0.87
2026-06-10 19:43:41,470,1260,21.0
2026-06-10 19:43:41,102,51,0.85
2026-06-10 19:43:41,56,86,1.43
2026-06-10 19:43:41,180,115,1.92
2026-06-10 19:43:41,180,146,2.43
2026-06-10 19:43:41,777,181,3.02
2026-06-10 19:43:41,108,33,0.55
2026-06-10 19:43:41,221,120,2.0
2026-06-10 19:43:41,24,25,0.42
2026-06-10 19:43:41,24,25,0.42
2026-06-10 19:43:41,49,121,2.02
2026-06-10 19:43:41,20,74,1.23
2026-06-10 19:43:41,192,33,0.55
2026-06-10 19:43:41,94,48,0.8
2026-06-10 19:43:41,28,20,0.33
2026-06-10 19:43:41,86,33,0.55
2026-06-10 19:43:41,139,91,1.52
2026-06-10 19:43:41,141,54,0.9
2026-06-10 19:43:41,121,26,0.43
2026-06-10 19:43:41,205,158,2.63
2026-06-10 19:43:41,121,26,0.43
2026-06-10 19:43:41,85,67,1.12
2026-06-10 19:43:41,90,16,0.27
2026-06-10 19:43:41,223,175,2.92
2026-06-10 19:43:41,201,100,1.67
2026-06-10 19:43:41,161,39,0.65
2026-06-10 19:43:41,123,120,2.0
2026-06-10 19:43:41,81,89,1.48
2026-06-10 19:43:41,187,107,1.78
2026-06-10 19:43:41,206,215,3.58
2026-06-10 19:43:41,411,1140,19.0
2026-06-10 19:43:41,747,158,2.63
2026-06-10 19:43:41,214,55,0.92
2026-06-10 19:43:41,185,53,0.88
2026-06-10 19:43:41,48,47,0.78
2026-06-10 19:43:41,209,300,5.0
2026-06-10 19:43:41,171,120,2.0
2026-06-10 19:43:41,131,21,0.35
2026-06-10 19:43:41,41,40,0.67
2026-06-10 19:43:41,150,236,3.93
2026-06-10 19:43:41,66,55,0.92
2026-06-10 19:43:41,165,69,1.15
2026-06-10 19:43:41,197,78,1.3
2026-06-10 19:43:41,36,133,2.22
2026-06-10 19:43:41,70,29,0.48
2026-06-10 19:43:41,27,156,2.6
2026-06-10 19:43:41,202,259,4.32
2026-06-10 19:43:41,150,236,3.93
2026-06-10 19:43:41,103,87,1.45
2026-06-10 19:43:41,105,141,2.35
2026-06-10 19:43:41,777,300,5.0
2026-06-10 19:43:41,92,259,4.32
2026-06-10 19:43:41,215,147,2.45
2026-06-10 19:43:41,205,42,0.7
2026-06-10 19:43:41,206,35,0.58
2026-06-10 19:43:41,37,92,1.53
2026-06-10 19:43:41,100,34,0.57
2026-06-10 19:43:41,491,73,1.22
2026-06-10 19:43:41,491,941,15.68
2026-06-10 19:43:41,165,37,0.62
2026-06-10 19:43:41,103,87,1.45
2026-06-10 19:43:41,161,184,3.07
2026-06-10 19:43:41,176,60,1.0
2026-06-10 19:43:41,22,56,0.93
2026-06-10 19:43:41,56,53,0.88
2026-06-10 19:43:41,125,137,2.28
2026-06-10 19:43:41,79,60,1.0
2026-06-10 19:43:41,18,226,3.77
2026-06-10 19:43:41,99,100,1.67
2026-06-10 19:43:41,68,86,1.43
2026-06-10 19:43:41,141,49,0.82
2026-06-10 19:43:41,95,67,1.12
2026-06-10 19:43:41,144,127,2.12
2026-06-10 19:43:41,449,60,1.0
2026-06-10 19:43:41,170,40,0.67
2026-06-10 19:43:41,72,29,0.48
2026-06-10 19:43:41,66,46,0.77
2026-06-10 19:43:41,747,900,15.0
2026-06-10 19:43:41,129,59,0.98
2026-06-10 19:43:41,144,49,0.82
2026-06-10 19:43:41,43,73,1.22
2026-06-10 19:43:41,177,49,0.82
2026-06-10 19:43:41,57,67,1.12
2026-06-10 19:43:41,57,59,0.98
2026-06-10 19:43:41,777,240,4.0
2026-06-10 19:43:41,777,181,3.02
2026-06-10 19:43:41,747,1240,20.67
2026-06-10 19:43:41,61,145,2.42
2026-06-10 19:43:41,196,60,1.0
2026-06-10 19:43:41,106,41,0.68
2026-06-10 19:43:41,22,91,1.52
2026-06-10 19:43:41,70,240,4.0
2026-06-10 19:43:41,20,180,3.0
2026-06-10 19:43:41,70,240,4.0
2026-06-10 19:43:41,164,108,1.8
2026-06-10 19:43:41,128,60,1.0
2026-06-10 19:43:41,127,49,0.82
2026-06-10 19:43:41,44,70,1.17
2026-06-10 19:43:41,129,71,1.18
2026-06-10 19:43:41,67,51,0.85
2026-06-10 19:43:41,99,100,1.67
2026-06-10 19:43:41,140,133,2.22
2026-06-10 19:43:41,47,99,1.65
2026-06-10 19:43:41,47,101,1.68
2026-06-10 19:43:41,51,47,0.78
2026-06-10 19:43:41,211,1020,17.0
2026-06-10 19:43:41,162,120,2.0
2026-06-10 19:43:41,80,105,1.75
2026-06-10 19:43:41,10,61,1.02
2026-06-10 19:43:41,777,240,4.0
2026-06-10 19:43:41,104,21,0.35
2026-06-10 19:43:41,208,71,1.18
2026-06-10 19:43:41,127,110,1.83
2026-06-10 19:43:41,230,50,0.83
2026-06-10 19:43:41,51,53,0.88
2026-06-10 19:43:41,18,91,1.52
2026-06-10 19:43:41,138,69,1.15
2026-06-10 19:43:41,141,54,0.9
2026-06-10 19:43:41,16,119,1.98
2026-06-10 19:43:41,114,62,1.03
2026-06-10 19:43:41,107,20,0.33
2026-06-10 19:43:41,170,76,1.27
2026-06-10 19:43:41,16,15,0.25
2026-06-10 19:43:41,32,57,0.95
2026-06-10 19:43:41,27,46,0.77
2026-06-10 19:43:41,34,42,0.7
2026-06-10 19:43:41,67,55,0.92
2026-06-10 19:43:41,168,52,0.87
2026-06-10 19:43:41,197,45,0.75
2026-06-10 19:43:41,79,84,1.4
2026-06-10 19:43:41,45,26,0.43
2026-06-10 19:43:41,112,71,1.18
2026-06-10 19:43:41,189,83,1.38
2026-06-10 19:43:41,190,33,0.55
2026-06-10 19:43:41,150,59,0.98
2026-06-10 19:43:41,32,69,1.15
2026-06-10 19:43:41,201,42,0.7
2026-06-10 19:43:41,57,67,1.12
2026-06-10 19:43:41,24,52,0.87
2026-06-10 19:43:41,168,67,1.12
2026-06-10 19:43:41,38,360,6.0
2026-06-10 19:43:41,113,46,0.77
2026-06-10 19:43:41,411,75,1.25
2026-06-10 19:43:41,25,51,0.85
2026-06-10 19:43:41,17,78,1.3
2026-06-10 19:43:41,38,81,1.35
2026-06-10 19:43:41,35,75,1.25
2026-06-10 19:43:41,449,463,7.72
2026-06-10 19:43:41,177,49,0.82
2026-06-10 19:43:41,198,109,1.82
2026-06-10 19:43:41,110,32,0.53
2026-06-10 19:43:41,230,184,3.07
2026-06-10 19:43:41,468,60,1.0
2026-06-10 19:43:41,165,37,0.62
2026-06-10 19:43:41,64,102,1.7
2026-06-10 19:43:41,165,69,1.15
2026-06-10 19:43:41,119,101,1.68
2026-06-10 19:43:41,50,183,3.05
2026-06-10 19:43:41,11,55,0.92
2026-06-10 19:43:41,195,143,2.38
2026-06-10 19:43:41,496,84,1.4
2026-06-10 19:43:41,195,181,3.02
2026-06-10 19:43:41,204,68,1.13
2026-06-10 19:43:41,55,57,0.95
2026-06-10 19:43:41,172,54,0.9
2026-06-10 19:43:41,97,41,0.68
2026-06-10 19:43:41,136,66,1.1
2026-06-10 19:43:41,110,179,2.98
2026-06-10 19:43:41,123,120,2.0
2026-06-10 19:43:41,47,99,1.65
2026-06-10 19:43:41,747,900,15.0
2026-06-10 19:43:41,105,44,0.73
2026-06-10 19:43:41,49,121,2.02
2026-06-10 19:43:41,179,38,0.63
2026-06-10 19:43:41,180,115,1.92
2026-06-10 19:43:41,206,215,3.58
2026-06-10 19:43:41,36,93,1.55
2026-06-10 19:43:41,86,47,0.78
2026-06-10 19:43:41,124,60,1.0
2026-06-10 19:43:41,49,60,1.0
2026-06-10 19:43:41,411,1140,19.0
2026-06-10 19:43:41,85,43,0.72
2026-06-10 19:43:41,51,39,0.65
2026-06-10 19:43:41,92,36,0.6
2026-06-10 19:43:41,172,60,1.0
2026-06-10 19:43:41,64,78,1.3
2026-06-10 19:43:41,105,141,2.35
2026-06-10 19:43:41,200,254,4.23
2026-06-10 19:43:41,468,370,6.17
2026-06-10 19:43:41,192,37,0.62
2026-06-10 19:43:41,439,90,1.5
2026-06-10 19:43:41,128,30,0.5
2026-06-10 19:43:41,214,138,2.3
2026-06-10 19:43:41,202,259,4.32
2026-06-10 19:43:41,33,45,0.75
2026-06-10 19:43:41,193,43,0.72
2026-06-10 19:43:41,121,55,0.92
2026-06-10 19:43:41,12,67,1.12
2026-06-10 19:43:41,71,96,1.6
2026-06-10 19:43:41,491,941,15.68
2026-06-10 19:43:41,119,101,1.68
2026-06-10 19:43:41,170,76,1.27
2026-06-10 19:43:41,28,30,0.5
2026-06-10 19:43:41,106,138,2.3
2026-06-10 19:43:41,218,48,0.8
2026-06-10 19:43:41,203,115,1.92
2026-06-10 19:43:41,777,240,4.0
2026-06-10 19:43:41,74,48,0.8
2026-06-10 19:43:41,164,108,1.8
2026-06-10 19:43:41,20,74,1.23
2026-06-10 19:43:41,160,50,0.83
2026-06-10 19:43:41,81,29,0.48
2026-06-10 19:43:41,164,19,0.32
2026-06-10 19:43:41,140,133,2.22
2026-06-10 19:43:41,218,96,1.6
2026-06-10 19:43:41,95,46,0.77
2026-06-10 19:43:41,48,119,1.98
2026-06-10 19:43:41,86,33,0.55
2026-06-10 19:43:41,68,77,1.28
2026-06-10 19:43:41,18,226,3.77
2026-06-10 19:43:41,28,30,0.5
2026-06-10 19:43:41,31,243,4.05
2026-06-10 19:43:41,34,71,1.18
2026-06-10 19:43:41,141,49,0.82
2026-06-10 19:43:41,44,64,1.07
2026-06-10 19:43:41,166,60,1.0
2026-06-10 19:43:41,43,25,0.42
2026-06-10 19:43:41,183,23,0.38
2026-06-10 19:43:41,165,37,0.62
2026-06-10 19:43:41,35,55,0.92
2026-06-10 19:43:41,18,91,1.52
2026-06-10 19:43:41,189,49,0.82
2026-06-10 19:43:41,186,60,1.0
2026-06-10 19:43:41,205,206,3.43
2026-06-10 19:43:41,71,55,0.92
2026-06-10 19:43:41,215,131,2.18
2026-06-10 19:43:41,24,52,0.87
2026-06-10 19:43:41,209,91,1.52
2026-06-10 19:43:41,69,54,0.9
2026-06-10 19:43:41,48,47,0.78
2026-06-10 19:43:41,121,26,0.43
2026-06-10 19:43:41,186,56,0.93
2026-06-10 19:43:41,26,34,0.57
2026-06-10 19:43:41,202,74,1.23
2026-06-10 19:43:41,131,80,1.33
2026-06-10 19:43:41,57,59,0.98
2026-06-10 19:43:41,187,48,0.8
2026-06-10 19:43:41,26,77,1.28
2026-06-10 19:43:41,211,60,1.0
2026-06-10 19:43:41,176,60,1.0
2026-06-10 19:43:41,100,78,1.3
2026-06-10 19:43:41,747,900,15.0
2026-06-10 19:43:41,138,21,0.35
2026-06-10 19:43:41,67,51,0.85
2026-06-10 19:43:41,141,54,0.9
2026-06-10 19:43:41,193,63,1.05
2026-06-10 19:43:41,94,45,0.75
2026-06-10 19:43:41,114,33,0.55
2026-06-10 19:43:41,103,87,1.45
2026-06-10 19:43:41,211,1020,17.0
2026-06-10 19:43:41,777,300,5.0
2026-06-10 19:43:41,61,37,0.62
2026-06-10 19:43:41,57,68,1.13
2026-06-10 19:43:41,161,215,3.58
2026-06-10 19:43:41,174,26,0.43
2026-06-10 19:43:41,51,47,0.78
2026-06-10 19:43:41,54,32,0.53
2026-06-10 19:43:41,37,37,0.62
2026-06-10 19:43:41,64,102,1.7
2026-06-10 19:43:41,102,142,2.37
2026-06-10 19:43:41,54,43,0.72
2026-06-10 19:43:41,136,66,1.1
2026-06-10 19:43:41,161,39,0.65
2026-06-10 19:43:41,124,125,2.08
2026-06-10 19:43:41,747,203,3.38
2026-06-10 19:43:41,470,51,0.85
2026-06-10 19:43:41,41,53,0.88
2026-06-10 19:43:41,105,141,2.35
2026-06-10 19:43:41,12,47,0.78
2026-06-10 19:43:41,11,14,0.23
2026-06-10 19:43:41,136,17,0.28
2026-06-10 19:43:41,200,71,1.18
2026-06-10 19:43:41,119,16,0.27
2026-06-10 19:43:41,49,121,2.02
2026-06-10 19:43:41,80,52,0.87
2026-06-10 19:43:41,97,155,2.58
2026-06-10 19:43:41,162,33,0.55
2026-06-10 19:43:41,51,39,0.65
2026-06-10 19:43:41,50,66,1.1
2026-06-10 19:43:41,112,45,0.75
2026-06-10 19:43:41,108,47,0.78
2026-06-10 19:43:41,24,25,0.42
2026-06-10 19:43:41,55,57,0.95
2026-06-10 19:43:41,190,158,2.63
2026-06-10 19:43:41,470,1260,21.0
2026-06-10 19:43:41,102,51,0.85
2026-06-10 19:43:41,189,83,1.38
2026-06-10 19:43:41,777,240,4.0
2026-06-10 19:43:41,103,64,1.07
2026-06-10 19:43:41,104,55,0.92
2026-06-10 19:43:41,187,107,1.78
2026-06-10 19:43:41,208,186,3.1
2026-06-10 19:43:41,81,89,1.48
2026-06-10 19:43:41,204,78,1.3
2026-06-10 19:43:41,439,112,1.87
2026-06-10 19:43:41,20,180,3.0
2026-06-10 19:43:41,93,139,2.32
2026-06-10 19:43:41,17,40,0.67
2026-06-10 19:43:41,165,69,1.15
2026-06-10 19:43:41,13,54,0.9
2026-06-10 19:43:41,171,74,1.23
2026-06-10 19:43:41,139,91,1.52
2026-06-10 19:43:41,198,299,4.98
2026-06-10 19:43:41,221,264,4.4
2026-06-10 19:43:41,36,133,2.22
2026-06-10 19:43:41,80,105,1.75
2026-06-10 19:43:41,105,44,0.73
2026-06-10 19:43:41,13,53,0.88
2026-06-10 19:43:41,37,92,1.53
2026-06-10 19:43:41,27,156,2.6
2026-06-10 19:43:41,70,29,0.48
2026-06-10 19:43:41,150,59,0.98
2026-06-10 19:43:41,192,33,0.55
2026-06-10 19:43:41,212,92,1.53
2026-06-10 19:43:41,177,15,0.25
2026-06-10 19:43:41,160,50,0.83
2026-06-10 19:43:41,201,100,1.67
2026-06-10 19:43:41,197,78,1.3
2026-06-10 19:43:41,90,16,0.27
2026-06-10 19:43:41,166,41,0.68
2026-06-10 19:43:41,176,60,1.0
2026-06-10 19:43:41,203,269,4.48
2026-06-10 19:43:41,106,138,2.3
2026-06-10 19:43:41,94,48,0.8
2026-06-10 19:43:41,131,21,0.35
2026-06-10 19:43:41,496,958,15.97
2026-06-10 19:43:41,215,147,2.45
2026-06-10 19:43:41,171,120,2.0
2026-06-10 19:43:41,92,259,4.32
2026-06-10 19:43:41,172,54,0.9
2026-06-10 19:43:41,206,35,0.58
2026-06-10 19:43:41,205,42,0.7
2026-06-10 19:43:41,44,70,1.17
2026-06-10 19:43:41,214,55,0.92
2026-06-10 19:43:41,18,226,3.77
2026-06-10 19:43:41,67,55,0.92
2026-06-10 19:43:41,66,55,0.92
2026-06-10 19:43:41,112,71,1.18
2026-06-10 19:43:41,144,49,0.82
2026-06-10 19:43:41,36,93,1.55
2026-06-10 19:43:41,61,145,2.42
2026-06-10 19:43:41,56,53,0.88
2026-06-10 19:43:41,141,54,0.9
2026-06-10 19:43:41,68,86,1.43
2026-06-10 19:43:41,141,49,0.82
2026-06-10 19:43:41,496,84,1.4
2026-06-10 19:43:41,449,60,1.0
2026-06-10 19:43:41,209,300,5.0
2026-06-10 19:43:41,95,67,1.12
2026-06-10 19:43:41,144,127,2.12
2026-06-10 19:43:41,22,56,0.93
2026-06-10 19:43:41,128,60,1.0
2026-06-10 19:43:41,170,40,0.67
2026-06-10 19:43:41,100,34,0.57
2026-06-10 19:43:41,10,61,1.02
2026-06-10 19:43:41,103,87,1.45
2026-06-10 19:43:41,172,60,1.0
2026-06-10 19:43:41,105,141,2.35
2026-06-10 19:43:41,107,20,0.33
2026-06-10 19:43:41,106,41,0.68
2026-06-10 19:43:41,97,41,0.68
2026-06-10 19:43:41,32,57,0.95
2026-06-10 19:43:41,22,91,1.52
2026-06-10 19:43:41,208,71,1.18
2026-06-10 19:43:41,32,69,1.15
2026-06-10 19:43:41,66,46,0.77
2026-06-10 19:43:41,168,52,0.87
2026-06-10 19:43:41,51,39,0.65
2026-06-10 19:43:41,25,51,0.85
2026-06-10 19:43:41,64,102,1.7
2026-06-10 19:43:41,129,71,1.18
2026-06-10 19:43:41,127,110,1.83
2026-06-10 19:43:41,20,74,1.23
2026-06-10 19:43:41,104,21,0.35
2026-06-10 19:43:41,201,42,0.7
2026-06-10 19:43:41,229,53,0.88
2026-06-10 19:43:41,165,69,1.15
2026-06-10 19:43:41,67,60,1.0
2026-06-10 19:43:41,110,32,0.53
2026-06-10 19:43:41,121,26,0.43
2026-06-10 19:43:41,49,121,2.02
2026-06-10 19:43:41,114,62,1.03
2026-06-10 19:43:41,45,26,0.43
2026-06-10 19:43:41,197,60,1.0
2026-06-10 19:43:41,16,119,1.98
2026-06-10 19:43:41,113,71,1.18
2026-06-10 19:43:41,105,141,2.35
2026-06-10 19:43:41,138,69,1.15
2026-06-10 19:43:41,195,181,3.02
2026-06-10 19:43:41,48,47,0.78
2026-06-10 19:43:41,55,57,0.95
2026-06-10 19:43:41,16,15,0.25
2026-06-10 19:43:41,195,143,2.38
2026-06-10 19:43:41,121,55,0.92
2026-06-10 19:43:41,48,119,1.98
2026-06-10 19:43:41,468,60,1.0
2026-06-10 19:43:41,168,67,1.12
2026-06-10 19:43:41,179,19,0.32
2026-06-10 19:43:41,18,114,1.9
2026-06-10 19:43:41,161,245,4.08
2026-06-10 19:43:41,38,81,1.35
2026-06-10 19:43:41,64,78,1.3
2026-06-10 19:43:41,123,25,0.42
2026-06-10 19:43:41,38,360,6.0
2026-06-10 19:43:41,190,33,0.55
2026-06-10 19:43:41,17,78,1.3
2026-06-10 19:43:41,12,67,1.12
2026-06-10 19:43:41,186,60,1.0
2026-06-10 19:43:41,11,55,0.92
2026-06-10 19:43:41,105,44,0.73
2026-06-10 19:43:41,86,47,0.78
2026-06-10 19:43:41,47,101,1.68
2026-06-10 19:43:41,44,64,1.07
2026-06-10 19:43:41,229,149,2.48
2026-06-10 19:43:41,777,300,5.0
2026-06-10 19:43:41,192,37,0.62
2026-06-10 19:43:41,439,90,1.5
2026-06-10 19:43:41,85,67,1.12
2026-06-10 19:43:41,18,226,3.77
2026-06-10 19:43:41,468,370,6.17
2026-06-10 19:43:41,33,45,0.75
2026-06-10 19:43:41,90,75,1.25
2026-06-10 19:43:41,189,103,1.72
2026-06-10 19:43:41,496,958,15.97
2026-06-10 19:43:41,185,72,1.2
2026-06-10 19:43:41,34,42,0.7
2026-06-10 19:43:41,218,96,1.6
2026-06-10 19:43:41,72,29,0.48
2026-06-10 19:43:41,67,60,1.0
2026-06-10 19:43:41,80,105,1.75
2026-06-10 19:43:41,69,54,0.9
2026-06-10 19:43:41,125,45,0.75
2026-06-10 19:43:41,44,30,0.5
2026-06-10 19:43:41,55,32,0.53
2026-06-10 19:53:42,225,44,0.73
2026-06-10 19:53:42,51,60,1.0
2026-06-10 19:53:42,777,29,0.48
2026-06-10 19:53:42,86,42,0.7
2026-06-10 19:53:42,140,35,0.58
2026-06-10 19:53:42,206,57,0.95
2026-06-10 19:53:42,27,47,0.78
2026-06-10 19:53:42,24,60,1.0
2026-06-10 19:53:42,68,27,0.45
2026-06-10 19:53:42,86,43,0.72
2026-06-10 19:53:42,110,28,0.47
2026-06-10 19:53:42,128,42,0.7
2026-06-10 19:53:42,95,26,0.43
2026-06-10 19:53:42,104,91,1.52
2026-06-10 19:53:42,141,21,0.35
2026-06-10 19:53:42,32,85,1.42
2026-06-10 19:53:42,128,84,1.4
2026-06-10 19:53:42,26,36,0.6
2026-06-10 19:53:42,186,14,0.23
2026-06-10 19:53:42,186,38,0.63
2026-06-10 19:53:42,202,18,0.3
2026-06-10 19:53:42,183,53,0.88
2026-06-10 19:53:42,110,65,1.08
2026-06-10 19:53:42,105,96,1.6
2026-06-10 19:53:42,85,63,1.05
2026-06-10 19:53:42,63,127,2.12
2026-06-10 19:53:42,57,28,0.47
2026-06-10 19:53:42,103,26,0.43
2026-06-10 19:53:42,45,37,0.62
2026-06-10 19:53:42,18,78,1.3
2026-06-10 19:53:42,90,37,0.62
2026-06-10 19:53:42,138,70,1.17
2026-06-10 19:53:42,121,26,0.43
2026-06-10 19:53:42,57,67,1.12
2026-06-10 19:53:42,165,79,1.32
2026-06-10 19:53:42,187,48,0.8
2026-06-10 19:53:42,112,33,0.55
2026-06-10 19:53:42,79,39,0.65
2026-06-10 19:53:42,129,82,1.37
2026-06-10 19:53:42,17,71,1.18
2026-06-10 19:53:42,186,41,0.68
2026-06-10 19:53:42,20,74,1.23
2026-06-10 19:53:42,61,50,0.83
2026-06-10 19:53:42,18,53,0.88
2026-06-10 19:53:42,18,47,0.78
2026-06-10 19:53:42,215,53,0.88
2026-06-10 19:53:42,439,33,0.55
2026-06-10 19:53:42,86,32,0.53
2026-06-10 19:53:42,139,38,0.63
2026-06-10 19:53:42,211,62,1.03
2026-06-10 19:53:42,208,30,0.5
2026-06-10 19:53:42,177,15,0.25
2026-06-10 19:53:42,24,56,0.93
2026-06-10 19:53:42,107,20,0.33
2026-06-10 19:53:42,49,41,0.68
2026-06-10 19:53:42,162,27,0.45
2026-06-10 19:53:42,33,30,0.5
2026-06-10 19:53:42,103,45,0.75
2026-06-10 19:53:42,94,57,0.95
2026-06-10 19:53:42,10,91,1.52
2026-06-10 19:53:42,189,38,0.63
2026-06-10 19:53:42,171,58,0.97
2026-06-10 19:53:42,195,55,0.92
2026-06-10 19:53:42,90,75,1.25
2026-06-10 19:53:42,480,142,2.37
2026-06-10 19:53:42,125,45,0.75
2026-06-10 19:53:42,51,97,1.62
2026-06-10 19:53:42,48,37,0.62
2026-06-10 19:53:42,18,43,0.72
2026-06-10 19:53:42,107,24,0.4
2026-06-10 19:53:42,70,26,0.43
2026-06-10 19:53:42,105,46,0.77
2026-06-10 19:53:42,48,228,3.8
2026-06-10 19:53:42,203,47,0.78
2026-06-10 19:53:42,468,38,0.63
2026-06-10 19:53:42,195,35,0.58
2026-06-10 19:53:42,460,34,0.57
2026-06-10 19:53:42,33,34,0.57
2026-06-10 19:53:42,123,25,0.42
2026-06-10 19:53:42,124,88,1.47
2026-06-10 19:53:42,69,104,1.73
2026-06-10 19:53:42,43,27,0.45
2026-06-10 19:53:42,51,48,0.8
2026-06-10 19:53:42,45,60,1.0
2026-06-10 19:53:42,18,99,1.65
2026-06-10 19:53:42,206,62,1.03
2026-06-10 19:53:42,16,15,0.25
2026-06-10 19:53:42,121,45,0.75
2026-06-10 19:53:42,420,59,0.98
2026-06-10 19:53:42,26,39,0.65
2026-06-10 19:53:42,197,28,0.47
2026-06-10 19:53:42,80,92,1.53
2026-06-10 19:53:42,121,71,1.18
2026-06-10 19:53:42,193,23,0.38
2026-06-10 19:53:42,496,44,0.73
2026-06-10 19:53:42,24,95,1.58
2026-06-10 19:53:42,16,119,1.98
2026-06-10 19:53:42,17,36,0.6
2026-06-10 19:53:42,161,49,0.82
2026-06-10 19:53:42,20,108,1.8
2026-06-10 19:53:42,165,59,0.98
2026-06-10 19:53:42,202,64,1.07
2026-06-10 19:53:42,221,48,0.8
2026-06-10 19:53:42,128,30,0.5
2026-06-10 19:53:42,81,34,0.57
2026-06-10 19:53:42,114,64,1.07
2026-06-10 19:53:42,10,66,1.1
2026-06-10 19:53:42,121,51,0.85
2026-06-10 19:53:42,13,54,0.9
2026-06-10 19:53:42,195,42,0.7
2026-06-10 19:53:42,209,30,0.5
2026-06-10 19:53:42,141,60,1.0
2026-06-10 19:53:42,200,43,0.72
2026-06-10 19:53:42,230,46,0.77
2026-06-10 19:53:42,179,61,1.02
2026-06-10 19:53:42,54,112,1.87
2026-06-10 19:53:42,198,20,0.33
2026-06-10 19:53:42,43,36,0.6
2026-06-10 19:53:42,22,52,0.87
2026-06-10 19:53:42,190,50,0.83
2026-06-10 19:53:42,439,54,0.9
2026-06-10 19:53:42,86,72,1.2
2026-06-10 19:53:42,206,168,2.8
2026-06-10 19:53:42,439,84,1.4
2026-06-10 19:53:42,470,91,1.52
2026-06-10 19:53:42,114,44,0.73
2026-06-10 19:53:42,106,40,0.67
2026-06-10 19:53:42,190,18,0.3
2026-06-10 19:53:42,161,46,0.77
2026-06-10 19:53:42,129,40,0.67
2026-06-10 19:53:42,48,219,3.65
2026-06-10 19:53:42,51,36,0.6
2026-06-10 19:53:42,55,36,0.6
2026-06-10 19:53:42,41,20,0.33
2026-06-10 19:53:42,37,28,0.47
2026-06-10 19:53:42,198,81,1.35
2026-06-10 19:53:42,496,50,0.83
2026-06-10 19:53:42,33,23,0.38
2026-06-10 19:53:42,49,47,0.78
2026-06-10 19:53:42,174,480,8.0
2026-06-10 19:53:42,69,45,0.75
2026-06-10 19:53:42,92,19,0.32
2026-06-10 19:53:42,55,51,0.85
2026-06-10 19:53:42,439,132,2.2
2026-06-10 19:53:42,106,85,1.42
2026-06-10 19:53:42,90,66,1.1
2026-06-10 19:53:42,48,51,0.85
2026-06-10 19:53:42,141,69,1.15
2026-06-10 19:53:42,192,21,0.35
2026-06-10 19:53:42,189,34,0.57
2026-06-10 19:53:42,185,32,0.53
2026-06-10 19:53:42,24,81,1.35
2026-06-10 19:53:42,99,33,0.55
2026-06-10 19:53:42,160,44,0.73
2026-06-10 19:53:42,95,30,0.5
2026-06-10 19:53:42,141,56,0.93
2026-06-10 19:53:42,449,55,0.92
2026-06-10 19:53:42,439,105,1.75
2026-06-10 19:53:42,69,35,0.58
2026-06-10 19:53:42,33,38,0.63
2026-06-10 19:53:42,747,840,14.0
2026-06-10 19:53:42,162,70,1.17
2026-06-10 19:53:42,129,57,0.95
2026-06-10 19:53:42,439,182,3.03
2026-06-10 19:53:42,470,70,1.17
2026-06-10 19:53:42,200,52,0.87
2026-06-10 19:53:42,44,21,0.35
2026-06-10 19:53:42,48,43,0.72
2026-06-10 19:53:42,24,76,1.27
2026-06-10 19:53:42,139,92,1.53
2026-06-10 19:53:42,68,22,0.37
2026-06-10 19:53:42,18,44,0.73
2026-06-10 19:53:42,28,21,0.35
2026-06-10 19:53:42,124,20,0.33
2026-06-10 19:53:42,192,57,0.95
2026-06-10 19:53:42,49,62,1.03
2026-06-10 19:53:42,48,214,3.57
2026-06-10 19:53:42,51,60,1.0
2026-06-10 19:53:42,71,51,0.85
2026-06-10 19:53:42,209,37,0.62
2026-06-10 19:53:42,22,46,0.77
2026-06-10 19:53:42,185,30,0.5
2026-06-10 19:53:42,86,43,0.72
2026-06-10 19:53:42,55,30,0.5
2026-06-10 19:53:42,85,50,0.83
2026-06-10 19:53:42,468,60,1.0
2026-06-10 19:53:42,460,220,3.67
2026-06-10 19:53:42,99,32,0.53
2026-06-10 19:53:42,141,27,0.45
2026-06-10 19:53:42,141,31,0.52
2026-06-10 19:53:42,71,18,0.3
2026-06-10 19:53:42,179,38,0.63
2026-06-10 19:53:42,193,73,1.22
2026-06-10 19:53:42,112,44,0.73
2026-06-10 19:53:42,136,62,1.03
2026-06-10 19:53:42,24,58,0.97
2026-06-10 19:53:42,67,90,1.5
2026-06-10 19:53:42,150,67,1.12
2026-06-10 19:53:42,198,65,1.08
2026-06-10 19:53:42,102,50,0.83
2026-06-10 19:53:42,56,35,0.58
2026-06-10 19:53:42,468,50,0.83
2026-06-10 19:53:42,90,23,0.38
2026-06-10 19:53:42,164,40,0.67
2026-06-10 19:53:42,27,60,1.0
2026-06-10 19:53:42,138,32,0.53
2026-06-10 19:53:42,43,43,0.72
2026-06-10 19:53:42,94,53,0.88
2026-06-10 19:53:42,439,112,1.87
2026-06-10 19:53:42,33,48,0.8
2026-06-10 19:53:42,204,201,3.35
2026-06-10 19:53:42,196,20,0.33
2026-06-10 19:53:42,121,101,1.68
2026-06-10 19:53:42,104,46,0.77
2026-06-10 19:53:42,69,118,1.97
2026-06-10 19:53:42,92,64,1.07
2026-06-10 19:53:42,69,80,1.33
2026-06-10 19:53:42,35,58,0.97
2026-06-10 19:53:42,211,23,0.38
2026-06-10 19:53:42,136,43,0.72
2026-06-10 19:53:42,35,30,0.5
2026-06-10 19:53:42,37,90,1.5
2026-06-10 19:53:42,161,54,0.9
2026-06-10 19:53:42,218,60,1.0
2026-06-10 19:53:42,160,87,1.45
2026-06-10 19:53:42,80,70,1.17
2026-06-10 19:53:42,108,23,0.38
2026-06-10 19:53:42,121,38,0.63
2026-06-10 19:53:42,141,36,0.6
2026-06-10 19:53:42,67,48,0.8
2026-06-10 19:53:42,51,72,1.2
2026-06-10 19:53:42,36,58,0.97
2026-06-10 19:53:42,496,216,3.6
2026-06-10 19:53:42,161,47,0.78
2026-06-10 19:53:42,48,44,0.73
2026-06-10 19:53:42,67,77,1.28
2026-06-10 19:53:42,44,70,1.17
2026-06-10 19:53:42,34,38,0.63
2026-06-10 19:53:42,18,65,1.08
2026-06-10 19:53:42,51,43,0.72
2026-06-10 19:53:42,202,135,2.25
2026-06-10 19:53:42,203,64,1.07
2026-06-10 19:53:42,221,22,0.37
2026-06-10 19:53:42,90,39,0.65
2026-06-10 19:53:42,70,29,0.48
2026-06-10 19:53:42,33,51,0.85
2026-06-10 19:53:42,29,27,0.45
2026-06-10 19:53:42,70,240,4.0
2026-06-10 19:53:42,172,44,0.73
2026-06-10 19:53:42,67,62,1.03
2026-06-10 19:53:42,211,187,3.12
2026-06-10 19:53:42,136,100,1.67
2026-06-10 19:53:42,41,93,1.55
2026-06-10 19:53:42,141,44,0.73
2026-06-10 19:53:42,102,28,0.47
2026-06-10 19:53:42,105,86,1.43
2026-06-10 19:53:42,110,29,0.48
2026-06-10 19:53:42,107,22,0.37
2026-06-10 19:53:42,811,15,0.25
2026-06-10 19:53:42,49,36,0.6
2026-06-10 19:53:42,11,55,0.92
2026-06-10 19:53:42,35,88,1.47
2026-06-10 19:53:42,36,61,1.02
2026-06-10 19:53:42,121,81,1.35
2026-06-10 19:53:42,202,29,0.48
2026-06-10 19:53:42,211,36,0.6
2026-06-10 19:53:42,202,85,1.42
2026-06-10 19:53:42,66,60,1.0
2026-06-10 19:53:42,430,21,0.35
2026-06-10 19:53:42,97,83,1.38
2026-06-10 19:53:42,208,36,0.6
2026-06-10 19:53:42,81,31,0.52
2026-06-10 19:53:42,177,28,0.47
2026-06-10 19:53:42,105,38,0.63
2026-06-10 19:53:42,193,24,0.4
2026-06-10 19:53:42,170,72,1.2
2026-06-10 19:53:42,747,245,4.08
2026-06-10 19:53:42,72,12,0.2
2026-06-10 19:53:42,93,23,0.38
2026-06-10 19:53:42,63,23,0.38
2026-06-10 19:53:42,193,55,0.92
2026-06-10 19:53:42,114,62,1.03
2026-06-10 19:53:42,121,56,0.93
2026-06-10 19:53:42,31,52,0.87
2026-06-10 19:53:42,112,48,0.8
2026-06-10 19:53:42,35,56,0.93
2026-06-10 19:53:42,32,153,2.55
2026-06-10 19:53:42,468,37,0.62
2026-06-10 19:53:42,165,115,1.92
2026-06-10 19:53:42,747,854,14.23
2026-06-10 19:53:42,18,145,2.42
2026-06-10 19:53:42,192,22,0.37
2026-06-10 19:53:42,160,73,1.22
2026-06-10 19:53:42,198,41,0.68
2026-06-10 19:53:42,203,135,2.25
2026-06-10 19:53:42,12,55,0.92
2026-06-10 19:53:42,215,241,4.02
2026-06-10 19:53:42,41,53,0.88
2026-06-10 19:53:42,411,77,1.28
2026-06-10 19:53:42,168,89,1.48
2026-06-10 19:53:42,61,40,0.67
2026-06-10 19:53:42,164,34,0.57
2026-06-10 19:53:42,34,18,0.3
2026-06-10 19:53:42,110,26,0.43
2026-06-10 19:53:42,25,101,1.68
2026-06-10 19:53:42,85,7,0.12
2026-06-10 19:53:42,49,34,0.57
2026-06-10 19:53:42,61,55,0.92
2026-06-10 19:53:42,36,49,0.82
2026-06-10 19:53:42,67,68,1.13
2026-06-10 19:53:42,48,57,0.95
2026-06-10 19:53:42,204,80,1.33
2026-06-10 19:53:42,67,85,1.42
2026-06-10 19:53:42,13,122,2.03
2026-06-10 19:53:42,215,52,0.87
2026-06-10 19:53:42,439,97,1.62
2026-06-10 19:53:42,411,41,0.68
2026-06-10 19:53:42,56,107,1.78
2026-06-10 19:53:42,85,51,0.85
2026-06-10 19:53:42,205,55,0.92
2026-06-10 19:53:42,64,80,1.33
2026-06-10 19:53:42,161,49,0.82
2026-06-10 19:53:42,119,83,1.38
2026-06-10 19:53:42,747,1484,24.73
2026-06-10 19:53:42,79,32,0.53
2026-06-10 19:53:42,176,31,0.52
2026-06-10 19:53:42,177,49,0.82
2026-06-10 19:53:42,207,162,2.7
2026-06-10 19:53:42,67,91,1.52
2026-06-10 19:53:42,43,92,1.53
2026-06-10 19:53:42,55,72,1.2
2026-06-10 19:53:42,54,53,0.88
2026-06-10 19:53:42,93,42,0.7
2026-06-10 19:53:42,193,55,0.92
2026-06-10 19:53:42,197,44,0.73
2026-06-10 19:53:42,161,70,1.17
2026-06-10 19:53:42,449,31,0.52
2026-06-10 19:53:42,215,323,5.38
2026-06-10 19:53:42,38,137,2.28
2026-06-10 19:53:42,165,108,1.8
2026-06-10 19:53:42,150,104,1.73
2026-06-10 19:53:42,487,66,1.1
2026-06-10 19:53:42,439,21,0.35
2026-06-10 19:53:42,189,29,0.48
2026-06-10 19:53:42,123,25,0.42
2026-06-10 19:53:42,121,101,1.68
2026-06-10 19:53:42,97,39,0.65
2026-06-10 19:53:42,55,46,0.77
2026-06-10 19:53:42,33,57,0.95
2026-06-10 19:53:42,202,28,0.47
2026-06-10 19:53:42,150,31,0.52
2026-06-10 19:53:42,777,240,4.0
2026-06-10 19:53:42,49,103,1.72
2026-06-10 19:53:42,24,97,1.62
2026-06-10 19:53:42,128,30,0.5
2026-06-10 19:53:42,214,138,2.3
2026-06-10 19:53:42,64,102,1.7
2026-06-10 19:53:42,32,57,0.95
2026-06-10 19:53:42,180,115,1.92
2026-06-10 19:53:42,468,60,1.0
2026-06-10 19:53:42,20,180,3.0
2026-06-10 19:53:42,777,240,4.0
2026-06-10 19:53:42,121,104,1.73
2026-06-10 19:53:42,777,181,3.02
2026-06-10 19:53:42,66,46,0.77
2026-06-10 19:53:42,100,34,0.57
2026-06-10 19:53:42,12,55,0.92
2026-06-10 19:53:42,66,55,0.92
2026-06-10 19:53:42,66,46,0.77
2026-06-10 19:53:42,470,73,1.22
2026-06-10 19:53:42,187,83,1.38
2026-06-10 19:53:42,57,67,1.12
2026-06-10 19:53:42,38,91,1.52
2026-06-10 19:53:42,24,25,0.42
2026-06-10 19:53:42,50,56,0.93
2026-06-10 19:53:42,20,36,0.6
2026-06-10 19:53:42,61,46,0.77
2026-06-10 19:53:42,17,160,2.67
2026-06-10 19:53:42,32,57,0.95
2026-06-10 19:53:42,108,106,1.77
2026-06-10 19:53:42,192,33,0.55
2026-06-10 19:53:42,49,61,1.02
2026-06-10 19:53:42,166,25,0.42
2026-06-10 19:53:42,411,164,2.73
2026-06-10 19:53:42,165,83,1.38
2026-06-10 19:53:42,31,48,0.8
2026-06-10 19:53:42,74,48,0.8
2026-06-10 19:53:42,74,83,1.38
2026-06-10 19:53:42,74,50,0.83
2026-06-10 19:53:42,51,47,0.78
2026-06-10 19:53:42,180,94,1.57
2026-06-10 19:53:42,24,40,0.67
2026-06-10 19:53:42,230,49,0.82
2026-06-10 19:53:42,205,101,1.68
2026-06-10 19:53:42,11,113,1.88
2026-06-10 19:53:42,747,1233,20.55
2026-06-10 19:53:42,208,71,1.18
2026-06-10 19:53:42,439,155,2.58
2026-06-10 19:53:42,218,110,1.83
2026-06-10 19:53:42,140,133,2.22
2026-06-10 19:53:42,165,37,0.62
2026-06-10 19:53:42,36,87,1.45
2026-06-10 19:53:42,460,116,1.93
2026-06-10 19:53:42,205,42,0.7
2026-06-10 19:53:42,174,300,5.0
2026-06-10 19:53:42,49,60,1.0
2026-06-10 19:53:42,411,1080,18.0
2026-06-10 19:53:42,193,63,1.05
2026-06-10 19:53:42,183,19,0.32
2026-06-10 19:53:42,195,143,2.38
2026-06-10 19:53:42,48,47,0.78
2026-06-10 19:53:42,496,958,15.97
2026-06-10 19:53:42,198,109,1.82
2026-06-10 19:53:42,112,71,1.18
2026-06-10 19:53:42,195,181,3.02
2026-06-10 19:53:42,11,55,0.92
2026-06-10 19:53:42,49,121,2.02
2026-06-10 19:53:42,138,69,1.15
2026-06-10 19:53:42,25,51,0.85
2026-06-10 19:53:42,193,63,1.05
2026-06-10 19:53:42,410,19,0.32
2026-06-10 19:53:42,165,45,0.75
2026-06-10 19:53:42,128,35,0.58
2026-06-10 19:53:42,165,37,0.62
2026-06-10 19:53:42,165,69,1.15
2026-06-10 19:53:42,71,55,0.92
2026-06-10 19:53:42,180,146,2.43
2026-06-10 19:53:42,68,86,1.43
2026-06-10 19:53:42,185,53,0.88
2026-06-10 19:53:42,34,42,0.7
2026-06-10 19:53:42,34,71,1.18
2026-06-10 19:53:42,90,16,0.27
2026-06-10 19:53:42,229,90,1.5
2026-06-10 19:53:42,747,881,14.68
2026-06-10 19:53:42,190,158,2.63
2026-06-10 19:53:42,449,64,1.07
2026-06-10 19:53:42,170,158,2.63
2026-06-10 19:53:42,196,60,1.0
2026-06-10 19:53:42,491,139,2.32
2026-06-10 19:53:42,144,127,2.12
2026-06-10 19:53:42,179,19,0.32
2026-06-10 19:53:42,777,240,4.0
2026-06-10 19:53:42,92,36,0.6
2026-06-10 19:53:42,48,119,1.98
2026-06-10 19:53:42,18,226,3.77
2026-06-10 19:53:42,206,215,3.58
2026-06-10 19:53:42,57,59,0.98
2026-06-10 19:53:42,124,60,1.0
2026-06-10 19:53:42,43,59,0.98
2026-06-10 19:53:42,25,51,0.85
2026-06-10 19:53:42,129,71,1.18
2026-06-10 19:53:42,28,25,0.42
2026-06-10 19:53:42,200,71,1.18
2026-06-10 19:53:42,55,36,0.6
2026-06-10 19:53:42,168,55,0.92
2026-06-10 19:53:42,61,145,2.42
2026-06-10 19:53:42,43,37,0.62
2026-06-10 19:53:42,27,156,2.6
2026-06-10 19:53:42,32,69,1.15
2026-06-10 19:53:42,172,60,1.0
2026-06-10 19:53:42,47,82,1.37
2026-06-10 19:53:42,204,78,1.3
2026-06-10 19:53:42,192,37,0.62
2026-06-10 19:53:42,177,49,0.82
2026-06-10 19:53:42,86,47,0.78
2026-06-10 19:53:42,150,59,0.98
2026-06-10 19:53:42,36,93,1.55
2026-06-10 19:53:42,47,99,1.65
2026-06-10 19:53:42,468,370,6.17
2026-06-10 19:53:42,110,32,0.53
2026-06-10 19:53:42,200,254,4.23
2026-06-10 19:53:42,80,105,1.75
2026-06-10 19:53:42,165,37,0.62
2026-06-10 19:53:42,174,360,6.0
2026-06-10 19:53:42,47,84,1.4
2026-06-10 19:53:42,439,90,1.5
2026-06-10 19:53:42,55,57,0.95
2026-06-10 19:53:42,113,71,1.18
2026-06-10 19:53:42,54,32,0.53
2026-06-10 19:53:42,12,47,0.78
2026-06-10 19:53:42,16,119,1.98
2026-06-10 19:53:42,150,236,3.93
2026-06-10 19:53:42,36,93,1.55
2026-06-10 19:53:42,71,96,1.6
2026-06-10 19:53:42,218,48,0.8
2026-06-10 19:53:42,747,158,2.63
2026-06-10 19:53:42,747,900,15.0
2026-06-10 19:53:42,203,115,1.92
2026-06-10 19:53:42,193,43,0.72
2026-06-10 19:53:42,33,45,0.75
2026-06-10 19:53:42,449,463,7.72
2026-06-10 19:53:42,103,87,1.45
2026-06-10 19:53:42,187,107,1.78
2026-06-10 19:53:42,180,95,1.58
2026-06-10 19:53:42,195,181,3.02
2026-06-10 19:53:42,64,102,1.7
2026-06-10 19:53:42,18,226,3.77
2026-06-10 19:53:42,125,120,2.0
2026-06-10 19:53:42,20,74,1.23
2026-06-10 19:53:42,110,32,0.53
2026-06-10 19:53:42,206,35,0.58
2026-06-10 19:53:42,49,121,2.02
2026-06-10 19:53:42,119,101,1.68
2026-06-10 19:53:42,187,107,1.78
2026-06-10 19:53:42,215,131,2.18
2026-06-10 19:53:42,185,72,1.2
2026-06-10 19:53:42,48,119,1.98
2026-06-10 19:53:42,104,21,0.35
2026-06-10 19:53:42,10,61,1.02
2026-06-10 19:53:42,197,60,1.0
2026-06-10 19:53:42,10,39,0.65
2026-06-10 19:53:42,107,20,0.33
2026-06-10 19:53:42,110,179,2.98
2026-06-10 19:53:42,201,100,1.67
2026-06-10 19:53:42,28,20,0.33
2026-06-10 19:53:42,160,50,0.83
2026-06-10 19:53:42,64,78,1.3
2026-06-10 19:53:42,164,19,0.32
2026-06-10 19:53:42,777,181,3.02
2026-06-10 19:53:42,218,96,1.6
2026-06-10 19:53:42,34,71,1.18
2026-06-10 19:53:42,95,46,0.77
2026-06-10 19:53:42,35,75,1.25
2026-06-10 19:53:42,166,60,1.0
2026-06-10 19:53:42,43,25,0.42
2026-06-10 19:53:42,125,24,0.4
2026-06-10 19:53:42,439,112,1.87
2026-06-10 19:53:42,166,41,0.68
2026-06-10 19:53:42,69,54,0.9
2026-06-10 19:53:42,198,299,4.98
2026-06-10 19:53:42,49,121,2.02
2026-06-10 19:53:42,141,49,0.82
2026-06-10 19:53:42,35,55,0.92
2026-06-10 19:53:42,55,186,3.1
2026-06-10 19:53:42,68,77,1.28
2026-06-10 19:53:42,31,208,3.47
2026-06-10 19:53:42,205,206,3.43
2026-06-10 19:53:42,51,39,0.65
2026-06-10 19:53:42,131,80,1.33
2026-06-10 19:53:42,12,67,1.12
2026-06-10 19:53:42,45,26,0.43
2026-06-10 19:53:42,48,142,2.37
2026-06-10 19:53:42,165,69,1.15
2026-06-10 19:53:42,55,186,3.1
2026-06-10 19:53:42,229,53,0.88
2026-06-10 19:53:42,48,47,0.78
2026-06-10 19:53:42,121,26,0.43
2026-06-10 19:53:42,105,141,2.35
2026-06-10 19:53:42,97,41,0.68
2026-06-10 19:53:42,113,46,0.77
2026-06-10 19:53:42,202,259,4.32
2026-06-10 19:53:42,90,75,1.25
2026-06-10 19:53:42,106,115,1.92
2026-06-10 19:53:42,186,56,0.93
2026-06-10 19:53:42,121,55,0.92
2026-06-10 19:53:42,55,57,0.95
2026-06-10 19:53:42,211,1020,17.0
2026-06-10 19:53:42,496,84,1.4
2026-06-10 19:53:42,105,141,2.35
2026-06-10 19:53:42,209,91,1.52
2026-06-10 19:53:42,41,53,0.88
2026-06-10 19:53:42,187,48,0.8
2026-06-10 19:53:42,189,49,0.82
2026-06-10 19:53:42,138,21,0.35
2026-06-10 19:53:42,136,66,1.1
2026-06-10 19:53:42,211,60,1.0
2026-06-10 19:53:42,202,74,1.23
2026-06-10 19:53:42,172,54,0.9
2026-06-10 19:53:42,189,83,1.38
2026-06-10 19:53:42,113,46,0.77
2026-06-10 19:53:42,141,54,0.9
2026-06-10 19:53:42,123,25,0.42
2026-06-10 19:53:42,67,51,0.85
2026-06-10 19:53:42,114,33,0.55
2026-06-10 19:53:42,161,41,0.68
2026-06-10 19:53:42,51,67,1.12
2026-06-10 19:53:42,165,37,0.62
2026-06-10 19:53:42,79,60,1.0
2026-06-10 19:53:42,124,60,1.0
2026-06-10 19:53:42,79,84,1.4
2026-06-10 19:53:42,211,1020,17.0
2026-06-10 19:53:42,172,60,1.0
2026-06-10 19:53:42,81,29,0.48
2026-06-10 19:53:42,54,32,0.53
2026-06-10 19:53:42,55,57,0.95
2026-06-10 19:53:42,100,78,1.3
2026-06-10 19:53:42,11,14,0.23
2026-06-10 19:53:42,105,44,0.73
2026-06-10 19:53:42,140,180,3.0
2026-06-10 19:53:42,129,59,0.98
2026-06-10 19:53:42,198,109,1.82
2026-06-10 19:53:42,93,139,2.32
2026-06-10 19:53:42,41,40,0.67
2026-06-10 19:53:42,93,84,1.4
2026-06-10 19:53:42,71,41,0.68
2026-06-10 19:53:42,179,19,0.32
2026-06-10 19:53:42,165,69,1.15
2026-06-10 19:53:42,108,33,0.55
2026-06-10 19:53:42,104,55,0.92
2026-06-10 19:53:42,97,155,2.58
2026-06-10 19:53:42,174,26,0.43
2026-06-10 19:53:42,136,17,0.28
2026-06-10 19:53:42,26,34,0.57
2026-06-10 19:53:42,54,43,0.72
2026-06-10 19:53:42,102,142,2.37
2026-06-10 19:53:42,10,39,0.65
2026-06-10 19:53:42,162,120,2.0
2026-06-10 19:53:42,125,137,2.28
2026-06-10 19:53:42,67,55,0.92
2026-06-10 19:53:42,747,900,15.0
2026-06-10 19:53:42,108,47,0.78
2026-06-10 19:53:42,747,1260,21.0
2026-06-10 19:53:42,103,64,1.07
2026-06-10 19:53:42,204,78,1.3
2026-06-10 19:53:42,200,71,1.18
2026-06-10 19:53:42,26,77,1.28
2026-06-10 19:53:42,221,120,2.0
2026-06-10 19:53:42,165,37,0.62
2026-06-10 19:53:42,411,75,1.25
2026-06-10 19:53:42,470,51,0.85
2026-06-10 19:53:42,124,125,2.08
2026-06-10 19:53:42,12,47,0.78
2026-06-10 19:53:42,48,119,1.98
2026-06-10 19:53:42,80,52,0.87
2026-06-10 19:53:42,221,264,4.4
2026-06-10 19:53:42,176,60,1.0
2026-06-10 19:53:42,186,60,1.0
2026-06-10 19:53:42,61,37,0.62
2026-06-10 19:53:42,125,102,1.7
2026-06-10 19:53:42,162,33,0.55
2026-06-10 19:53:42,37,37,0.62
2026-06-10 19:53:42,110,179,2.98
2026-06-10 19:53:42,29,45,0.75
2026-06-10 19:53:42,93,84,1.4
2026-06-10 19:53:42,64,102,1.7
2026-06-10 19:53:42,112,45,0.75
2026-06-10 19:53:42,17,40,0.67
2026-06-10 19:53:42,119,16,0.27
2026-06-10 19:53:42,185,53,0.88
2026-06-10 19:53:42,496,958,15.97
2026-06-10 19:53:42,127,49,0.82
2026-06-10 19:53:42,207,34,0.57
2026-06-10 19:53:42,208,186,3.1
2026-06-10 19:53:42,94,45,0.75
2026-06-10 19:53:42,50,66,1.1
2026-06-10 19:53:42,496,958,15.97
2026-06-10 19:53:42,177,15,0.25
2026-06-10 19:53:42,439,112,1.87
2026-06-10 19:53:42,171,74,1.23
2026-06-10 19:53:42,13,53,0.88
2026-06-10 19:53:42,56,86,1.43
2026-06-10 19:53:42,13,54,0.9
2026-06-10 19:53:42,203,269,4.48
2026-06-10 19:53:42,190,158,2.63
2026-06-10 19:53:42,160,50,0.83
2026-06-10 19:53:42,24,52,0.87
2026-06-10 19:53:42,470,1260,21.0
2026-06-10 19:53:42,102,51,0.85
2026-06-10 19:53:42,56,86,1.43
2026-06-10 19:53:42,180,146,2.43
2026-06-10 19:53:42,108,33,0.55
2026-06-10 19:53:42,221,120,2.0
2026-06-10 19:53:42,24,25,0.42
2026-06-10 19:53:42,49,121,2.02
2026-06-10 19:53:42,20,74,1.23
2026-06-10 19:53:42,192,33,0.55
2026-06-10 19:53:42,94,48,0.8
2026-06-10 19:53:42,86,33,0.55
2026-06-10 19:53:42,139,91,1.52
2026-06-10 19:53:42,121,26,0.43
2026-06-10 19:53:42,85,67,1.12
2026-06-10 19:53:42,90,16,0.27
2026-06-10 19:53:42,201,100,1.67
2026-06-10 19:53:42,161,39,0.65
2026-06-10 19:53:42,123,120,2.0
2026-06-10 19:53:42,81,89,1.48
2026-06-10 19:53:42,187,107,1.78
2026-06-10 19:53:42,747,158,2.63
2026-06-10 19:53:42,214,55,0.92
2026-06-10 19:53:42,48,47,0.78
2026-06-10 19:53:42,209,300,5.0
2026-06-10 19:53:42,171,120,2.0
2026-06-10 19:53:42,131,21,0.35
2026-06-10 19:53:42,41,40,0.67
2026-06-10 19:53:42,150,236,3.93
2026-06-10 19:53:42,66,55,0.92
2026-06-10 19:53:42,165,69,1.15
2026-06-10 19:53:42,197,78,1.3
2026-06-10 19:53:42,36,133,2.22
2026-06-10 19:53:42,70,29,0.48
2026-06-10 19:53:42,27,156,2.6
2026-06-10 19:53:42,105,141,2.35
2026-06-10 19:53:42,777,300,5.0
2026-06-10 19:53:42,92,259,4.32
2026-06-10 19:53:42,215,147,2.45
2026-06-10 19:53:42,205,42,0.7
2026-06-10 19:53:42,206,35,0.58
2026-06-10 19:53:42,37,92,1.53
2026-06-10 19:53:42,100,34,0.57
2026-06-10 19:53:42,491,73,1.22
2026-06-10 19:53:42,103,87,1.45
2026-06-10 19:53:42,161,184,3.07
2026-06-10 19:53:42,176,60,1.0
2026-06-10 19:53:42,22,56,0.93
2026-06-10 19:53:42,56,53,0.88
2026-06-10 19:53:42,125,137,2.28
2026-06-10 19:53:42,79,60,1.0
2026-06-10 19:53:42,18,226,3.77
2026-06-10 19:53:42,99,100,1.67
2026-06-10 19:53:42,68,86,1.43
2026-06-10 19:53:42,141,49,0.82
2026-06-10 19:53:42,95,67,1.12
2026-06-10 19:53:42,144,127,2.12
2026-06-10 19:53:42,449,60,1.0
2026-06-10 19:53:42,170,40,0.67
2026-06-10 19:53:42,72,29,0.48
2026-06-10 19:53:42,747,900,15.0
2026-06-10 19:53:42,129,59,0.98
2026-06-10 19:53:42,144,49,0.82
2026-06-10 19:53:42,43,55,0.92
2026-06-10 19:53:42,57,59,0.98
2026-06-10 19:53:42,61,145,2.42
2026-06-10 19:53:42,196,60,1.0
2026-06-10 19:53:42,106,41,0.68
2026-06-10 19:53:42,22,91,1.52
2026-06-10 19:53:42,20,180,3.0
2026-06-10 19:53:42,70,240,4.0
2026-06-10 19:53:42,164,108,1.8
2026-06-10 19:53:42,128,60,1.0
2026-06-10 19:53:42,127,49,0.82
2026-06-10 19:53:42,44,70,1.17
2026-06-10 19:53:42,129,71,1.18
2026-06-10 19:53:42,67,51,0.85
2026-06-10 19:53:42,47,101,1.68
2026-06-10 19:53:42,51,47,0.78
2026-06-10 19:53:42,211,1020,17.0
2026-06-10 19:53:42,162,120,2.0
2026-06-10 19:53:42,80,105,1.75
2026-06-10 19:53:42,10,61,1.02
2026-06-10 19:53:42,777,240,4.0
2026-06-10 19:53:42,104,21,0.35
2026-06-10 19:53:42,208,71,1.18
2026-06-10 19:53:42,127,110,1.83
2026-06-10 19:53:42,230,50,0.83
2026-06-10 19:53:42,18,91,1.52
2026-06-10 19:53:42,138,69,1.15
2026-06-10 19:53:42,141,54,0.9
2026-06-10 19:53:42,114,62,1.03
2026-06-10 19:53:42,107,20,0.33
2026-06-10 19:53:42,170,76,1.27
2026-06-10 19:53:42,16,15,0.25
2026-06-10 19:53:42,32,57,0.95
2026-06-10 19:53:42,27,46,0.77
2026-06-10 19:53:42,34,42,0.7
2026-06-10 19:53:42,67,55,0.92
2026-06-10 19:53:42,168,52,0.87
2026-06-10 19:53:42,197,45,0.75
2026-06-10 19:53:42,79,84,1.4
2026-06-10 19:53:42,45,26,0.43
2026-06-10 19:53:42,112,71,1.18
2026-06-10 19:53:42,189,83,1.38
2026-06-10 19:53:42,190,33,0.55
2026-06-10 19:53:42,150,59,0.98
2026-06-10 19:53:42,32,69,1.15
2026-06-10 19:53:42,201,42,0.7
2026-06-10 19:53:42,57,67,1.12
2026-06-10 19:53:42,24,52,0.87
2026-06-10 19:53:42,168,67,1.12
2026-06-10 19:53:42,38,360,6.0
2026-06-10 19:53:42,113,46,0.77
2026-06-10 19:53:42,411,75,1.25
2026-06-10 19:53:42,25,51,0.85
2026-06-10 19:53:42,17,78,1.3
2026-06-10 19:53:42,38,81,1.35
2026-06-10 19:53:42,35,75,1.25
2026-06-10 19:53:42,449,463,7.72
2026-06-10 19:53:42,177,49,0.82
2026-06-10 19:53:42,198,109,1.82
2026-06-10 19:53:42,110,32,0.53
2026-06-10 19:53:42,230,184,3.07
2026-06-10 19:53:42,468,60,1.0
2026-06-10 19:53:42,64,102,1.7
2026-06-10 19:53:42,165,69,1.15
2026-06-10 19:53:42,11,55,0.92
2026-06-10 19:53:42,195,143,2.38
2026-06-10 19:53:42,496,84,1.4
2026-06-10 19:53:42,195,181,3.02
2026-06-10 19:53:42,204,68,1.13
2026-06-10 19:53:42,55,57,0.95
2026-06-10 19:53:42,172,54,0.9
2026-06-10 19:53:42,97,41,0.68
2026-06-10 19:53:42,136,66,1.1
2026-06-10 19:53:42,123,120,2.0
2026-06-10 19:53:42,47,99,1.65
2026-06-10 19:53:42,747,900,15.0
2026-06-10 19:53:42,105,44,0.73
2026-06-10 19:53:42,49,121,2.02
2026-06-10 19:53:42,179,38,0.63
2026-06-10 19:53:42,180,115,1.92
2026-06-10 19:53:42,206,215,3.58
2026-06-10 19:53:42,36,93,1.55
2026-06-10 19:53:42,86,47,0.78
2026-06-10 19:53:42,124,60,1.0
2026-06-10 19:53:42,49,60,1.0
2026-06-10 19:53:42,411,1140,19.0
2026-06-10 19:53:42,85,43,0.72
2026-06-10 19:53:42,51,39,0.65
2026-06-10 19:53:42,92,36,0.6
2026-06-10 19:53:42,172,60,1.0
2026-06-10 19:53:42,64,78,1.3
2026-06-10 19:53:42,105,141,2.35
2026-06-10 19:53:42,200,254,4.23
2026-06-10 19:53:42,468,370,6.17
2026-06-10 19:53:42,192,37,0.62
2026-06-10 19:53:42,439,90,1.5
2026-06-10 19:53:42,128,30,0.5
2026-06-10 19:53:42,214,138,2.3
2026-06-10 19:53:42,202,259,4.32
2026-06-10 19:53:42,33,45,0.75
2026-06-10 19:53:42,193,43,0.72
2026-06-10 19:53:42,121,55,0.92
2026-06-10 19:53:42,12,67,1.12
2026-06-10 19:53:42,71,96,1.6
2026-06-10 19:53:42,491,941,15.68
2026-06-10 19:53:42,119,101,1.68
2026-06-10 19:53:42,106,138,2.3
2026-06-10 19:53:42,218,48,0.8
2026-06-10 19:53:42,203,115,1.92
2026-06-10 19:53:42,777,240,4.0
2026-06-10 19:53:42,164,108,1.8
2026-06-10 19:53:42,20,74,1.23
2026-06-10 19:53:42,160,50,0.83
2026-06-10 19:53:42,81,29,0.48
2026-06-10 19:53:42,164,19,0.32
2026-06-10 19:53:42,218,96,1.6
2026-06-10 19:53:42,95,46,0.77
2026-06-10 19:53:42,48,119,1.98
2026-06-10 19:53:42,86,33,0.55
2026-06-10 19:53:42,68,77,1.28
2026-06-10 19:53:42,18,226,3.77
2026-06-10 19:53:42,28,30,0.5
2026-06-10 19:53:42,31,243,4.05
2026-06-10 19:53:42,141,49,0.82
2026-06-10 19:53:42,44,64,1.07
2026-06-10 19:53:42,166,60,1.0
2026-06-10 19:53:42,43,25,0.42
2026-06-10 19:53:42,183,23,0.38
2026-06-10 19:53:42,35,55,0.92
2026-06-10 19:53:42,18,91,1.52
2026-06-10 19:53:42,189,49,0.82
2026-06-10 19:53:42,186,60,1.0
2026-06-10 19:53:42,205,206,3.43
2026-06-10 19:53:42,215,131,2.18
2026-06-10 19:53:42,24,52,0.87
2026-06-10 19:53:42,209,91,1.52
2026-06-10 19:53:42,69,54,0.9
2026-06-10 19:53:42,48,47,0.78
2026-06-10 19:53:42,121,26,0.43
2026-06-10 19:53:42,186,56,0.93
2026-06-10 19:53:42,26,34,0.57
2026-06-10 19:53:42,202,74,1.23
2026-06-10 19:53:42,131,80,1.33
2026-06-10 19:53:42,187,48,0.8
2026-06-10 19:53:42,26,77,1.28
2026-06-10 19:53:42,211,60,1.0
2026-06-10 19:53:42,176,60,1.0
2026-06-10 19:53:42,100,78,1.3
2026-06-10 19:53:42,747,900,15.0
2026-06-10 19:53:42,138,21,0.35
2026-06-10 19:53:42,67,51,0.85
2026-06-10 19:53:42,141,54,0.9
2026-06-10 19:53:42,193,63,1.05
2026-06-10 19:53:42,94,45,0.75
2026-06-10 19:53:42,114,33,0.55
2026-06-10 19:53:42,103,87,1.45
2026-06-10 19:53:42,211,1020,17.0
2026-06-10 19:53:42,777,300,5.0
2026-06-10 19:53:42,61,37,0.62
2026-06-10 19:53:42,161,215,3.58
2026-06-10 19:53:42,174,26,0.43
2026-06-10 19:53:42,51,47,0.78
2026-06-10 19:53:42,37,37,0.62
2026-06-10 19:53:42,64,102,1.7
2026-06-10 19:53:42,102,142,2.37
2026-06-10 19:53:42,54,43,0.72
2026-06-10 19:53:42,136,66,1.1
2026-06-10 19:53:42,161,39,0.65
2026-06-10 19:53:42,124,125,2.08
2026-06-10 19:53:42,747,203,3.38
2026-06-10 19:53:42,470,51,0.85
2026-06-10 19:53:42,41,53,0.88
2026-06-10 19:53:42,105,141,2.35
2026-06-10 19:53:42,11,14,0.23
2026-06-10 19:53:42,136,17,0.28
2026-06-10 19:53:42,200,71,1.18
2026-06-10 19:53:42,119,16,0.27
2026-06-10 19:53:42,80,52,0.87
2026-06-10 19:53:42,97,155,2.58
2026-06-10 19:53:42,162,33,0.55
2026-06-10 19:53:42,51,39,0.65
2026-06-10 19:53:42,50,66,1.1
2026-06-10 19:53:42,112,45,0.75
2026-06-10 19:53:42,108,47,0.78
2026-06-10 19:53:42,470,1260,21.0
2026-06-10 19:53:42,102,51,0.85
2026-06-10 19:53:42,189,83,1.38
2026-06-10 19:53:42,777,240,4.0
2026-06-10 19:53:42,103,64,1.07
2026-06-10 19:53:42,104,55,0.92
2026-06-10 19:53:42,208,186,3.1
2026-06-10 19:53:42,81,89,1.48
2026-06-10 19:53:42,20,180,3.0
2026-06-10 19:53:42,93,139,2.32
2026-06-10 19:53:42,17,40,0.67
2026-06-10 19:53:42,165,69,1.15
2026-06-10 19:53:42,13,54,0.9
2026-06-10 19:53:42,171,74,1.23
2026-06-10 19:53:42,139,91,1.52
2026-06-10 19:53:42,198,299,4.98
2026-06-10 19:53:42,221,264,4.4
2026-06-10 19:53:42,36,133,2.22
2026-06-10 19:53:42,80,105,1.75
2026-06-10 19:53:42,105,44,0.73
2026-06-10 19:53:42,13,53,0.88
2026-06-10 19:53:42,37,92,1.53
2026-06-10 19:53:42,150,59,0.98
2026-06-10 19:53:42,160,50,0.83
2026-06-10 19:53:42,197,78,1.3
2026-06-10 19:53:42,176,60,1.0
2026-06-10 19:53:42,203,269,4.48
2026-06-10 19:53:42,106,138,2.3
2026-06-10 19:53:42,94,48,0.8
2026-06-10 19:53:42,131,21,0.35
2026-06-10 19:53:42,496,958,15.97
2026-06-10 19:53:42,215,147,2.45
2026-06-10 19:53:42,171,120,2.0
2026-06-10 19:53:42,92,259,4.32
2026-06-10 19:53:42,172,54,0.9
2026-06-10 19:53:42,44,70,1.17
2026-06-10 19:53:42,214,55,0.92
2026-06-10 19:53:42,112,71,1.18
2026-06-10 19:53:42,144,49,0.82
2026-06-10 19:53:42,56,53,0.88
2026-06-10 19:53:42,141,54,0.9
2026-06-10 19:53:42,141,49,0.82
2026-06-10 19:53:42,496,84,1.4
2026-06-10 19:53:42,449,60,1.0
2026-06-10 19:53:42,209,300,5.0
2026-06-10 19:53:42,95,67,1.12
2026-06-10 19:53:42,22,56,0.93
2026-06-10 19:53:42,128,60,1.0
2026-06-10 19:53:42,170,40,0.67
2026-06-10 19:53:42,103,87,1.45
2026-06-10 19:53:42,106,41,0.68
2026-06-10 19:53:42,22,91,1.52
2026-06-10 19:53:42,168,52,0.87
2026-06-10 19:53:42,51,39,0.65
2026-06-10 19:53:42,127,110,1.83
2026-06-10 19:53:42,201,42,0.7
2026-06-10 19:53:42,67,60,1.0
2026-06-10 19:53:42,44,51,0.85
2026-06-10 19:55:13,204,68,1.13
2026-06-10 19:55:13,197,45,0.75
2026-06-10 19:55:13,18,91,1.52
2026-06-10 19:55:13,10,61,1.02
2026-06-10 19:55:13,79,84,1.4
2026-06-10 19:55:13,97,41,0.68
2026-06-10 19:55:13,192,33,0.55
2026-06-10 19:55:13,49,60,1.0
2026-06-10 19:55:13,215,17,0.28
2026-06-10 19:55:13,48,199,3.32
2026-06-10 19:55:13,57,45,0.75
2026-06-10 19:55:13,193,62,1.03
2026-06-10 19:55:13,186,37,0.62
2026-06-10 19:55:13,20,24,0.4
2026-06-10 19:55:13,161,77,1.28
2026-06-10 19:55:13,160,44,0.73
2026-06-10 19:55:13,61,56,0.93
2026-06-10 19:55:13,69,35,0.58
2026-06-10 19:55:13,449,14,0.23
2026-06-10 19:55:13,92,30,0.5
2026-06-10 19:55:13,162,106,1.77
2026-06-10 19:55:13,161,49,0.82
2026-06-10 19:55:13,18,67,1.12
2026-06-10 19:55:13,218,30,0.5
2026-06-10 19:55:13,67,76,1.27
2026-06-10 19:55:13,67,52,0.87
2026-06-10 19:55:13,168,45,0.75
2026-06-10 19:55:13,121,52,0.87
2026-06-10 19:55:13,79,40,0.67
2026-06-10 19:55:13,57,67,1.12
2026-06-10 19:55:13,33,77,1.28
2026-06-10 19:55:13,138,58,0.97
2026-06-10 19:55:13,95,33,0.55
2026-06-10 19:55:13,12,65,1.08
2026-06-10 19:55:13,51,71,1.18
2026-06-10 19:55:13,165,85,1.42
2026-06-10 19:55:13,107,28,0.47
2026-06-10 19:55:13,128,22,0.37
2026-06-10 19:55:13,139,44,0.73
2026-06-10 19:55:13,150,42,0.7
2026-06-10 19:55:13,165,49,0.82
2026-06-10 19:55:13,187,83,1.38
2026-06-10 19:55:13,108,23,0.38
2026-06-10 19:55:13,186,24,0.4
2026-06-10 19:55:13,195,35,0.58
2026-06-10 19:55:13,99,28,0.47
2026-06-10 19:55:13,36,83,1.38
2026-06-10 19:55:13,31,59,0.98
2026-06-10 19:55:13,193,38,0.63
2026-06-10 19:55:13,24,45,0.75
2026-06-10 19:55:13,439,103,1.72
2026-06-10 19:55:13,123,213,3.55
2026-06-10 19:55:13,198,50,0.83
2026-06-10 19:55:13,24,50,0.83
2026-06-10 19:55:13,107,36,0.6
2026-06-10 19:55:13,141,69,1.15
2026-06-10 19:55:13,183,39,0.65
2026-06-10 19:55:13,22,180,3.0
2026-06-10 19:55:13,55,82,1.37
2026-06-10 19:55:13,136,25,0.42
2026-06-10 19:55:13,28,21,0.35
2026-06-10 19:55:13,104,82,1.37
2026-06-10 19:55:13,164,73,1.22
2026-06-10 19:55:13,150,107,1.78
2026-06-10 19:55:13,189,31,0.52
2026-06-10 19:55:13,79,68,1.13
2026-06-10 19:55:13,165,55,0.92
2026-06-10 19:55:13,747,839,13.98
2026-06-10 19:55:13,439,28,0.47
2026-06-10 19:55:13,114,62,1.03
2026-06-10 19:55:13,17,56,0.93
2026-06-10 19:55:13,189,24,0.4
2026-06-10 19:55:13,208,59,0.98
2026-06-10 19:55:13,128,43,0.72
2026-06-10 19:55:13,209,46,0.77
2026-06-10 19:55:13,18,50,0.83
2026-06-10 19:55:13,69,84,1.4
2026-06-10 19:55:13,86,247,4.12
2026-06-10 19:55:13,205,53,0.88
2026-06-10 19:55:13,50,106,1.77
2026-06-10 19:55:13,66,48,0.8
2026-06-10 19:55:13,48,56,0.93
2026-06-10 19:55:13,64,112,1.87
2026-06-10 19:55:13,36,87,1.45
2026-06-10 19:55:13,140,46,0.77
2026-06-10 19:55:13,190,18,0.3
2026-06-10 19:55:13,105,19,0.32
2026-06-10 19:55:13,110,32,0.53
2026-06-10 19:55:13,28,45,0.75
2026-06-10 19:55:13,141,54,0.9
2026-06-10 19:55:13,105,180,3.0
2026-06-10 19:55:13,230,65,1.08
2026-06-10 19:55:13,49,78,1.3
2026-06-10 19:55:13,24,58,0.97
2026-06-10 19:55:13,108,41,0.68
2026-06-10 19:55:13,165,45,0.75
2026-06-10 19:55:13,43,64,1.07
2026-06-10 19:55:13,45,147,2.45
2026-06-10 19:55:13,121,58,0.97
2026-06-10 19:55:13,177,16,0.27
2026-06-10 19:55:13,18,26,0.43
2026-06-10 19:55:13,119,21,0.35
2026-06-10 19:55:13,48,60,1.0
2026-06-10 19:55:13,68,47,0.78
2026-06-10 19:55:13,193,64,1.07
2026-06-10 19:55:13,32,37,0.62
2026-06-10 19:55:13,37,28,0.47
2026-06-10 19:55:13,102,40,0.67
2026-06-10 19:55:13,102,34,0.57
2026-06-10 19:55:13,56,67,1.12
2026-06-10 19:55:13,112,70,1.17
2026-06-10 19:55:13,69,60,1.0
2026-06-10 19:55:13,49,53,0.88
2026-06-10 19:55:13,54,29,0.48
2026-06-10 19:55:13,207,162,2.7
2026-06-10 19:55:13,18,89,1.48
2026-06-10 19:55:13,33,63,1.05
2026-06-10 19:55:13,747,158,2.63
2026-06-10 19:55:13,174,406,6.77
2026-06-10 19:55:13,16,60,1.0
2026-06-10 19:55:13,45,72,1.2
2026-06-10 19:55:13,26,48,0.8
2026-06-10 19:55:13,11,138,2.3
2026-06-10 19:55:13,90,77,1.28
2026-06-10 19:55:13,205,67,1.12
2026-06-10 19:55:13,165,95,1.58
2026-06-10 19:55:13,141,40,0.67
2026-06-10 19:55:13,90,20,0.33
2026-06-10 19:55:13,92,70,1.17
2026-06-10 19:55:13,136,78,1.3
2026-06-10 19:55:13,90,96,1.6
2026-06-10 19:55:13,128,51,0.85
2026-06-10 19:55:13,221,56,0.93
2026-06-10 19:55:13,105,37,0.62
2026-06-10 19:55:13,161,23,0.38
2026-06-10 19:55:13,105,93,1.55
2026-06-10 19:55:13,48,44,0.73
2026-06-10 19:55:13,225,31,0.52
2026-06-10 19:55:13,185,38,0.63
2026-06-10 19:55:13,24,65,1.08
2026-06-10 19:55:13,197,50,0.83
2026-06-10 19:55:13,24,57,0.95
2026-06-10 19:55:13,139,28,0.47
2026-06-10 19:55:13,33,48,0.8
2026-06-10 19:55:13,439,93,1.55
2026-06-10 19:55:13,185,35,0.58
2026-06-10 19:55:13,67,96,1.6
2026-06-10 19:55:13,198,112,1.87
2026-06-10 19:55:13,24,83,1.38
2026-06-10 19:55:13,196,52,0.87
2026-06-10 19:55:13,211,29,0.48
2026-06-10 19:55:13,103,49,0.82
2026-06-10 19:55:13,103,74,1.23
2026-06-10 19:55:13,190,29,0.48
2026-06-10 19:55:13,72,28,0.47
2026-06-10 19:55:13,460,220,3.67
2026-06-10 19:55:13,124,95,1.58
2026-06-10 19:55:13,67,32,0.53
2026-06-10 19:55:13,103,87,1.45
2026-06-10 19:55:13,777,49,0.82
2026-06-10 19:55:13,41,40,0.67
2026-06-10 19:55:13,34,71,1.18
2026-06-10 19:55:13,68,119,1.98
2026-06-10 19:55:13,193,28,0.47
2026-06-10 19:55:13,106,41,0.68
2026-06-10 19:55:13,162,49,0.82
2026-06-10 19:55:13,26,37,0.62
2026-06-10 19:55:13,747,203,3.38
2026-06-10 19:55:13,123,85,1.42
2026-06-10 19:55:13,56,197,3.28
2026-06-10 19:55:13,49,23,0.38
2026-06-10 19:55:13,439,94,1.57
2026-06-10 19:55:13,121,66,1.1
2026-06-10 19:55:13,44,28,0.47
2026-06-10 19:55:13,186,38,0.63
2026-06-10 19:55:13,35,48,0.8
2026-06-10 19:55:13,24,45,0.75
2026-06-10 19:55:13,51,45,0.75
2026-06-10 19:55:13,41,48,0.8
2026-06-10 19:55:13,93,58,0.97
2026-06-10 19:55:13,67,46,0.77
2026-06-10 19:55:13,128,43,0.72
2026-06-10 19:55:13,161,41,0.68
2026-06-10 19:55:13,165,59,0.98
2026-06-10 19:55:13,202,95,1.58
2026-06-10 19:55:13,63,89,1.48
2026-06-10 19:55:13,430,129,2.15
2026-06-10 19:55:13,141,195,3.25
2026-06-10 19:55:13,221,51,0.85
2026-06-10 19:55:13,81,31,0.52
2026-06-10 19:55:13,198,42,0.7
2026-06-10 19:55:13,18,50,0.83
2026-06-10 19:55:13,121,47,0.78
2026-06-10 19:55:13,192,38,0.63
2026-06-10 19:55:13,86,21,0.35
2026-06-10 19:55:13,41,74,1.23
2026-06-10 19:55:13,449,45,0.75
2026-06-10 19:55:13,496,30,0.5
2026-06-10 19:55:13,94,53,0.88
2026-06-10 19:55:13,18,35,0.58
2026-06-10 19:55:13,187,31,0.52
2026-06-10 19:55:13,94,71,1.18
2026-06-10 19:55:13,208,38,0.63
2026-06-10 19:55:13,49,58,0.97
2026-06-10 19:55:13,165,37,0.62
2026-06-10 19:55:13,48,29,0.48
2026-06-10 19:55:13,86,30,0.5
2026-06-10 19:55:13,95,28,0.47
2026-06-10 19:55:13,45,40,0.67
2026-06-10 19:55:13,230,60,1.0
2026-06-10 19:55:13,165,69,1.15
2026-06-10 19:55:13,138,70,1.17
2026-06-10 19:55:13,141,18,0.3
2026-06-10 19:55:13,124,60,1.0
2026-06-10 19:55:13,51,59,0.98
2026-06-10 19:55:13,43,46,0.77
2026-06-10 19:55:13,411,48,0.8
2026-06-10 19:55:13,61,42,0.7
2026-06-10 19:55:13,61,23,0.38
2026-06-10 19:55:13,487,45,0.75
2026-06-10 19:55:13,93,44,0.73
2026-06-10 19:55:13,69,68,1.13
2026-06-10 19:55:13,209,115,1.92
2026-06-10 19:55:13,496,181,3.02
2026-06-10 19:55:13,37,10,0.17
2026-06-10 19:55:13,470,73,1.22
2026-06-10 19:55:13,179,55,0.92
2026-06-10 19:55:13,161,21,0.35
2026-06-10 19:55:13,11,55,0.92
2026-06-10 19:55:13,31,65,1.08
2026-06-10 19:55:13,81,59,0.98
2026-06-10 19:55:13,121,34,0.57
2026-06-10 19:55:13,439,44,0.73
2026-06-10 19:55:13,468,50,0.83
2026-06-10 19:55:13,99,63,1.05
2026-06-10 19:55:13,141,35,0.58
2026-06-10 19:55:13,198,299,4.98
2026-06-10 19:55:13,110,43,0.72
2026-06-10 19:55:13,468,81,1.35
2026-06-10 19:55:13,200,58,0.97
2026-06-10 19:55:13,460,124,2.07
2026-06-10 19:55:13,85,62,1.03
2026-06-10 19:55:13,34,89,1.48
2026-06-10 19:55:13,33,18,0.3
2026-06-10 19:55:13,51,32,0.53
2026-06-10 19:55:13,193,90,1.5
2026-06-10 19:55:13,67,52,0.87
2026-06-10 19:55:13,86,32,0.53
2026-06-10 19:55:13,10,66,1.1
2026-06-10 19:55:13,203,53,0.88
2026-06-10 19:55:13,55,36,0.6
2026-06-10 19:55:13,20,74,1.23
2026-06-10 19:55:13,27,48,0.8
2026-06-10 19:55:13,18,53,0.88
2026-06-10 19:55:13,160,72,1.2
2026-06-10 19:55:13,104,47,0.78
2026-06-10 19:55:13,49,74,1.23
2026-06-10 19:55:13,10,52,0.87
2026-06-10 19:55:13,161,49,0.82
2026-06-10 19:55:13,48,142,2.37
2026-06-10 19:55:13,43,38,0.63
2026-06-10 19:55:13,206,87,1.45
2026-06-10 19:55:13,195,68,1.13
2026-06-10 19:55:13,470,38,0.63
2026-06-10 19:55:13,32,83,1.38
2026-06-10 19:55:13,97,72,1.2
2026-06-10 19:55:13,200,85,1.42
2026-06-10 19:55:13,80,50,0.83
2026-06-10 19:55:13,90,32,0.53
2026-06-10 19:55:13,36,43,0.72
2026-06-10 19:55:13,211,64,1.07
2026-06-10 19:55:13,121,30,0.5
2026-06-10 19:55:13,51,22,0.37
2026-06-10 19:55:13,203,43,0.72
2026-06-10 19:55:13,45,62,1.03
2026-06-10 19:55:13,80,89,1.48
2026-06-10 19:55:13,125,49,0.82
2026-06-10 19:55:13,166,38,0.63
2026-06-10 19:55:13,174,420,7.0
2026-06-10 19:55:13,79,23,0.38
2026-06-10 19:55:13,496,49,0.82
2026-06-10 19:55:13,179,38,0.63
2026-06-10 19:55:13,112,57,0.95
2026-06-10 19:55:13,69,72,1.2
2026-06-10 19:55:13,141,48,0.8
2026-06-10 19:55:13,411,21,0.35
2026-06-10 19:55:13,411,32,0.53
2026-06-10 19:55:13,168,47,0.78
2026-06-10 19:55:13,85,15,0.25
2026-06-10 19:55:13,747,438,7.3
2026-06-10 19:55:13,51,77,1.28
2026-06-10 19:55:13,114,99,1.65
2026-06-10 19:55:13,43,55,0.92
2026-06-10 19:55:13,468,114,1.9
2026-06-10 19:55:13,54,50,0.83
2026-06-10 19:55:13,114,111,1.85
2026-06-10 19:55:13,206,28,0.47
2026-06-10 19:55:13,110,42,0.7
2026-06-10 19:55:13,85,61,1.02
2026-06-10 19:55:13,165,33,0.55
2026-06-10 19:55:13,206,52,0.87
2026-06-10 19:55:13,198,30,0.5
2026-06-10 19:55:13,12,45,0.75
2026-06-10 19:55:13,202,60,1.0
2026-06-10 19:55:13,48,122,2.03
2026-06-10 19:55:13,480,79,1.32
2026-06-10 19:55:13,49,47,0.78
2026-06-10 19:55:13,129,53,0.88
2026-06-10 19:55:13,67,11,0.18
2026-06-10 19:55:13,48,78,1.3
2026-06-10 19:55:13,81,89,1.48
2026-06-10 19:55:13,35,133,2.22
2026-06-10 19:55:13,11,116,1.93
2026-06-10 19:55:13,20,28,0.47
2026-06-10 19:55:13,35,20,0.33
2026-06-10 19:55:13,49,121,2.02
2026-06-10 19:55:13,177,73,1.22
2026-06-10 19:55:13,55,37,0.62
2026-06-10 19:55:13,70,56,0.93
2026-06-10 19:55:13,110,180,3.0
2026-06-10 19:55:13,128,60,1.0
2026-06-10 19:55:13,229,103,1.72
2026-06-10 19:55:13,56,53,0.88
2026-06-10 19:55:13,204,151,2.52
2026-06-10 19:55:13,27,46,0.77
2026-06-10 19:55:13,74,120,2.0
2026-06-10 19:55:13,439,63,1.05
2026-06-10 19:55:13,747,1260,21.0
2026-06-10 19:55:13,97,159,2.65
2026-06-10 19:55:13,61,84,1.4
2026-06-10 19:55:13,411,164,2.73
2026-06-10 19:55:13,141,82,1.37
2026-06-10 19:55:13,189,34,0.57
2026-06-10 19:55:13,17,36,0.6
2026-06-10 19:55:13,13,103,1.72
2026-06-10 19:55:13,203,355,5.92
2026-06-10 19:55:13,202,28,0.47
2026-06-10 19:55:13,121,40,0.67
2026-06-10 19:55:13,747,900,15.0
2026-06-10 19:55:13,44,51,0.85
2026-06-10 19:55:13,71,107,1.78
2026-06-10 19:55:13,171,74,1.23
2026-06-10 19:55:13,211,171,2.85
2026-06-10 19:55:13,747,1484,24.73
2026-06-10 19:55:13,201,42,0.7
2026-06-10 19:55:13,777,300,5.0
2026-06-10 19:55:13,411,75,1.25
2026-06-10 19:55:13,17,78,1.3
2026-06-10 19:55:13,168,67,1.12
2026-06-10 19:55:13,50,183,3.05
2026-06-10 19:55:13,32,69,1.15
2026-06-10 19:55:13,33,94,1.57
2026-06-10 19:55:13,179,38,0.63
2026-06-10 19:55:13,161,184,3.07
2026-06-10 19:55:13,67,51,0.85
2026-06-10 19:55:13,105,141,2.35
2026-06-10 19:55:13,123,25,0.42
2026-06-10 19:55:13,43,60,1.0
2026-06-10 19:55:13,218,48,0.8
2026-06-10 19:55:13,460,56,0.93
2026-06-10 19:55:13,51,33,0.55
2026-06-10 19:55:13,131,21,0.35
2026-06-10 19:55:13,192,69,1.15
2026-06-10 19:55:13,38,82,1.37
2026-06-10 19:55:13,51,99,1.65
2026-06-10 19:55:13,164,64,1.07
2026-06-10 19:55:13,200,24,0.4
2026-06-10 19:55:13,35,57,0.95
2026-06-10 19:55:13,47,82,1.37
2026-06-10 19:55:13,136,40,0.67
2026-06-10 19:55:13,202,96,1.6
2026-06-10 19:55:13,439,108,1.8
2026-06-10 19:55:13,202,20,0.33
2026-06-10 19:55:13,121,26,0.43
2026-06-10 19:55:13,57,67,1.12
2026-06-10 19:55:13,177,15,0.25
2026-06-10 19:55:13,107,20,0.33
2026-06-10 19:55:13,90,75,1.25
2026-06-10 19:55:13,16,33,0.55
2026-06-10 19:55:13,86,33,0.55
2026-06-10 19:55:13,124,33,0.55
2026-06-10 19:55:13,71,70,1.17
2026-06-10 19:55:13,439,63,1.05
2026-06-10 19:55:13,204,338,5.63
2026-06-10 19:55:13,187,25,0.42
2026-06-10 19:55:13,70,29,0.48
2026-06-10 19:55:13,70,240,4.0
2026-06-10 19:55:13,211,187,3.12
2026-06-10 19:55:13,811,15,0.25
2026-06-10 19:55:13,36,129,2.15
2026-06-10 19:55:13,747,70,1.17
2026-06-10 19:55:13,468,37,0.62
2026-06-10 19:55:13,747,854,14.23
2026-06-10 19:55:13,48,57,0.95
2026-06-10 19:55:13,13,60,1.0
2026-06-10 19:55:13,777,363,6.05
2026-06-10 19:55:13,128,30,0.5
2026-06-10 19:55:13,214,138,2.3
2026-06-10 19:55:13,64,102,1.7
2026-06-10 19:55:13,32,57,0.95
2026-06-10 19:55:13,180,115,1.92
2026-06-10 19:55:13,468,60,1.0
2026-06-10 19:55:13,20,180,3.0
2026-06-10 19:55:13,777,240,4.0
2026-06-10 19:55:13,777,181,3.02
2026-06-10 19:55:13,66,46,0.77
2026-06-10 19:55:13,100,34,0.57
2026-06-10 19:55:13,66,55,0.92
2026-06-10 19:55:13,66,46,0.77
2026-06-10 19:55:13,38,91,1.52
2026-06-10 19:55:13,24,25,0.42
2026-06-10 19:55:13,32,57,0.95
2026-06-10 19:55:13,192,33,0.55
2026-06-10 19:55:13,74,48,0.8
2026-06-10 19:55:13,74,83,1.38
2026-06-10 19:55:13,180,51,0.85
2026-06-10 19:55:13,747,1233,20.55
2026-06-10 19:55:13,208,71,1.18
2026-06-10 19:55:13,140,133,2.22
2026-06-10 19:55:13,165,37,0.62
2026-06-10 19:55:13,205,42,0.7
2026-06-10 19:55:13,49,60,1.0
2026-06-10 19:55:13,411,1080,18.0
2026-06-10 19:55:13,193,63,1.05
2026-06-10 19:55:13,183,19,0.32
2026-06-10 19:55:13,195,143,2.38
2026-06-10 19:55:13,48,47,0.78
2026-06-10 19:55:13,496,958,15.97
2026-06-10 19:55:13,198,109,1.82
2026-06-10 19:55:13,112,71,1.18
2026-06-10 19:55:13,195,181,3.02
2026-06-10 19:55:13,11,55,0.92
2026-06-10 19:55:13,25,51,0.85
2026-06-10 19:55:13,193,63,1.05
2026-06-10 19:55:13,71,55,0.92
2026-06-10 19:55:13,180,146,2.43
2026-06-10 19:55:13,68,86,1.43
2026-06-10 19:55:13,185,53,0.88
2026-06-10 19:55:13,34,42,0.7
2026-06-10 19:55:13,34,71,1.18
2026-06-10 19:55:13,90,16,0.27
2026-06-10 19:55:13,747,438,7.3
2026-06-10 19:55:13,190,158,2.63
2026-06-10 19:55:13,449,64,1.07
2026-06-10 19:55:13,170,158,2.63
2026-06-10 19:55:13,196,60,1.0
2026-06-10 19:55:13,491,139,2.32
2026-06-10 19:55:13,144,127,2.12
2026-06-10 19:55:13,179,19,0.32
2026-06-10 19:55:13,777,240,4.0
2026-06-10 19:55:13,92,36,0.6
2026-06-10 19:55:13,48,119,1.98
2026-06-10 19:55:13,18,226,3.77
2026-06-10 19:55:13,206,215,3.58
2026-06-10 19:55:13,57,59,0.98
2026-06-10 19:55:13,124,60,1.0
2026-06-10 19:55:13,43,59,0.98
2026-06-10 19:55:13,25,51,0.85
2026-06-10 19:55:13,129,71,1.18
2026-06-10 19:55:13,61,145,2.42
2026-06-10 19:55:13,27,156,2.6
2026-06-10 19:55:13,32,69,1.15
2026-06-10 19:55:13,172,60,1.0
2026-06-10 19:55:13,204,78,1.3
2026-06-10 19:55:13,192,37,0.62
2026-06-10 19:55:13,177,49,0.82
2026-06-10 19:55:13,86,47,0.78
2026-06-10 19:55:13,150,59,0.98
2026-06-10 19:55:13,36,93,1.55
2026-06-10 19:55:13,47,99,1.65
2026-06-10 19:55:13,468,370,6.17
2026-06-10 19:55:13,110,32,0.53
2026-06-10 19:55:13,200,254,4.23
2026-06-10 19:55:13,80,105,1.75
2026-06-10 19:55:13,174,360,6.0
2026-06-10 19:55:13,47,84,1.4
2026-06-10 19:55:13,439,90,1.5
2026-06-10 19:55:13,55,57,0.95
2026-06-10 19:55:13,113,118,1.97
2026-06-10 19:55:13,54,32,0.53
2026-06-10 19:55:13,12,47,0.78
2026-06-10 19:55:13,16,119,1.98
2026-06-10 19:55:13,150,236,3.93
2026-06-10 19:55:13,36,93,1.55
2026-06-10 19:55:13,71,96,1.6
2026-06-10 19:55:13,218,48,0.8
2026-06-10 19:55:13,747,158,2.63
2026-06-10 19:55:13,747,900,15.0
2026-06-10 19:55:13,203,115,1.92
2026-06-10 19:55:13,193,43,0.72
2026-06-10 19:55:13,33,45,0.75
2026-06-10 19:55:13,449,463,7.72
2026-06-10 19:55:13,103,87,1.45
2026-06-10 19:55:13,187,107,1.78
2026-06-10 19:55:13,180,100,1.67
2026-06-10 19:55:13,195,38,0.63
2026-06-10 19:55:13,64,102,1.7
2026-06-10 19:55:13,18,226,3.77
2026-06-10 19:55:13,125,120,2.0
2026-06-10 19:55:13,20,74,1.23
2026-06-10 19:55:13,110,32,0.53
2026-06-10 19:55:13,206,35,0.58
2026-06-10 19:55:13,49,121,2.02
2026-06-10 19:55:13,119,101,1.68
2026-06-10 19:55:13,187,107,1.78
2026-06-10 19:55:13,215,131,2.18
2026-06-10 19:55:13,185,72,1.2
2026-06-10 19:55:13,48,119,1.98
2026-06-10 19:55:13,104,21,0.35
2026-06-10 19:55:13,10,61,1.02
2026-06-10 19:55:13,197,43,0.72
2026-06-10 19:55:13,10,39,0.65
2026-06-10 19:55:13,107,20,0.33
2026-06-10 19:55:13,110,179,2.98
2026-06-10 19:55:13,201,100,1.67
2026-06-10 19:55:13,28,20,0.33
2026-06-10 19:55:13,160,50,0.83
2026-06-10 19:55:13,64,78,1.3
2026-06-10 19:55:13,164,19,0.32
2026-06-10 19:55:13,777,181,3.02
2026-06-10 19:55:13,218,96,1.6
2026-06-10 19:55:13,34,71,1.18
2026-06-10 19:55:13,95,46,0.77
2026-06-10 19:55:13,35,75,1.25
2026-06-10 19:55:13,166,60,1.0
2026-06-10 19:55:13,43,25,0.42
2026-06-10 19:55:13,125,24,0.4
2026-06-10 19:55:13,439,112,1.87
2026-06-10 19:55:13,166,41,0.68
2026-06-10 19:55:13,69,54,0.9
2026-06-10 19:55:13,198,299,4.98
2026-06-10 19:55:13,49,121,2.02
2026-06-10 19:55:13,141,49,0.82
2026-06-10 19:55:13,35,55,0.92
2026-06-10 19:55:13,55,186,3.1
2026-06-10 19:55:13,68,77,1.28
2026-06-10 19:55:13,31,208,3.47
2026-06-10 19:55:13,205,206,3.43
2026-06-10 19:55:13,51,39,0.65
2026-06-10 19:55:13,131,80,1.33
2026-06-10 19:55:13,12,67,1.12
2026-06-10 19:55:13,165,69,1.15
2026-06-10 19:55:13,55,186,3.1
2026-06-10 19:55:13,229,53,0.88
2026-06-10 19:55:13,121,26,0.43
2026-06-10 19:55:13,105,141,2.35
2026-06-10 19:55:13,97,41,0.68
2026-06-10 19:55:13,113,46,0.77
2026-06-10 19:55:13,202,259,4.32
2026-06-10 19:55:13,90,75,1.25
2026-06-10 19:55:13,106,115,1.92
2026-06-10 19:55:13,186,56,0.93
2026-06-10 19:55:13,121,55,0.92
2026-06-10 19:55:13,55,54,0.9
2026-06-10 19:55:13,211,1020,17.0
2026-06-10 19:55:13,496,84,1.4
2026-06-10 19:55:13,105,141,2.35
2026-06-10 19:55:13,209,91,1.52
2026-06-10 19:55:13,41,53,0.88
2026-06-10 19:55:13,187,48,0.8
2026-06-10 19:55:13,189,49,0.82
2026-06-10 19:55:13,138,21,0.35
2026-06-10 19:55:13,136,66,1.1
2026-06-10 19:55:13,211,60,1.0
2026-06-10 19:55:13,202,74,1.23
2026-06-10 19:55:13,172,54,0.9
2026-06-10 19:55:13,189,83,1.38
2026-06-10 19:55:13,113,46,0.77
2026-06-10 19:55:13,141,54,0.9
2026-06-10 19:55:13,123,25,0.42
2026-06-10 19:55:13,67,51,0.85
2026-06-10 19:55:13,114,33,0.55
2026-06-10 19:55:13,51,53,0.88
2026-06-10 19:55:13,165,37,0.62
2026-06-10 19:55:13,79,60,1.0
2026-06-10 19:55:13,211,1020,17.0
2026-06-10 19:55:13,172,60,1.0
2026-06-10 19:55:13,81,29,0.48
2026-06-10 19:55:13,54,32,0.53
2026-06-10 19:55:13,55,57,0.95
2026-06-10 19:55:13,100,78,1.3
2026-06-10 19:55:13,11,14,0.23
2026-06-10 19:55:13,105,44,0.73
2026-06-10 19:55:13,140,180,3.0
2026-06-10 19:55:13,129,59,0.98
2026-06-10 19:55:13,198,109,1.82
2026-06-10 19:55:13,93,139,2.32
2026-06-10 19:55:13,41,40,0.67
2026-06-10 19:55:13,93,84,1.4
2026-06-10 19:55:13,71,41,0.68
2026-06-10 19:55:13,179,19,0.32
2026-06-10 19:55:13,165,69,1.15
2026-06-10 19:55:13,108,33,0.55
2026-06-10 19:55:13,104,55,0.92
2026-06-10 19:55:13,97,155,2.58
2026-06-10 19:55:13,174,26,0.43
2026-06-10 19:55:13,136,17,0.28
2026-06-10 19:55:13,26,34,0.57
2026-06-10 19:55:13,54,43,0.72
2026-06-10 19:55:13,102,142,2.37
2026-06-10 19:55:13,10,39,0.65
2026-06-10 19:55:13,162,120,2.0
2026-06-10 19:55:13,125,137,2.28
2026-06-10 19:55:13,67,55,0.92
2026-06-10 19:55:13,747,900,15.0
2026-06-10 19:55:13,108,47,0.78
2026-06-10 19:55:13,103,64,1.07
2026-06-10 19:55:13,204,78,1.3
2026-06-10 19:55:13,200,71,1.18
2026-06-10 19:55:13,26,77,1.28
2026-06-10 19:55:13,221,120,2.0
2026-06-10 19:55:13,165,37,0.62
2026-06-10 19:55:13,470,51,0.85
2026-06-10 19:55:13,124,125,2.08
2026-06-10 19:55:13,12,47,0.78
2026-06-10 19:55:13,48,119,1.98
2026-06-10 19:55:13,80,52,0.87
2026-06-10 19:55:13,221,264,4.4
2026-06-10 19:55:13,176,60,1.0
2026-06-10 19:55:13,186,60,1.0
2026-06-10 19:55:13,61,37,0.62
2026-06-10 19:55:13,125,102,1.7
2026-06-10 19:55:13,162,33,0.55
2026-06-10 19:55:13,37,37,0.62
2026-06-10 19:55:13,110,179,2.98
2026-06-10 19:55:13,29,45,0.75
2026-06-10 19:55:13,93,84,1.4
2026-06-10 19:55:13,64,102,1.7
2026-06-10 19:55:13,112,45,0.75
2026-06-10 19:55:13,17,40,0.67
2026-06-10 19:55:13,119,16,0.27
2026-06-10 19:55:13,185,53,0.88
2026-06-10 19:55:13,496,958,15.97
2026-06-10 19:55:13,127,49,0.82
2026-06-10 19:55:13,207,34,0.57
2026-06-10 19:55:13,208,186,3.1
2026-06-10 19:55:13,94,45,0.75
2026-06-10 19:55:13,50,66,1.1
2026-06-10 19:55:13,496,958,15.97
2026-06-10 19:55:13,177,15,0.25
2026-06-10 19:55:13,439,112,1.87
2026-06-10 19:55:13,171,74,1.23
2026-06-10 19:55:13,13,53,0.88
2026-06-10 19:55:13,56,86,1.43
2026-06-10 19:55:13,13,54,0.9
2026-06-10 19:55:13,203,269,4.48
2026-06-10 19:55:13,190,158,2.63
2026-06-10 19:55:13,160,50,0.83
2026-06-10 19:55:13,24,52,0.87
2026-06-10 19:55:13,470,1260,21.0
2026-06-10 19:55:13,102,51,0.85
2026-06-10 19:55:13,56,86,1.43
2026-06-10 19:55:13,180,146,2.43
2026-06-10 19:55:13,108,33,0.55
2026-06-10 19:55:13,221,120,2.0
2026-06-10 19:55:13,24,25,0.42
2026-06-10 19:55:13,49,121,2.02
2026-06-10 19:55:13,20,74,1.23
2026-06-10 19:55:13,192,33,0.55
2026-06-10 19:55:13,94,48,0.8
2026-06-10 19:55:13,86,33,0.55
2026-06-10 19:55:13,139,91,1.52
2026-06-10 19:55:13,121,26,0.43
2026-06-10 19:55:13,85,67,1.12
2026-06-10 19:55:13,90,16,0.27
2026-06-10 19:55:13,201,100,1.67
2026-06-10 19:55:13,161,39,0.65
2026-06-10 19:55:13,123,120,2.0
2026-06-10 19:55:13,81,89,1.48
2026-06-10 19:55:13,187,107,1.78
2026-06-10 19:55:13,214,55,0.92
2026-06-10 19:55:13,48,47,0.78
2026-06-10 19:55:13,209,300,5.0
2026-06-10 19:55:13,171,120,2.0
2026-06-10 19:55:13,131,21,0.35
2026-06-10 19:55:13,41,40,0.67
2026-06-10 19:55:13,150,236,3.93
2026-06-10 19:55:13,66,55,0.92
2026-06-10 19:55:13,165,69,1.15
2026-06-10 19:55:13,197,78,1.3
2026-06-10 19:55:13,36,133,2.22
2026-06-10 19:55:13,70,29,0.48
2026-06-10 19:55:13,27,156,2.6
2026-06-10 19:55:13,105,141,2.35
2026-06-10 19:55:13,777,300,5.0
2026-06-10 19:55:13,92,259,4.32
2026-06-10 19:55:13,215,147,2.45
2026-06-10 19:55:13,205,42,0.7
2026-06-10 19:55:13,206,35,0.58
2026-06-10 19:55:13,37,92,1.53
2026-06-10 19:55:13,100,34,0.57
2026-06-10 19:55:13,491,73,1.22
2026-06-10 19:55:13,103,87,1.45
2026-06-10 19:55:13,161,184,3.07
2026-06-10 19:55:13,176,60,1.0
2026-06-10 19:55:13,22,56,0.93
2026-06-10 19:55:13,56,53,0.88
2026-06-10 19:55:13,125,137,2.28
2026-06-10 19:55:13,79,60,1.0
2026-06-10 19:55:13,18,226,3.77
2026-06-10 19:55:13,99,100,1.67
2026-06-10 19:55:13,68,86,1.43
2026-06-10 19:55:13,141,49,0.82
2026-06-10 19:55:13,95,67,1.12
2026-06-10 19:55:13,144,127,2.12
2026-06-10 19:55:13,449,60,1.0
2026-06-10 19:55:13,170,40,0.67
2026-06-10 19:55:13,72,29,0.48
2026-06-10 19:55:13,747,900,15.0
2026-06-10 19:55:13,129,59,0.98
2026-06-10 19:55:13,144,49,0.82
2026-06-10 19:55:13,43,61,1.02
2026-06-10 19:55:13,57,59,0.98
2026-06-10 19:55:13,61,145,2.42
2026-06-10 19:55:13,196,60,1.0
2026-06-10 19:55:13,106,41,0.68
2026-06-10 19:55:13,22,91,1.52
2026-06-10 19:55:13,20,180,3.0
2026-06-10 19:55:13,70,240,4.0
2026-06-10 19:55:13,164,108,1.8
2026-06-10 19:55:13,128,60,1.0
2026-06-10 19:55:13,127,49,0.82
2026-06-10 19:55:13,44,70,1.17
2026-06-10 19:55:13,129,71,1.18
2026-06-10 19:55:13,67,51,0.85
2026-06-10 19:55:13,47,101,1.68
2026-06-10 19:55:13,51,47,0.78
2026-06-10 19:55:13,211,1020,17.0
2026-06-10 19:55:13,162,120,2.0
2026-06-10 19:55:13,80,105,1.75
2026-06-10 19:55:13,10,61,1.02
2026-06-10 19:55:13,777,240,4.0
2026-06-10 19:55:13,104,21,0.35
2026-06-10 19:55:13,208,71,1.18
2026-06-10 19:55:13,127,110,1.83
2026-06-10 19:55:13,230,50,0.83
2026-06-10 19:55:13,18,91,1.52
2026-06-10 19:55:13,138,69,1.15
2026-06-10 19:55:13,141,54,0.9
2026-06-10 19:55:13,114,62,1.03
2026-06-10 19:55:13,107,20,0.33
2026-06-10 19:55:13,170,76,1.27
2026-06-10 19:55:13,16,15,0.25
2026-06-10 19:55:13,32,57,0.95
2026-06-10 19:55:13,27,46,0.77
2026-06-10 19:55:13,34,42,0.7
2026-06-10 19:55:13,67,55,0.92
2026-06-10 19:55:13,168,52,0.87
2026-06-10 19:55:13,197,45,0.75
2026-06-10 19:55:13,79,84,1.4
2026-06-10 19:55:13,45,26,0.43
2026-06-10 19:55:13,112,71,1.18
2026-06-10 19:55:13,189,83,1.38
2026-06-10 19:55:13,190,33,0.55
2026-06-10 19:55:13,150,59,0.98
2026-06-10 19:55:13,32,69,1.15
2026-06-10 19:55:13,201,42,0.7
2026-06-10 19:55:13,57,67,1.12
2026-06-10 19:55:13,24,52,0.87
2026-06-10 19:55:13,168,67,1.12
2026-06-10 19:55:13,38,360,6.0
2026-06-10 19:55:13,113,46,0.77
2026-06-10 19:55:13,411,75,1.25
2026-06-10 19:55:13,25,51,0.85
2026-06-10 19:55:13,17,78,1.3
2026-06-10 19:55:13,38,81,1.35
2026-06-10 19:55:13,35,75,1.25
2026-06-10 19:55:13,449,463,7.72
2026-06-10 19:55:13,177,49,0.82
2026-06-10 19:55:13,198,109,1.82
2026-06-10 19:55:13,110,32,0.53
2026-06-10 19:55:13,230,184,3.07
2026-06-10 19:55:13,468,60,1.0
2026-06-10 19:55:13,64,102,1.7
2026-06-10 19:55:13,165,69,1.15
2026-06-10 19:55:13,11,55,0.92
2026-06-10 19:55:13,195,143,2.38
2026-06-10 19:55:13,496,84,1.4
2026-06-10 19:55:13,195,181,3.02
2026-06-10 19:55:13,204,68,1.13
2026-06-10 19:55:13,55,57,0.95
2026-06-10 19:55:13,172,54,0.9
2026-06-10 19:55:13,97,41,0.68
2026-06-10 19:55:13,136,66,1.1
2026-06-10 19:55:13,123,120,2.0
2026-06-10 19:55:13,47,99,1.65
2026-06-10 19:55:13,105,44,0.73
2026-06-10 19:55:13,49,121,2.02
2026-06-10 19:55:13,179,38,0.63
2026-06-10 19:55:13,180,115,1.92
2026-06-10 19:55:13,206,215,3.58
2026-06-10 19:55:13,36,93,1.55
2026-06-10 19:55:13,86,47,0.78
2026-06-10 19:55:13,124,60,1.0
2026-06-10 19:55:13,49,60,1.0
2026-06-10 19:55:13,411,1140,19.0
2026-06-10 19:55:13,85,43,0.72
2026-06-10 19:55:13,51,39,0.65
2026-06-10 19:55:13,92,36,0.6
2026-06-10 19:55:13,172,60,1.0
2026-06-10 19:55:13,64,78,1.3
2026-06-10 19:55:13,105,141,2.35
2026-06-10 19:55:13,200,254,4.23
2026-06-10 19:55:13,468,370,6.17
2026-06-10 19:55:13,192,37,0.62
2026-06-10 19:55:13,439,90,1.5
2026-06-10 19:55:13,128,30,0.5
2026-06-10 19:55:13,214,138,2.3
2026-06-10 19:55:13,202,259,4.32
2026-06-10 19:55:13,33,45,0.75
2026-06-10 19:55:13,193,43,0.72
2026-06-10 19:55:13,121,55,0.92
2026-06-10 19:55:13,12,67,1.12
2026-06-10 19:55:13,71,96,1.6
2026-06-10 19:55:13,491,941,15.68
2026-06-10 19:55:13,119,101,1.68
2026-06-10 19:55:13,106,138,2.3
2026-06-10 19:55:13,218,48,0.8
2026-06-10 19:55:13,203,115,1.92
2026-06-10 19:55:13,777,240,4.0
2026-06-10 19:55:13,164,108,1.8
2026-06-10 19:55:13,20,74,1.23
2026-06-10 19:55:13,160,50,0.83
2026-06-10 19:55:13,81,29,0.48
2026-06-10 19:55:13,164,19,0.32
2026-06-10 19:55:13,218,96,1.6
2026-06-10 19:55:13,95,46,0.77
2026-06-10 19:55:13,48,119,1.98
2026-06-10 19:55:13,86,33,0.55
2026-06-10 19:55:13,68,77,1.28
2026-06-10 19:55:13,18,226,3.77
2026-06-10 19:55:13,28,30,0.5
2026-06-10 19:55:13,31,243,4.05
2026-06-10 19:55:13,141,49,0.82
2026-06-10 19:55:13,44,64,1.07
2026-06-10 19:55:13,166,60,1.0
2026-06-10 19:55:13,43,25,0.42
2026-06-10 19:55:13,183,23,0.38
2026-06-10 19:55:13,35,55,0.92
2026-06-10 19:55:13,18,91,1.52
2026-06-10 19:55:13,189,49,0.82
2026-06-10 19:55:13,186,60,1.0
2026-06-10 19:55:13,205,206,3.43
2026-06-10 19:55:13,215,131,2.18
2026-06-10 19:55:13,24,52,0.87
2026-06-10 19:55:13,209,91,1.52
2026-06-10 19:55:13,69,54,0.9
2026-06-10 19:55:13,48,47,0.78
2026-06-10 19:55:13,121,26,0.43
2026-06-10 19:55:13,186,56,0.93
2026-06-10 19:55:13,26,34,0.57
2026-06-10 19:55:13,202,74,1.23
2026-06-10 19:55:13,131,80,1.33
2026-06-10 19:55:13,187,48,0.8
2026-06-10 19:55:13,26,77,1.28
2026-06-10 19:55:13,211,60,1.0
2026-06-10 19:55:13,176,60,1.0
2026-06-10 19:55:13,100,78,1.3
2026-06-10 19:55:13,747,900,15.0
2026-06-10 19:55:13,138,21,0.35
2026-06-10 19:55:13,67,51,0.85
2026-06-10 19:55:13,141,54,0.9
2026-06-10 19:55:13,193,63,1.05
2026-06-10 19:55:13,94,45,0.75
2026-06-10 19:55:13,114,33,0.55
2026-06-10 19:55:13,103,87,1.45
2026-06-10 19:55:13,211,1020,17.0
2026-06-10 19:55:13,777,300,5.0
2026-06-10 19:55:13,61,37,0.62
2026-06-10 19:55:13,161,215,3.58
2026-06-10 19:55:13,174,26,0.43
2026-06-10 19:55:13,51,47,0.78
2026-06-10 19:55:13,37,37,0.62
2026-06-10 19:55:13,64,102,1.7
2026-06-10 19:55:13,102,142,2.37
2026-06-10 19:55:13,54,43,0.72
2026-06-10 19:55:13,136,66,1.1
2026-06-10 19:55:13,161,39,0.65
2026-06-10 19:55:13,124,125,2.08
2026-06-10 19:55:13,470,51,0.85
2026-06-10 19:55:13,41,53,0.88
2026-06-10 19:55:13,105,141,2.35
2026-06-10 19:55:13,11,14,0.23
2026-06-10 19:55:13,136,17,0.28
2026-06-10 19:55:13,200,71,1.18
2026-06-10 19:55:13,119,16,0.27
2026-06-10 19:55:13,80,52,0.87
2026-06-10 19:55:13,97,155,2.58
2026-06-10 19:55:13,162,33,0.55
2026-06-10 19:55:13,51,39,0.65
2026-06-10 19:55:13,50,66,1.1
2026-06-10 19:55:13,112,45,0.75
2026-06-10 19:55:13,108,47,0.78
2026-06-10 19:55:13,470,1260,21.0
2026-06-10 19:55:13,102,51,0.85
2026-06-10 19:55:13,189,83,1.38
2026-06-10 19:55:13,777,240,4.0
2026-06-10 19:55:13,103,64,1.07
2026-06-10 19:55:13,104,55,0.92
2026-06-10 19:55:13,208,186,3.1
2026-06-10 19:55:13,20,180,3.0
2026-06-10 19:55:13,93,139,2.32
2026-06-10 19:55:13,17,40,0.67
2026-06-10 19:55:13,165,69,1.15
2026-06-10 19:55:13,13,54,0.9
2026-06-10 19:55:13,139,91,1.52
2026-06-10 19:55:13,221,264,4.4
2026-06-10 19:55:13,36,133,2.22
2026-06-10 19:55:13,80,105,1.75
2026-06-10 19:55:13,105,44,0.73
2026-06-10 19:55:13,13,53,0.88
2026-06-10 19:55:13,37,92,1.53
2026-06-10 19:55:13,150,59,0.98
2026-06-10 19:55:13,160,50,0.83
2026-06-10 19:55:13,197,78,1.3
2026-06-10 19:55:13,176,60,1.0
2026-06-10 19:55:13,203,269,4.48
2026-06-10 19:55:13,106,138,2.3
2026-06-10 19:55:13,94,48,0.8
2026-06-10 19:55:13,496,958,15.97
2026-06-10 19:55:13,215,147,2.45
2026-06-10 19:55:13,171,120,2.0
2026-06-10 19:55:13,92,259,4.32
2026-06-10 19:55:13,172,54,0.9
2026-06-10 19:55:13,44,70,1.17
2026-06-10 19:55:13,214,55,0.92
2026-06-10 19:55:13,112,71,1.18
2026-06-10 19:55:13,144,49,0.82
2026-06-10 19:55:13,141,54,0.9
2026-06-10 19:55:13,141,49,0.82
2026-06-10 19:55:13,496,84,1.4
2026-06-10 19:55:13,449,60,1.0
2026-06-10 19:55:13,209,300,5.0
2026-06-10 19:55:13,95,67,1.12
2026-06-10 19:55:13,22,56,0.93
2026-06-10 19:55:13,170,40,0.67
2026-06-10 19:55:13,106,41,0.68
2026-06-10 19:55:13,22,91,1.52
2026-06-10 19:55:13,168,52,0.87
2026-06-10 19:55:13,51,39,0.65
2026-06-10 19:55:13,127,110,1.83
2026-06-10 19:55:13,67,60,1.0
2026-06-10 20:05:15,165,26,0.43
2026-06-10 20:05:15,187,256,4.27
2026-06-10 20:05:15,208,31,0.52
2026-06-10 20:05:15,18,79,1.32
2026-06-10 20:05:15,192,85,1.42
2026-06-10 20:05:15,20,49,0.82
2026-06-10 20:05:15,193,23,0.38
2026-06-10 20:05:15,32,26,0.43
2026-06-10 20:05:15,201,95,1.58
2026-06-10 20:05:15,66,45,0.75
2026-06-10 20:05:15,25,49,0.82
2026-06-10 20:05:15,35,45,0.75
2026-06-10 20:05:15,49,31,0.52
2026-06-10 20:05:15,138,58,0.97
2026-06-10 20:05:15,165,109,1.82
2026-06-10 20:05:15,56,25,0.42
2026-06-10 20:05:15,81,27,0.45
2026-06-10 20:05:15,55,65,1.08
2026-06-10 20:05:15,119,59,0.98
2026-06-10 20:05:15,185,50,0.83
2026-06-10 20:05:15,189,32,0.53
2026-06-10 20:05:15,35,116,1.93
2026-06-10 20:05:15,104,46,0.77
2026-06-10 20:05:15,209,32,0.53
2026-06-10 20:05:15,80,153,2.55
2026-06-10 20:05:15,214,48,0.8
2026-06-10 20:05:15,36,90,1.5
2026-06-10 20:05:15,29,69,1.15
2026-06-10 20:05:15,179,55,0.92
2026-06-10 20:05:15,33,24,0.4
2026-06-10 20:05:15,64,43,0.72
2026-06-10 20:05:15,165,49,0.82
2026-06-10 20:05:15,180,79,1.32
2026-06-10 20:05:15,34,27,0.45
2026-06-10 20:05:15,128,25,0.42
2026-06-10 20:05:15,106,40,0.67
2026-06-10 20:05:15,68,32,0.53
2026-06-10 20:05:15,185,22,0.37
2026-06-10 20:05:15,49,22,0.37
2026-06-10 20:05:15,92,69,1.15
2026-06-10 20:05:15,496,54,0.9
2026-06-10 20:05:15,112,53,0.88
2026-06-10 20:05:15,141,48,0.8
2026-06-10 20:05:15,128,40,0.67
2026-06-10 20:05:15,69,99,1.65
2026-06-10 20:05:15,141,27,0.45
2026-06-10 20:05:15,33,34,0.57
2026-06-10 20:05:15,211,34,0.57
2026-06-10 20:05:15,129,84,1.4
2026-06-10 20:05:15,12,104,1.73
2026-06-10 20:05:15,121,48,0.8
2026-06-10 20:05:15,170,38,0.63
2026-06-10 20:05:15,69,25,0.42
2026-06-10 20:05:15,171,30,0.5
2026-06-10 20:05:15,48,51,0.85
2026-06-10 20:05:15,41,60,1.0
2026-06-10 20:05:15,79,39,0.65
2026-06-10 20:05:15,198,61,1.02
2026-06-10 20:05:15,105,64,1.07
2026-06-10 20:05:15,192,54,0.9
2026-06-10 20:05:15,439,135,2.25
2026-06-10 20:05:15,41,54,0.9
2026-06-10 20:05:15,125,36,0.6
2026-06-10 20:05:15,119,38,0.63
2026-06-10 20:05:15,186,43,0.72
2026-06-10 20:05:15,139,51,0.85
2026-06-10 20:05:15,439,31,0.52
2026-06-10 20:05:15,439,154,2.57
2026-06-10 20:05:15,55,63,1.05
2026-06-10 20:05:15,747,900,15.0
2026-06-10 20:05:15,124,41,0.68
2026-06-10 20:05:15,205,44,0.73
2026-06-10 20:05:15,48,50,0.83
2026-06-10 20:05:15,193,63,1.05
2026-06-10 20:05:15,131,60,1.0
2026-06-10 20:05:15,208,68,1.13
2026-06-10 20:05:15,95,48,0.8
2026-06-10 20:05:15,161,42,0.7
2026-06-10 20:05:15,230,58,0.97
2026-06-10 20:05:15,125,176,2.93
2026-06-10 20:05:15,198,58,0.97
2026-06-10 20:05:15,202,44,0.73
2026-06-10 20:05:15,491,93,1.55
2026-06-10 20:05:15,439,100,1.67
2026-06-10 20:05:15,55,186,3.1
2026-06-10 20:05:15,18,29,0.48
2026-06-10 20:05:15,207,36,0.6
2026-06-10 20:05:15,121,37,0.62
2026-06-10 20:05:15,16,53,0.88
2026-06-10 20:05:15,198,33,0.55
2026-06-10 20:05:15,33,46,0.77
2026-06-10 20:05:15,206,68,1.13
2026-06-10 20:05:15,195,61,1.02
2026-06-10 20:05:15,150,102,1.7
2026-06-10 20:05:15,164,52,0.87
2026-06-10 20:05:15,43,46,0.77
2026-06-10 20:05:15,480,61,1.02
2026-06-10 20:05:15,49,40,0.67
2026-06-10 20:05:15,468,31,0.52
2026-06-10 20:05:15,112,46,0.77
2026-06-10 20:05:15,57,52,0.87
2026-06-10 20:05:15,36,53,0.88
2026-06-10 20:05:15,460,240,4.0
2026-06-10 20:05:15,193,59,0.98
2026-06-10 20:05:15,439,48,0.8
2026-06-10 20:05:15,168,36,0.6
2026-06-10 20:05:15,129,51,0.85
2026-06-10 20:05:15,38,63,1.05
2026-06-10 20:05:15,193,48,0.8
2026-06-10 20:05:15,36,294,4.9
2026-06-10 20:05:15,123,49,0.82
2026-06-10 20:05:15,49,39,0.65
2026-06-10 20:05:15,61,103,1.72
2026-06-10 20:05:15,13,53,0.88
2026-06-10 20:05:15,112,19,0.32
2026-06-10 20:05:15,90,44,0.73
2026-06-10 20:05:15,67,70,1.17
2026-06-10 20:05:15,144,70,1.17
2026-06-10 20:05:15,229,114,1.9
2026-06-10 20:05:15,165,44,0.73
2026-06-10 20:05:15,114,24,0.4
2026-06-10 20:05:15,86,32,0.53
2026-06-10 20:05:15,411,17,0.28
2026-06-10 20:05:15,48,31,0.52
2026-06-10 20:05:15,64,41,0.68
2026-06-10 20:05:15,18,60,1.0
2026-06-10 20:05:15,165,87,1.45
2026-06-10 20:05:15,218,3,0.05
2026-06-10 20:05:15,11,58,0.97
2026-06-10 20:05:15,215,30,0.5
2026-06-10 20:05:15,67,58,0.97
2026-06-10 20:05:15,165,63,1.05
2026-06-10 20:05:15,68,39,0.65
2026-06-10 20:05:15,211,20,0.33
2026-06-10 20:05:15,97,19,0.32
2026-06-10 20:05:15,180,146,2.43
2026-06-10 20:05:15,747,40,0.67
2026-06-10 20:05:15,41,59,0.98
2026-06-10 20:05:15,141,33,0.55
2026-06-10 20:05:15,51,101,1.68
2026-06-10 20:05:15,24,91,1.52
2026-06-10 20:05:15,110,40,0.67
2026-06-10 20:05:15,66,27,0.45
2026-06-10 20:05:15,141,18,0.3
2026-06-10 20:05:15,811,193,3.22
2026-06-10 20:05:15,125,4,0.07
2026-06-10 20:05:15,85,62,1.03
2026-06-10 20:05:15,24,52,0.87
2026-06-10 20:05:15,119,16,0.27
2026-06-10 20:05:15,13,54,0.9
2026-06-10 20:05:15,470,1260,21.0
2026-06-10 20:05:15,13,53,0.88
2026-06-10 20:05:15,102,51,0.85
2026-06-10 20:05:15,171,74,1.23
2026-06-10 20:05:15,41,53,0.88
2026-06-10 20:05:15,214,55,0.92
2026-06-10 20:05:15,112,45,0.75
2026-06-10 20:05:15,203,269,4.48
2026-06-10 20:05:15,56,86,1.43
2026-06-10 20:05:15,129,61,1.02
2026-06-10 20:05:15,215,64,1.07
2026-06-10 20:05:15,90,69,1.15
2026-06-10 20:05:15,70,58,0.97
2026-06-10 20:05:15,24,68,1.13
2026-06-10 20:05:15,51,59,0.98
2026-06-10 20:05:15,103,46,0.77
2026-06-10 20:05:15,127,58,0.97
2026-06-10 20:05:15,470,31,0.52
2026-06-10 20:05:15,11,11,0.18
2026-06-10 20:05:15,69,49,0.82
2026-06-10 20:05:15,79,111,1.85
2026-06-10 20:05:15,24,33,0.55
2026-06-10 20:05:15,48,47,0.78
2026-06-10 20:05:15,69,34,0.57
2026-06-10 20:05:15,17,47,0.78
2026-06-10 20:05:15,86,27,0.45
2026-06-10 20:05:15,161,49,0.82
2026-06-10 20:05:15,139,71,1.18
2026-06-10 20:05:15,85,16,0.27
2026-06-10 20:05:15,195,39,0.65
2026-06-10 20:05:15,136,10,0.17
2026-06-10 20:05:15,32,88,1.47
2026-06-10 20:05:15,110,48,0.8
2026-06-10 20:05:15,97,21,0.35
2026-06-10 20:05:15,24,57,0.95
2026-06-10 20:05:15,201,77,1.28
2026-06-10 20:05:15,38,26,0.43
2026-06-10 20:05:15,45,72,1.2
2026-06-10 20:05:15,121,66,1.1
2026-06-10 20:05:15,36,43,0.72
2026-06-10 20:05:15,411,33,0.55
2026-06-10 20:05:15,70,83,1.38
2026-06-10 20:05:15,34,42,0.7
2026-06-10 20:05:15,470,98,1.63
2026-06-10 20:05:15,197,33,0.55
2026-06-10 20:05:15,79,5,0.08
2026-06-10 20:05:15,105,30,0.5
2026-06-10 20:05:15,13,56,0.93
2026-06-10 20:05:15,136,51,0.85
2026-06-10 20:05:15,161,21,0.35
2026-06-10 20:05:15,55,47,0.78
2026-06-10 20:05:15,166,48,0.8
2026-06-10 20:05:15,208,54,0.9
2026-06-10 20:05:15,47,91,1.52
2026-06-10 20:05:15,92,259,4.32
2026-06-10 20:05:15,777,80,1.33
2026-06-10 20:05:15,51,49,0.82
2026-06-10 20:05:15,61,41,0.68
2026-06-10 20:05:15,164,67,1.12
2026-06-10 20:05:15,24,121,2.02
2026-06-10 20:05:15,165,96,1.6
2026-06-10 20:05:15,33,30,0.5
2026-06-10 20:05:15,55,56,0.93
2026-06-10 20:05:15,67,43,0.72
2026-06-10 20:05:15,100,24,0.4
2026-06-10 20:05:15,202,25,0.42
2026-06-10 20:05:15,18,88,1.47
2026-06-10 20:05:15,161,40,0.67
2026-06-10 20:05:15,114,32,0.53
2026-06-10 20:05:15,22,27,0.45
2026-06-10 20:05:15,140,64,1.07
2026-06-10 20:05:15,196,35,0.58
2026-06-10 20:05:15,128,44,0.73
2026-06-10 20:05:15,189,49,0.82
2026-06-10 20:05:15,90,78,1.3
2026-06-10 20:05:15,162,23,0.38
2026-06-10 20:05:15,141,57,0.95
2026-06-10 20:05:15,10,56,0.93
2026-06-10 20:05:15,203,46,0.77
2026-06-10 20:05:15,49,121,2.02
2026-06-10 20:05:15,179,43,0.72
2026-06-10 20:05:15,128,36,0.6
2026-06-10 20:05:15,85,42,0.7
2026-06-10 20:05:15,215,92,1.53
2026-06-10 20:05:15,121,71,1.18
2026-06-10 20:05:15,31,32,0.53
2026-06-10 20:05:15,18,110,1.83
2026-06-10 20:05:15,49,62,1.03
2026-06-10 20:05:15,170,76,1.27
2026-06-10 20:05:15,95,49,0.82
2026-06-10 20:05:15,172,46,0.77
2026-06-10 20:05:15,121,119,1.98
2026-06-10 20:05:15,141,56,0.93
2026-06-10 20:05:15,161,64,1.07
2026-06-10 20:05:15,107,70,1.17
2026-06-10 20:05:15,45,38,0.63
2026-06-10 20:05:15,25,77,1.28
2026-06-10 20:05:15,460,232,3.87
2026-06-10 20:05:15,43,26,0.43
2026-06-10 20:05:15,439,105,1.75
2026-06-10 20:05:15,86,29,0.48
2026-06-10 20:05:15,32,48,0.8
2026-06-10 20:05:15,121,100,1.67
2026-06-10 20:05:15,22,15,0.25
2026-06-10 20:05:15,449,30,0.5
2026-06-10 20:05:15,136,37,0.62
2026-06-10 20:05:15,187,20,0.33
2026-06-10 20:05:15,44,31,0.52
2026-06-10 20:05:15,71,65,1.08
2026-06-10 20:05:15,107,62,1.03
2026-06-10 20:05:15,747,158,2.63
2026-06-10 20:05:15,174,40,0.67
2026-06-10 20:05:15,121,83,1.38
2026-06-10 20:05:15,69,108,1.8
2026-06-10 20:05:15,94,75,1.25
2026-06-10 20:05:15,28,38,0.63
2026-06-10 20:05:15,127,86,1.43
2026-06-10 20:05:15,186,65,1.08
2026-06-10 20:05:15,141,58,0.97
2026-06-10 20:05:15,24,29,0.48
2026-06-10 20:05:15,139,21,0.35
2026-06-10 20:05:15,18,30,0.5
2026-06-10 20:05:15,67,60,1.0
2026-06-10 20:05:15,198,177,2.95
2026-06-10 20:05:15,113,40,0.67
2026-06-10 20:05:15,33,35,0.58
2026-06-10 20:05:15,172,44,0.73
2026-06-10 20:05:15,54,58,0.97
2026-06-10 20:05:15,192,52,0.87
2026-06-10 20:05:15,195,52,0.87
2026-06-10 20:05:15,107,38,0.63
2026-06-10 20:05:15,195,26,0.43
2026-06-10 20:05:15,17,189,3.15
2026-06-10 20:05:15,92,53,0.88
2026-06-10 20:05:15,204,28,0.47
2026-06-10 20:05:15,150,85,1.42
2026-06-10 20:05:15,230,67,1.12
2026-06-10 20:05:15,57,38,0.63
2026-06-10 20:05:15,10,72,1.2
2026-06-10 20:05:15,51,56,0.93
2026-06-10 20:05:15,43,44,0.73
2026-06-10 20:05:15,16,74,1.23
2026-06-10 20:05:15,203,26,0.43
2026-06-10 20:05:15,34,56,0.93
2026-06-10 20:05:15,18,71,1.18
2026-06-10 20:05:15,205,66,1.1
2026-06-10 20:05:15,197,67,1.12
2026-06-10 20:05:15,49,129,2.15
2026-06-10 20:05:15,138,21,0.35
2026-06-10 20:05:15,202,31,0.52
2026-06-10 20:05:15,496,44,0.73
2026-06-10 20:05:15,110,28,0.47
2026-06-10 20:05:15,48,38,0.63
2026-06-10 20:05:15,20,180,3.0
2026-06-10 20:05:15,44,55,0.92
2026-06-10 20:05:15,439,132,2.2
2026-06-10 20:05:15,110,28,0.47
2026-06-10 20:05:15,777,240,4.0
2026-06-10 20:05:15,32,30,0.5
2026-06-10 20:05:15,439,163,2.72
2026-06-10 20:05:15,189,18,0.3
2026-06-10 20:05:15,66,55,0.92
2026-06-10 20:05:15,80,25,0.42
2026-06-10 20:05:15,197,52,0.87
2026-06-10 20:05:15,123,60,1.0
2026-06-10 20:05:15,160,50,0.83
2026-06-10 20:05:15,138,19,0.32
2026-06-10 20:05:15,66,46,0.77
2026-06-10 20:05:15,104,66,1.1
2026-06-10 20:05:15,410,38,0.63
2026-06-10 20:05:15,200,76,1.27
2026-06-10 20:05:15,12,29,0.48
2026-06-10 20:05:15,124,20,0.33
2026-06-10 20:05:15,79,32,0.53
2026-06-10 20:05:15,468,240,4.0
2026-06-10 20:05:15,139,48,0.8
2026-06-10 20:05:15,162,46,0.77
2026-06-10 20:05:15,37,44,0.73
2026-06-10 20:05:15,183,23,0.38
2026-06-10 20:05:15,67,101,1.68
2026-06-10 20:05:15,31,44,0.73
2026-06-10 20:05:15,141,44,0.73
2026-06-10 20:05:15,177,41,0.68
2026-06-10 20:05:15,496,142,2.37
2026-06-10 20:05:15,68,39,0.65
2026-06-10 20:05:15,211,208,3.47
2026-06-10 20:05:15,103,47,0.78
2026-06-10 20:05:15,51,71,1.18
2026-06-10 20:05:15,86,24,0.4
2026-06-10 20:05:15,86,44,0.73
2026-06-10 20:05:15,170,104,1.73
2026-06-10 20:05:15,106,31,0.52
2026-06-10 20:05:15,44,50,0.83
2026-06-10 20:05:15,27,41,0.68
2026-06-10 20:05:15,54,38,0.63
2026-06-10 20:05:15,61,59,0.98
2026-06-10 20:05:15,37,56,0.93
2026-06-10 20:05:15,125,93,1.55
2026-06-10 20:05:15,203,56,0.93
2026-06-10 20:05:15,204,38,0.63
2026-06-10 20:05:15,24,53,0.88
2026-06-10 20:05:15,50,153,2.55
2026-06-10 20:05:15,229,29,0.48
2026-06-10 20:05:15,164,240,4.0
2026-06-10 20:05:15,747,438,7.3
2026-06-10 20:05:15,43,35,0.58
2026-06-10 20:05:15,208,186,3.1
2026-06-10 20:05:15,129,70,1.17
2026-06-10 20:05:15,51,84,1.4
2026-06-10 20:05:15,460,343,5.72
2026-06-10 20:05:15,24,52,0.87
2026-06-10 20:05:15,61,51,0.85
2026-06-10 20:05:15,90,46,0.77
2026-06-10 20:05:15,105,80,1.33
2026-06-10 20:05:15,200,41,0.68
2026-06-10 20:05:15,449,55,0.92
2026-06-10 20:05:15,468,146,2.43
2026-06-10 20:05:15,37,37,0.62
2026-06-10 20:05:15,100,34,0.57
2026-06-10 20:05:15,136,66,1.1
2026-06-10 20:05:15,180,146,2.43
2026-06-10 20:05:15,110,179,2.98
2026-06-10 20:05:15,192,33,0.55
2026-06-10 20:05:15,202,259,4.32
2026-06-10 20:05:15,215,131,2.18
2026-06-10 20:05:15,747,158,2.63
2026-06-10 20:05:15,44,64,1.07
2026-06-10 20:05:15,176,60,1.0
2026-06-10 20:05:15,90,75,1.25
2026-06-10 20:05:15,747,900,15.0
2026-06-10 20:05:15,28,20,0.33
2026-06-10 20:05:15,139,91,1.52
2026-06-10 20:05:15,176,31,0.52
2026-06-10 20:05:15,41,121,2.02
2026-06-10 20:05:15,18,78,1.3
2026-06-10 20:05:15,205,206,3.43
2026-06-10 20:05:15,121,25,0.42
2026-06-10 20:05:15,180,33,0.55
2026-06-10 20:05:15,107,74,1.23
2026-06-10 20:05:15,16,15,0.25
2026-06-10 20:05:15,449,83,1.38
2026-06-10 20:05:15,144,56,0.93
2026-06-10 20:05:15,190,78,1.3
2026-06-10 20:05:15,140,38,0.63
2026-06-10 20:05:15,206,38,0.63
2026-06-10 20:05:15,187,48,0.8
2026-06-10 20:05:15,10,39,0.65
2026-06-10 20:05:15,411,188,3.13
2026-06-10 20:05:15,51,75,1.25
2026-06-10 20:05:15,439,88,1.47
2026-06-10 20:05:15,103,64,1.07
2026-06-10 20:05:15,125,117,1.95
2026-06-10 20:05:15,177,35,0.58
2026-06-10 20:05:15,64,102,1.7
2026-06-10 20:05:15,69,46,0.77
2026-06-10 20:05:15,100,78,1.3
2026-06-10 20:05:15,105,93,1.55
2026-06-10 20:05:15,230,53,0.88
2026-06-10 20:05:15,97,155,2.58
2026-06-10 20:05:15,18,91,1.52
2026-06-10 20:05:15,230,50,0.83
2026-06-10 20:05:15,20,275,4.58
2026-06-10 20:05:15,128,61,1.02
2026-06-10 20:05:15,47,56,0.93
2026-06-10 20:05:15,49,59,0.98
2026-06-10 20:05:15,128,60,1.0
2026-06-10 20:05:15,209,49,0.82
2026-06-10 20:05:15,44,64,1.07
2026-06-10 20:05:15,34,71,1.18
2026-06-10 20:05:15,777,57,0.95
2026-06-10 20:05:15,35,46,0.77
2026-06-10 20:05:15,190,23,0.38
2026-06-10 20:05:15,496,84,1.4
2026-06-10 20:05:15,186,60,1.0
2026-06-10 20:05:15,86,33,0.55
2026-06-10 20:05:15,36,133,2.22
2026-06-10 20:05:15,123,120,2.0
2026-06-10 20:05:15,90,16,0.27
2026-06-10 20:05:15,162,33,0.55
2026-06-10 20:05:15,48,119,1.98
2026-06-10 20:05:15,48,68,1.13
2026-06-10 20:05:15,48,105,1.75
2026-06-10 20:05:15,209,94,1.57
2026-06-10 20:05:15,198,31,0.52
2026-06-10 20:05:15,67,51,0.85
2026-06-10 20:05:15,218,96,1.6
2026-06-10 20:05:15,136,17,0.28
2026-06-10 20:05:15,11,14,0.23
2026-06-10 20:05:15,102,51,0.85
2026-06-10 20:05:15,777,82,1.37
2026-06-10 20:05:15,470,51,0.85
2026-06-10 20:05:15,171,120,2.0
2026-06-10 20:05:15,197,78,1.3
2026-06-10 20:05:15,70,29,0.48
2026-06-10 20:05:15,41,40,0.67
2026-06-10 20:05:15,27,156,2.6
2026-06-10 20:05:15,93,84,1.4
2026-06-10 20:05:15,201,100,1.67
2026-06-10 20:05:15,172,54,0.9
2026-06-10 20:05:15,49,121,2.02
2026-06-10 20:05:15,79,60,1.0
2026-06-10 20:05:15,66,46,0.77
2026-06-10 20:05:15,68,86,1.43
2026-06-10 20:05:15,102,142,2.37
2026-06-10 20:05:15,193,63,1.05
2026-06-10 20:05:15,211,60,1.0
2026-06-10 20:05:15,470,1260,21.0
2026-06-10 20:05:15,110,32,0.53
2026-06-10 20:05:15,56,53,0.88
2026-06-10 20:05:15,31,201,3.35
2026-06-10 20:05:15,166,60,1.0
2026-06-10 20:05:15,124,125,2.08
2026-06-10 20:05:15,107,20,0.33
2026-06-10 20:05:15,94,45,0.75
2026-06-10 20:05:15,221,169,2.82
2026-06-10 20:05:15,206,35,0.58
2026-06-10 20:05:15,27,46,0.77
2026-06-10 20:05:15,131,21,0.35
2026-06-10 20:05:15,55,57,0.95
2026-06-10 20:05:15,190,158,2.63
2026-06-10 20:05:15,105,44,0.73
2026-06-10 20:05:15,172,60,1.0
2026-06-10 20:05:15,215,147,2.45
2026-06-10 20:05:15,61,37,0.62
2026-06-10 20:05:15,67,55,0.92
2026-06-10 20:05:15,72,420,7.0
2026-06-10 20:05:15,67,55,0.92
2026-06-10 20:05:15,10,39,0.65
2026-06-10 20:05:15,747,203,3.38
2026-06-10 20:05:15,170,40,0.67
2026-06-10 20:05:15,56,53,0.88
2026-06-10 20:05:15,140,180,3.0
2026-06-10 20:05:15,92,259,4.32
2026-06-10 20:05:15,176,60,1.0
2026-06-10 20:05:15,81,89,1.48
2026-06-10 20:05:15,205,42,0.7
2026-06-10 20:05:15,144,127,2.12
2026-06-10 20:05:15,150,236,3.93
2026-06-10 20:05:15,95,67,1.12
2026-06-10 20:05:15,61,145,2.42
2026-06-10 20:05:15,449,60,1.0
2026-06-10 20:05:15,22,56,0.93
2026-06-10 20:05:15,141,49,0.82
2026-06-10 20:05:15,189,83,1.38
2026-06-10 20:05:15,164,108,1.8
2026-06-10 20:05:15,129,59,0.98
2026-06-10 20:05:15,51,23,0.38
2026-06-10 20:05:15,37,92,1.53
2026-06-10 20:05:15,144,49,0.82
2026-06-10 20:05:15,125,137,2.28
2026-06-10 20:05:15,45,26,0.43
2026-06-10 20:05:15,161,39,0.65
2026-06-10 20:05:15,221,120,2.0
2026-06-10 20:05:15,56,68,1.13
2026-06-10 20:05:15,747,900,15.0
2026-06-10 20:05:15,28,42,0.7
2026-06-10 20:05:15,202,74,1.23
2026-06-10 20:05:15,211,102,1.7
2026-06-10 20:05:15,36,47,0.78
2026-06-10 20:05:15,43,22,0.37
2026-06-10 20:05:15,106,138,2.3
2026-06-10 20:05:15,186,56,0.93
2026-06-10 20:05:15,54,43,0.72
2026-06-10 20:05:15,138,69,1.15
2026-06-10 20:05:15,44,70,1.17
2026-06-10 20:05:15,165,37,0.62
2026-06-10 20:05:15,104,21,0.35
2026-06-10 20:05:15,70,240,4.0
2026-06-10 20:05:15,129,71,1.18
2026-06-10 20:05:15,196,60,1.0
2026-06-10 20:05:15,22,91,1.52
2026-06-10 20:05:15,93,139,2.32
2026-06-10 20:05:15,200,71,1.18
2026-06-10 20:05:15,186,60,1.0
2026-06-10 20:05:15,127,110,1.83
2026-06-10 20:05:15,16,119,1.98
2026-06-10 20:05:15,190,33,0.55
2026-06-10 20:05:15,212,92,1.53
2026-06-10 20:05:15,141,54,0.9
2026-06-10 20:05:15,51,39,0.65
2026-06-10 20:05:15,16,15,0.25
2026-06-10 20:05:15,127,49,0.82
2026-06-10 20:05:15,208,71,1.18
2026-06-10 20:05:15,125,86,1.43
2026-06-10 20:05:15,161,215,3.58
2026-06-10 20:05:15,119,16,0.27
2026-06-10 20:05:15,85,43,0.72
2026-06-10 20:05:15,114,62,1.03
2026-06-10 20:05:15,128,60,1.0
2026-06-10 20:05:15,165,69,1.15
2026-06-10 20:05:15,106,115,1.92
2026-06-10 20:05:15,161,31,0.52
2026-06-10 20:05:15,162,120,2.0
2026-06-10 20:05:15,747,1260,21.0
2026-06-10 20:05:15,70,240,4.0
2026-06-10 20:05:15,48,55,0.92
2026-06-10 20:05:15,185,53,0.88
2026-06-10 20:05:15,777,240,4.0
2026-06-10 20:05:15,110,179,2.98
2026-06-10 20:05:15,201,42,0.7
2026-06-10 20:05:15,201,100,1.67
2026-06-10 20:05:15,747,900,15.0
2026-06-10 20:05:15,170,76,1.27
2026-06-10 20:05:15,170,40,0.67
2026-06-10 20:05:15,168,52,0.87
2026-06-10 20:05:15,230,184,3.07
2026-06-10 20:05:15,38,360,6.0
2026-06-10 20:05:15,113,71,1.18
2026-06-10 20:05:15,211,1020,17.0
2026-06-10 20:05:15,45,26,0.43
2026-06-10 20:05:15,38,81,1.35
2026-06-10 20:05:15,747,900,15.0
2026-06-10 20:05:15,71,41,0.68
2026-06-10 20:05:15,17,40,0.67
2026-06-10 20:05:15,113,46,0.77
2026-06-10 20:05:15,491,941,15.68
2026-06-10 20:05:15,204,68,1.13
2026-06-10 20:05:15,197,45,0.75
2026-06-10 20:05:15,18,91,1.52
2026-06-10 20:05:15,10,61,1.02
2026-06-10 20:05:15,79,84,1.4
2026-06-10 20:05:15,97,41,0.68
2026-06-10 20:05:15,165,37,0.62
2026-06-10 20:05:15,165,69,1.15
2026-06-10 20:05:15,20,74,1.23
2026-06-10 20:05:15,81,89,1.48
2026-06-10 20:05:15,747,1260,21.0
2026-06-10 20:05:15,747,900,15.0
2026-06-10 20:05:15,171,32,0.53
2026-06-10 20:05:15,747,1484,24.73
2026-06-10 20:05:15,777,300,5.0
2026-06-10 20:05:15,411,75,1.25
2026-06-10 20:05:15,17,78,1.3
2026-06-10 20:05:15,168,67,1.12
2026-06-10 20:05:15,50,183,3.05
2026-06-10 20:05:15,32,69,1.15
2026-06-10 20:05:15,179,38,0.63
2026-06-10 20:05:15,161,184,3.07
2026-06-10 20:05:15,67,51,0.85
2026-06-10 20:05:15,105,141,2.35
2026-06-10 20:05:15,123,25,0.42
2026-06-10 20:05:15,121,26,0.43
2026-06-10 20:05:15,57,67,1.12
2026-06-10 20:05:15,177,43,0.72
2026-06-10 20:05:15,90,75,1.25
2026-06-10 20:05:15,128,30,0.5
2026-06-10 20:05:15,214,138,2.3
2026-06-10 20:05:15,64,102,1.7
2026-06-10 20:05:15,32,57,0.95
2026-06-10 20:05:15,180,115,1.92
2026-06-10 20:05:15,468,60,1.0
2026-06-10 20:05:15,20,180,3.0
2026-06-10 20:05:15,777,240,4.0
2026-06-10 20:05:15,24,25,0.42
2026-06-10 20:05:15,74,83,1.38
2026-06-10 20:05:15,747,1233,20.55
2026-06-10 20:05:15,140,133,2.22
2026-06-10 20:05:15,165,37,0.62
2026-06-10 20:05:15,49,60,1.0
2026-06-10 20:05:15,411,1080,18.0
2026-06-10 20:05:15,193,63,1.05
2026-06-10 20:05:15,183,19,0.32
2026-06-10 20:05:15,195,143,2.38
2026-06-10 20:05:15,48,47,0.78
2026-06-10 20:05:15,496,958,15.97
2026-06-10 20:05:15,198,109,1.82
2026-06-10 20:05:15,112,71,1.18
2026-06-10 20:05:15,195,181,3.02
2026-06-10 20:05:15,11,55,0.92
2026-06-10 20:05:15,34,42,0.7
2026-06-10 20:05:15,34,71,1.18
2026-06-10 20:05:15,190,158,2.63
2026-06-10 20:05:15,179,19,0.32
2026-06-10 20:05:15,777,240,4.0
2026-06-10 20:05:15,92,36,0.6
2026-06-10 20:05:15,48,119,1.98
2026-06-10 20:05:15,18,226,3.77
2026-06-10 20:05:15,206,215,3.58
2026-06-10 20:05:15,57,59,0.98
2026-06-10 20:05:15,124,60,1.0
2026-06-10 20:05:15,43,59,0.98
2026-06-10 20:05:15,25,51,0.85
2026-06-10 20:05:15,204,78,1.3
2026-06-10 20:05:15,192,37,0.62
2026-06-10 20:05:15,177,49,0.82
2026-06-10 20:05:15,86,47,0.78
2026-06-10 20:05:15,150,59,0.98
2026-06-10 20:05:15,36,93,1.55
2026-06-10 20:05:15,47,99,1.65
2026-06-10 20:05:15,468,370,6.17
2026-06-10 20:05:15,200,254,4.23
2026-06-10 20:05:15,80,105,1.75
2026-06-10 20:05:15,174,360,6.0
2026-06-10 20:05:15,47,84,1.4
2026-06-10 20:05:15,439,90,1.5
2026-06-10 20:05:15,55,57,0.95
2026-06-10 20:05:15,54,32,0.53
2026-06-10 20:05:15,12,47,0.78
2026-06-10 20:05:15,16,119,1.98
2026-06-10 20:05:15,150,236,3.93
2026-06-10 20:05:15,71,96,1.6
2026-06-10 20:05:15,218,48,0.8
2026-06-10 20:05:15,747,158,2.63
2026-06-10 20:05:15,203,115,1.92
2026-06-10 20:05:15,193,43,0.72
2026-06-10 20:05:15,33,45,0.75
2026-06-10 20:05:15,449,463,7.72
2026-06-10 20:05:15,103,87,1.45
2026-06-10 20:05:15,187,107,1.78
2026-06-10 20:05:15,49,121,2.02
2026-06-10 20:05:15,119,101,1.68
2026-06-10 20:05:15,187,107,1.78
2026-06-10 20:05:15,215,131,2.18
2026-06-10 20:05:15,185,72,1.2
2026-06-10 20:05:15,28,20,0.33
2026-06-10 20:05:15,160,50,0.83
2026-06-10 20:05:15,64,78,1.3
2026-06-10 20:05:15,164,19,0.32
2026-06-10 20:05:15,777,181,3.02
2026-06-10 20:05:15,218,96,1.6
2026-06-10 20:05:15,95,46,0.77
2026-06-10 20:05:15,35,75,1.25
2026-06-10 20:05:15,166,60,1.0
2026-06-10 20:05:15,43,25,0.42
2026-06-10 20:05:15,439,112,1.87
2026-06-10 20:05:15,69,54,0.9
2026-06-10 20:05:15,198,299,4.98
2026-06-10 20:05:15,141,49,0.82
2026-06-10 20:05:15,35,55,0.92
2026-06-10 20:05:15,55,186,3.1
2026-06-10 20:05:15,68,77,1.28
2026-06-10 20:05:15,31,208,3.47
2026-06-10 20:05:15,205,206,3.43
2026-06-10 20:05:15,51,39,0.65
2026-06-10 20:05:15,131,80,1.33
2026-06-10 20:05:15,12,67,1.12
2026-06-10 20:05:15,202,259,4.32
2026-06-10 20:05:15,90,75,1.25
2026-06-10 20:05:15,106,115,1.92
2026-06-10 20:05:15,186,56,0.93
2026-06-10 20:05:15,121,55,0.92
2026-06-10 20:05:15,496,84,1.4
2026-06-10 20:05:15,105,141,2.35
2026-06-10 20:05:15,209,91,1.52
2026-06-10 20:05:15,41,53,0.88
2026-06-10 20:05:15,187,48,0.8
2026-06-10 20:05:15,189,49,0.82
2026-06-10 20:05:15,136,66,1.1
2026-06-10 20:05:15,211,60,1.0
2026-06-10 20:05:15,202,74,1.23
2026-06-10 20:05:15,172,54,0.9
2026-06-10 20:05:15,189,83,1.38
2026-06-10 20:05:15,113,46,0.77
2026-06-10 20:05:15,141,54,0.9
2026-06-10 20:05:15,123,25,0.42
2026-06-10 20:05:15,114,33,0.55
2026-06-10 20:05:15,165,37,0.62
2026-06-10 20:05:15,211,1020,17.0
2026-06-10 20:05:15,172,60,1.0
2026-06-10 20:05:15,81,29,0.48
2026-06-10 20:05:15,54,32,0.53
2026-06-10 20:05:15,55,57,0.95
2026-06-10 20:05:15,100,78,1.3
2026-06-10 20:05:15,11,14,0.23
2026-06-10 20:05:15,105,44,0.73
2026-06-10 20:05:15,93,139,2.32
2026-06-10 20:05:15,71,41,0.68
2026-06-10 20:05:15,179,19,0.32
2026-06-10 20:05:15,165,69,1.15
2026-06-10 20:05:15,108,33,0.55
2026-06-10 20:05:15,104,55,0.92
2026-06-10 20:05:15,97,155,2.58
2026-06-10 20:05:15,174,26,0.43
2026-06-10 20:05:15,136,17,0.28
2026-06-10 20:05:15,26,34,0.57
2026-06-10 20:05:15,102,142,2.37
2026-06-10 20:05:15,67,55,0.92
2026-06-10 20:05:15,108,47,0.78
2026-06-10 20:05:15,103,64,1.07
2026-06-10 20:05:15,204,78,1.3
2026-06-10 20:05:15,200,71,1.18
2026-06-10 20:05:15,26,77,1.28
2026-06-10 20:05:15,221,120,2.0
2026-06-10 20:05:15,165,37,0.62
2026-06-10 20:05:15,470,51,0.85
2026-06-10 20:05:15,124,125,2.08
2026-06-10 20:05:15,12,47,0.78
2026-06-10 20:05:15,48,119,1.98
2026-06-10 20:05:15,80,52,0.87
2026-06-10 20:05:15,221,264,4.4
2026-06-10 20:05:15,176,60,1.0
2026-06-10 20:05:15,186,60,1.0
2026-06-10 20:05:15,61,37,0.62
2026-06-10 20:05:15,162,33,0.55
2026-06-10 20:05:15,37,37,0.62
2026-06-10 20:05:15,110,179,2.98
2026-06-10 20:05:15,29,45,0.75
2026-06-10 20:05:15,93,84,1.4
2026-06-10 20:05:15,64,102,1.7
2026-06-10 20:05:15,112,45,0.75
2026-06-10 20:05:15,17,40,0.67
2026-06-10 20:05:15,496,958,15.97
2026-06-10 20:05:15,207,34,0.57
2026-06-10 20:05:15,208,186,3.1
2026-06-10 20:05:15,94,45,0.75
2026-06-10 20:05:15,50,66,1.1
2026-06-10 20:05:15,496,958,15.97
2026-06-10 20:05:15,177,15,0.25
2026-06-10 20:05:15,439,112,1.87
2026-06-10 20:05:15,171,74,1.23
2026-06-10 20:05:15,13,53,0.88
2026-06-10 20:05:15,56,86,1.43
2026-06-10 20:05:15,13,54,0.9
2026-06-10 20:05:15,203,269,4.48
2026-06-10 20:05:15,190,158,2.63
2026-06-10 20:05:15,160,50,0.83
2026-06-10 20:05:15,24,52,0.87
2026-06-10 20:05:15,470,1260,21.0
2026-06-10 20:05:15,102,51,0.85
2026-06-10 20:05:15,108,33,0.55
2026-06-10 20:05:15,24,25,0.42
2026-06-10 20:05:15,49,121,2.02
2026-06-10 20:05:15,20,74,1.23
2026-06-10 20:05:15,192,33,0.55
2026-06-10 20:05:15,94,48,0.8
2026-06-10 20:05:15,86,33,0.55
2026-06-10 20:05:15,139,91,1.52
2026-06-10 20:05:15,121,26,0.43
2026-06-10 20:05:15,85,67,1.12
2026-06-10 20:05:15,90,16,0.27
2026-06-10 20:05:15,161,39,0.65
2026-06-10 20:05:15,123,120,2.0
2026-06-10 20:05:15,81,89,1.48
2026-06-10 20:05:15,187,107,1.78
2026-06-10 20:05:15,214,55,0.92
2026-06-10 20:05:15,48,47,0.78
2026-06-10 20:05:15,209,300,5.0
2026-06-10 20:05:15,171,120,2.0
2026-06-10 20:05:15,131,21,0.35
2026-06-10 20:05:15,41,40,0.67
2026-06-10 20:05:15,150,236,3.93
2026-06-10 20:05:15,66,55,0.92
2026-06-10 20:05:15,165,69,1.15
2026-06-10 20:05:15,197,78,1.3
2026-06-10 20:05:15,36,133,2.22
2026-06-10 20:05:15,70,29,0.48
2026-06-10 20:05:15,27,156,2.6
2026-06-10 20:05:15,105,141,2.35
2026-06-10 20:05:15,777,300,5.0
2026-06-10 20:05:15,92,259,4.32
2026-06-10 20:05:15,215,147,2.45
2026-06-10 20:05:15,205,42,0.7
2026-06-10 20:05:15,206,35,0.58
2026-06-10 20:05:15,37,92,1.53
2026-06-10 20:05:15,100,34,0.57
2026-06-10 20:05:15,491,73,1.22
2026-06-10 20:05:15,103,87,1.45
2026-06-10 20:05:15,161,184,3.07
2026-06-10 20:05:15,176,60,1.0
2026-06-10 20:05:15,22,56,0.93
2026-06-10 20:05:15,125,137,2.28
2026-06-10 20:05:15,79,60,1.0
2026-06-10 20:05:15,18,226,3.77
2026-06-10 20:05:15,99,100,1.67
2026-06-10 20:05:15,68,86,1.43
2026-06-10 20:05:15,141,49,0.82
2026-06-10 20:05:15,95,67,1.12
2026-06-10 20:05:15,144,127,2.12
2026-06-10 20:05:15,449,60,1.0
2026-06-10 20:05:15,72,29,0.48
2026-06-10 20:05:15,747,900,15.0
2026-06-10 20:05:15,129,59,0.98
2026-06-10 20:05:15,144,49,0.82
2026-06-10 20:05:15,57,59,0.98
2026-06-10 20:05:15,61,145,2.42
2026-06-10 20:05:15,196,60,1.0
2026-06-10 20:05:15,106,41,0.68
2026-06-10 20:05:15,22,91,1.52
2026-06-10 20:05:15,20,180,3.0
2026-06-10 20:05:15,164,108,1.8
2026-06-10 20:05:15,127,49,0.82
2026-06-10 20:05:15,44,70,1.17
2026-06-10 20:05:15,129,71,1.18
2026-06-10 20:05:15,67,51,0.85
2026-06-10 20:05:15,47,101,1.68
2026-06-10 20:05:15,51,47,0.78
2026-06-10 20:05:15,211,1020,17.0
2026-06-10 20:05:15,162,120,2.0
2026-06-10 20:05:15,80,105,1.75
2026-06-10 20:05:15,10,61,1.02
2026-06-10 20:05:15,777,240,4.0
2026-06-10 20:05:15,104,21,0.35
2026-06-10 20:05:15,208,71,1.18
2026-06-10 20:05:15,127,110,1.83
2026-06-10 20:05:15,18,91,1.52
2026-06-10 20:05:15,138,69,1.15
2026-06-10 20:05:15,141,54,0.9
2026-06-10 20:05:15,114,62,1.03
2026-06-10 20:05:15,107,20,0.33
2026-06-10 20:05:15,32,57,0.95
2026-06-10 20:05:15,27,46,0.77
2026-06-10 20:05:15,168,52,0.87
2026-06-10 20:05:15,197,45,0.75
2026-06-10 20:05:15,79,84,1.4
2026-06-10 20:05:15,112,71,1.18
2026-06-10 20:05:15,189,83,1.38
2026-06-10 20:05:15,190,33,0.55
2026-06-10 20:05:15,150,59,0.98
2026-06-10 20:05:15,32,69,1.15
2026-06-10 20:05:15,201,42,0.7
2026-06-10 20:05:15,57,67,1.12
2026-06-10 20:05:15,24,52,0.87
2026-06-10 20:05:15,168,67,1.12
2026-06-10 20:05:15,38,360,6.0
2026-06-10 20:05:15,113,46,0.77
2026-06-10 20:05:15,411,75,1.25
2026-06-10 20:05:15,25,51,0.85
2026-06-10 20:05:15,17,78,1.3
2026-06-10 20:05:15,38,81,1.35
2026-06-10 20:05:15,35,75,1.25
2026-06-10 20:05:15,449,463,7.72
2026-06-10 20:05:15,177,49,0.82
2026-06-10 20:05:15,198,109,1.82
2026-06-10 20:05:15,110,32,0.53
2026-06-10 20:05:15,230,184,3.07
2026-06-10 20:05:15,468,60,1.0
2026-06-10 20:05:15,64,102,1.7
2026-06-10 20:05:15,165,69,1.15
2026-06-10 20:05:15,11,55,0.92
2026-06-10 20:05:15,195,143,2.38
2026-06-10 20:05:15,496,84,1.4
2026-06-10 20:05:15,195,181,3.02
2026-06-10 20:05:15,204,68,1.13
2026-06-10 20:05:15,55,57,0.95
2026-06-10 20:05:15,172,54,0.9
2026-06-10 20:05:15,97,41,0.68
2026-06-10 20:05:15,136,66,1.1
2026-06-10 20:05:15,47,99,1.65
2026-06-10 20:05:15,105,44,0.73
2026-06-10 20:05:15,179,38,0.63
2026-06-10 20:05:15,180,115,1.92
2026-06-10 20:05:15,206,215,3.58
2026-06-10 20:05:15,36,93,1.55
2026-06-10 20:05:15,86,47,0.78
2026-06-10 20:05:15,124,60,1.0
2026-06-10 20:05:15,49,60,1.0
2026-06-10 20:05:15,411,1140,19.0
2026-06-10 20:05:15,85,43,0.72
2026-06-10 20:05:15,51,39,0.65
2026-06-10 20:05:15,92,36,0.6
2026-06-10 20:05:15,172,60,1.0
2026-06-10 20:05:15,64,78,1.3
2026-06-10 20:05:15,105,141,2.35
2026-06-10 20:05:15,200,254,4.23
2026-06-10 20:05:15,468,370,6.17
2026-06-10 20:05:15,192,37,0.62
2026-06-10 20:05:15,439,90,1.5
2026-06-10 20:05:15,128,30,0.5
2026-06-10 20:05:15,214,138,2.3
2026-06-10 20:05:15,202,259,4.32
2026-06-10 20:05:15,33,45,0.75
2026-06-10 20:05:15,193,43,0.72
2026-06-10 20:05:15,121,55,0.92
2026-06-10 20:05:15,12,67,1.12
2026-06-10 20:05:15,71,96,1.6
2026-06-10 20:05:15,119,101,1.68
2026-06-10 20:05:15,218,48,0.8
2026-06-10 20:05:15,203,115,1.92
2026-06-10 20:05:15,20,74,1.23
2026-06-10 20:05:15,160,50,0.83
2026-06-10 20:05:15,81,29,0.48
2026-06-10 20:05:15,164,19,0.32
2026-06-10 20:05:15,95,46,0.77
2026-06-10 20:05:15,48,119,1.98
2026-06-10 20:05:15,68,77,1.28
2026-06-10 20:05:15,18,226,3.77
2026-06-10 20:05:15,28,30,0.5
2026-06-10 20:05:15,141,49,0.82
2026-06-10 20:05:15,44,64,1.07
2026-06-10 20:05:15,43,25,0.42
2026-06-10 20:05:15,35,55,0.92
2026-06-10 20:05:15,189,49,0.82
2026-06-10 20:05:15,209,91,1.52
2026-06-10 20:05:15,69,54,0.9
2026-06-10 20:05:15,48,47,0.78
2026-06-10 20:05:15,121,26,0.43
2026-06-10 20:05:15,26,34,0.57
2026-06-10 20:05:15,131,80,1.33
2026-06-10 20:05:15,26,77,1.28
2026-06-10 20:05:15,176,60,1.0
2026-06-10 20:05:15,747,900,15.0
2026-06-10 20:05:15,138,21,0.35
2026-06-10 20:05:15,67,51,0.85
2026-06-10 20:05:15,141,54,0.9
2026-06-10 20:05:15,114,33,0.55
2026-06-10 20:05:15,103,87,1.45
2026-06-10 20:05:15,211,1020,17.0
2026-06-10 20:05:15,777,300,5.0
2026-06-10 20:05:15,174,26,0.43
2026-06-10 20:05:15,51,47,0.78
2026-06-10 20:05:15,37,37,0.62
2026-06-10 20:05:15,54,43,0.72
2026-06-10 20:05:15,41,53,0.88
2026-06-10 20:05:15,105,141,2.35
2026-06-10 20:05:15,119,16,0.27
2026-06-10 20:05:15,80,52,0.87
2026-06-10 20:05:15,51,39,0.65
2026-06-10 20:05:15,50,66,1.1
2026-06-10 20:05:15,112,45,0.75
2026-06-10 20:05:15,108,47,0.78
2026-06-10 20:05:15,189,83,1.38
2026-06-10 20:05:15,104,55,0.92
2026-06-10 20:05:15,80,87,1.45
2026-06-10 20:15:17,189,34,0.57
2026-06-10 20:15:17,144,41,0.68
2026-06-10 20:15:17,10,78,1.3
2026-06-10 20:15:17,121,33,0.55
2026-06-10 20:15:17,179,32,0.53
2026-06-10 20:15:17,190,60,1.0
2026-06-10 20:15:17,165,62,1.03
2026-06-10 20:15:17,121,36,0.6
2026-06-10 20:15:17,16,30,0.5
2026-06-10 20:15:17,103,54,0.9
2026-06-10 20:15:17,41,32,0.53
2026-06-10 20:15:17,124,17,0.28
2026-06-10 20:15:17,470,49,0.82
2026-06-10 20:15:17,129,15,0.25
2026-06-10 20:15:17,80,78,1.3
2026-06-10 20:15:17,25,42,0.7
2026-06-10 20:15:17,209,35,0.58
2026-06-10 20:15:17,112,72,1.2
2026-06-10 20:15:17,33,84,1.4
2026-06-10 20:15:17,180,68,1.13
2026-06-10 20:15:17,185,23,0.38
2026-06-10 20:15:17,86,36,0.6
2026-06-10 20:15:17,49,49,0.82
2026-06-10 20:15:17,18,41,0.68
2026-06-10 20:15:17,160,104,1.73
2026-06-10 20:15:17,131,46,0.77
2026-06-10 20:15:17,141,60,1.0
2026-06-10 20:15:17,81,33,0.55
2026-06-10 20:15:17,190,13,0.22
2026-06-10 20:15:17,205,158,2.63
2026-06-10 20:15:17,211,102,1.7
2026-06-10 20:15:17,193,129,2.15
2026-06-10 20:15:17,747,42,0.7
2026-06-10 20:15:17,67,58,0.97
2026-06-10 20:15:17,202,63,1.05
2026-06-10 20:15:17,66,53,0.88
2026-06-10 20:15:17,164,108,1.8
2026-06-10 20:15:17,179,125,2.08
2026-06-10 20:15:17,69,55,0.92
2026-06-10 20:15:17,61,50,0.83
2026-06-10 20:15:17,18,53,0.88
2026-06-10 20:15:17,104,42,0.7
2026-06-10 20:15:17,183,39,0.65
2026-06-10 20:15:17,49,22,0.37
2026-06-10 20:15:17,468,175,2.92
2026-06-10 20:15:17,37,57,0.95
2026-06-10 20:15:17,215,41,0.68
2026-06-10 20:15:17,195,44,0.73
2026-06-10 20:15:17,70,65,1.08
2026-06-10 20:15:17,51,55,0.92
2026-06-10 20:15:17,80,79,1.32
2026-06-10 20:15:17,97,47,0.78
2026-06-10 20:15:17,12,38,0.63
2026-06-10 20:15:17,150,126,2.1
2026-06-10 20:15:17,18,35,0.58
2026-06-10 20:15:17,141,27,0.45
2026-06-10 20:15:17,33,29,0.48
2026-06-10 20:15:17,161,26,0.43
2026-06-10 20:15:17,32,176,2.93
2026-06-10 20:15:17,164,73,1.22
2026-06-10 20:15:17,166,51,0.85
2026-06-10 20:15:17,198,53,0.88
2026-06-10 20:15:17,189,33,0.55
2026-06-10 20:15:17,127,23,0.38
2026-06-10 20:15:17,141,48,0.8
2026-06-10 20:15:17,186,27,0.45
2026-06-10 20:15:17,64,20,0.33
2026-06-10 20:15:17,11,39,0.65
2026-06-10 20:15:17,193,74,1.23
2026-06-10 20:15:17,113,22,0.37
2026-06-10 20:15:17,491,86,1.43
2026-06-10 20:15:17,56,73,1.22
2026-06-10 20:15:17,55,33,0.55
2026-06-10 20:15:17,496,72,1.2
2026-06-10 20:15:17,177,178,2.97
2026-06-10 20:15:17,18,82,1.37
2026-06-10 20:15:17,36,53,0.88
2026-06-10 20:15:17,186,15,0.25
2026-06-10 20:15:17,108,21,0.35
2026-06-10 20:15:17,28,30,0.5
2026-06-10 20:15:17,211,34,0.57
2026-06-10 20:15:17,24,35,0.58
2026-06-10 20:15:17,97,153,2.55
2026-06-10 20:15:17,221,22,0.37
2026-06-10 20:15:17,208,38,0.63
2026-06-10 20:15:17,185,49,0.82
2026-06-10 20:15:17,67,66,1.1
2026-06-10 20:15:17,43,58,0.97
2026-06-10 20:15:17,105,74,1.23
2026-06-10 20:15:17,13,61,1.02
2026-06-10 20:15:17,165,110,1.83
2026-06-10 20:15:17,102,39,0.65
2026-06-10 20:15:17,22,34,0.57
2026-06-10 20:15:17,162,70,1.17
2026-06-10 20:15:17,189,17,0.28
2026-06-10 20:15:17,18,126,2.1
2026-06-10 20:15:17,103,27,0.45
2026-06-10 20:15:17,34,71,1.18
2026-06-10 20:15:17,128,49,0.82
2026-06-10 20:15:17,45,36,0.6
2026-06-10 20:15:17,121,121,2.02
2026-06-10 20:15:17,113,98,1.63
2026-06-10 20:15:17,209,44,0.73
2026-06-10 20:15:17,206,39,0.65
2026-06-10 20:15:17,66,29,0.48
2026-06-10 20:15:17,170,25,0.42
2026-06-10 20:15:17,45,61,1.02
2026-06-10 20:15:17,61,40,0.67
2026-06-10 20:15:17,206,30,0.5
2026-06-10 20:15:17,56,61,1.02
2026-06-10 20:15:17,48,19,0.32
2026-06-10 20:15:17,129,75,1.25
2026-06-10 20:15:17,51,30,0.5
2026-06-10 20:15:17,161,67,1.12
2026-06-10 20:15:17,38,150,2.5
2026-06-10 20:15:17,56,53,0.88
2026-06-10 20:15:17,165,99,1.65
2026-06-10 20:15:17,55,58,0.97
2026-06-10 20:15:17,121,67,1.12
2026-06-10 20:15:17,196,67,1.12
2026-06-10 20:15:17,67,71,1.18
2026-06-10 20:15:17,69,65,1.08
2026-06-10 20:15:17,140,195,3.25
2026-06-10 20:15:17,17,62,1.03
2026-06-10 20:15:17,121,30,0.5
2026-06-10 20:15:17,439,130,2.17
2026-06-10 20:15:17,85,10,0.17
2026-06-10 20:15:17,165,24,0.4
2026-06-10 20:15:17,165,99,1.65
2026-06-10 20:15:17,162,28,0.47
2026-06-10 20:15:17,51,97,1.62
2026-06-10 20:15:17,69,23,0.38
2026-06-10 20:15:17,439,171,2.85
2026-06-10 20:15:17,102,25,0.42
2026-06-10 20:15:17,121,82,1.37
2026-06-10 20:15:17,139,65,1.08
2026-06-10 20:15:17,69,18,0.3
2026-06-10 20:15:17,49,40,0.67
2026-06-10 20:15:17,18,61,1.02
2026-06-10 20:15:17,48,60,1.0
2026-06-10 20:15:17,20,73,1.22
2026-06-10 20:15:17,200,65,1.08
2026-06-10 20:15:17,439,99,1.65
2026-06-10 20:15:17,198,136,2.27
2026-06-10 20:15:17,165,37,0.62
2026-06-10 20:15:17,51,44,0.73
2026-06-10 20:15:17,449,26,0.43
2026-06-10 20:15:17,468,70,1.17
2026-06-10 20:15:17,206,215,3.58
2026-06-10 20:15:17,201,28,0.47
2026-06-10 20:15:17,79,43,0.72
2026-06-10 20:15:17,161,108,1.8
2026-06-10 20:15:17,24,84,1.4
2026-06-10 20:15:17,202,73,1.22
2026-06-10 20:15:17,112,61,1.02
2026-06-10 20:15:17,215,54,0.9
2026-06-10 20:15:17,27,60,1.0
2026-06-10 20:15:17,44,75,1.25
2026-06-10 20:15:17,103,67,1.12
2026-06-10 20:15:17,777,181,3.02
2026-06-10 20:15:17,198,60,1.0
2026-06-10 20:15:17,68,77,1.28
2026-06-10 20:15:17,141,31,0.52
2026-06-10 20:15:17,197,57,0.95
2026-06-10 20:15:17,127,41,0.68
2026-06-10 20:15:17,68,34,0.57
2026-06-10 20:15:17,119,101,1.68
2026-06-10 20:15:17,55,186,3.1
2026-06-10 20:15:17,18,73,1.22
2026-06-10 20:15:17,119,86,1.43
2026-06-10 20:15:17,138,21,0.35
2026-06-10 20:15:17,31,208,3.47
2026-06-10 20:15:17,218,96,1.6
2026-06-10 20:15:17,141,49,0.82
2026-06-10 20:15:17,121,20,0.33
2026-06-10 20:15:17,204,30,0.5
2026-06-10 20:15:17,55,50,0.83
2026-06-10 20:15:17,171,186,3.1
2026-06-10 20:15:17,68,38,0.63
2026-06-10 20:15:17,160,50,0.83
2026-06-10 20:15:17,186,56,0.93
2026-06-10 20:15:17,32,95,1.58
2026-06-10 20:15:17,110,33,0.55
2026-06-10 20:15:17,100,21,0.35
2026-06-10 20:15:17,121,26,0.43
2026-06-10 20:15:17,32,120,2.0
2026-06-10 20:15:17,200,29,0.48
2026-06-10 20:15:17,177,47,0.78
2026-06-10 20:15:17,29,29,0.48
2026-06-10 20:15:17,165,43,0.72
2026-06-10 20:15:17,187,72,1.2
2026-06-10 20:15:17,107,40,0.67
2026-06-10 20:15:17,119,101,1.68
2026-06-10 20:15:17,190,39,0.65
2026-06-10 20:15:17,119,16,0.27
2026-06-10 20:15:17,69,198,3.3
2026-06-10 20:15:17,41,34,0.57
2026-06-10 20:15:17,171,14,0.23
2026-06-10 20:15:17,124,54,0.9
2026-06-10 20:15:17,125,31,0.52
2026-06-10 20:15:17,61,54,0.9
2026-06-10 20:15:17,207,40,0.67
2026-06-10 20:15:17,128,43,0.72
2026-06-10 20:15:17,104,79,1.32
2026-06-10 20:15:17,187,41,0.68
2026-06-10 20:15:17,68,26,0.43
2026-06-10 20:15:17,136,25,0.42
2026-06-10 20:15:17,31,23,0.38
2026-06-10 20:15:17,94,41,0.68
2026-06-10 20:15:17,11,43,0.72
2026-06-10 20:15:17,204,56,0.93
2026-06-10 20:15:17,67,90,1.5
2026-06-10 20:15:17,47,62,1.03
2026-06-10 20:15:17,16,32,0.53
2026-06-10 20:15:17,43,52,0.87
2026-06-10 20:15:17,10,125,2.08
2026-06-10 20:15:17,95,42,0.7
2026-06-10 20:15:17,138,38,0.63
2026-06-10 20:15:17,51,33,0.55
2026-06-10 20:15:17,110,83,1.38
2026-06-10 20:15:17,50,180,3.0
2026-06-10 20:15:17,107,16,0.27
2026-06-10 20:15:17,31,46,0.77
2026-06-10 20:15:17,79,24,0.4
2026-06-10 20:15:17,36,106,1.77
2026-06-10 20:15:17,221,43,0.72
2026-06-10 20:15:17,49,16,0.27
2026-06-10 20:15:17,41,20,0.33
2026-06-10 20:15:17,144,44,0.73
2026-06-10 20:15:17,85,43,0.72
2026-06-10 20:15:17,94,49,0.82
2026-06-10 20:15:17,54,78,1.3
2026-06-10 20:15:17,180,76,1.27
2026-06-10 20:15:17,26,29,0.48
2026-06-10 20:15:17,22,23,0.38
2026-06-10 20:15:17,197,74,1.23
2026-06-10 20:15:17,747,92,1.53
2026-06-10 20:15:17,86,43,0.72
2026-06-10 20:15:17,205,53,0.88
2026-06-10 20:15:17,125,67,1.12
2026-06-10 20:15:17,35,108,1.8
2026-06-10 20:15:17,51,82,1.37
2026-06-10 20:15:17,202,35,0.58
2026-06-10 20:15:17,136,88,1.47
2026-06-10 20:15:17,160,101,1.68
2026-06-10 20:15:17,747,158,2.63
2026-06-10 20:15:17,139,34,0.57
2026-06-10 20:15:17,90,17,0.28
2026-06-10 20:15:17,211,17,0.28
2026-06-10 20:15:17,90,64,1.07
2026-06-10 20:15:17,49,56,0.93
2026-06-10 20:15:17,230,73,1.22
2026-06-10 20:15:17,124,47,0.78
2026-06-10 20:15:17,67,41,0.68
2026-06-10 20:15:17,203,38,0.63
2026-06-10 20:15:17,48,114,1.9
2026-06-10 20:15:17,44,22,0.37
2026-06-10 20:15:17,20,28,0.47
2026-06-10 20:15:17,114,198,3.3
2026-06-10 20:15:17,176,45,0.75
2026-06-10 20:15:17,33,48,0.8
2026-06-10 20:15:17,48,51,0.85
2026-06-10 20:15:17,37,25,0.42
2026-06-10 20:15:17,174,63,1.05
2026-06-10 20:15:17,123,68,1.13
2026-06-10 20:15:17,104,63,1.05
2026-06-10 20:15:17,41,40,0.67
2026-06-10 20:15:17,198,44,0.73
2026-06-10 20:15:17,192,21,0.35
2026-06-10 20:15:17,71,111,1.85
2026-06-10 20:15:17,35,57,0.95
2026-06-10 20:15:17,439,154,2.57
2026-06-10 20:15:17,49,131,2.18
2026-06-10 20:15:17,105,57,0.95
2026-06-10 20:15:17,51,180,3.0
2026-06-10 20:15:17,99,58,0.97
2026-06-10 20:15:17,49,40,0.67
2026-06-10 20:15:17,165,58,0.97
2026-06-10 20:15:17,189,32,0.53
2026-06-10 20:15:17,55,22,0.37
2026-06-10 20:15:17,211,1373,22.88
2026-06-10 20:15:17,90,54,0.9
2026-06-10 20:15:17,110,60,1.0
2026-06-10 20:15:17,92,42,0.7
2026-06-10 20:15:17,24,164,2.73
2026-06-10 20:15:17,95,50,0.83
2026-06-10 20:15:17,128,44,0.73
2026-06-10 20:15:17,80,76,1.27
2026-06-10 20:15:17,439,135,2.25
2026-06-10 20:15:17,177,41,0.68
2026-06-10 20:15:17,136,60,1.0
2026-06-10 20:15:17,161,50,0.83
2026-06-10 20:15:17,187,35,0.58
2026-06-10 20:15:17,114,31,0.52
2026-06-10 20:15:17,48,121,2.02
2026-06-10 20:15:17,44,82,1.37
2026-06-10 20:15:17,36,92,1.53
2026-06-10 20:15:17,86,38,0.63
2026-06-10 20:15:17,51,89,1.48
2026-06-10 20:15:17,69,44,0.73
2026-06-10 20:15:17,208,48,0.8
2026-06-10 20:15:17,141,39,0.65
2026-06-10 20:15:17,80,31,0.52
2026-06-10 20:15:17,193,81,1.35
2026-06-10 20:15:17,26,45,0.75
2026-06-10 20:15:17,36,54,0.9
2026-06-10 20:15:17,106,17,0.28
2026-06-10 20:15:17,33,72,1.2
2026-06-10 20:15:17,110,69,1.15
2026-06-10 20:15:17,131,44,0.73
2026-06-10 20:15:17,86,32,0.53
2026-06-10 20:15:17,24,95,1.58
2026-06-10 20:15:17,112,71,1.18
2026-06-10 20:15:17,28,20,0.33
2026-06-10 20:15:17,114,107,1.78
2026-06-10 20:15:17,192,72,1.2
2026-06-10 20:15:17,17,73,1.22
2026-06-10 20:15:17,195,32,0.53
2026-06-10 20:15:17,161,240,4.0
2026-06-10 20:15:17,161,43,0.72
2026-06-10 20:15:17,203,50,0.83
2026-06-10 20:15:17,48,82,1.37
2026-06-10 20:15:17,208,20,0.33
2026-06-10 20:15:17,211,25,0.42
2026-06-10 20:15:17,138,27,0.45
2026-06-10 20:15:17,202,41,0.68
2026-06-10 20:15:17,20,74,1.23
2026-06-10 20:15:17,61,42,0.7
2026-06-10 20:15:17,24,29,0.48
2026-06-10 20:15:17,74,80,1.33
2026-06-10 20:15:17,74,43,0.72
2026-06-10 20:15:17,74,83,1.38
2026-06-10 20:15:17,54,25,0.42
2026-06-10 20:15:17,71,45,0.75
2026-06-10 20:15:17,67,19,0.32
2026-06-10 20:15:17,93,31,0.52
2026-06-10 20:15:17,128,75,1.25
2026-06-10 20:15:17,150,31,0.52
2026-06-10 20:15:17,411,137,2.28
2026-06-10 20:15:17,186,59,0.98
2026-06-10 20:15:17,119,101,1.68
2026-06-10 20:15:17,449,40,0.67
2026-06-10 20:15:17,69,48,0.8
2026-06-10 20:15:17,170,72,1.2
2026-06-10 20:15:17,168,60,1.0
2026-06-10 20:15:17,470,1192,19.87
2026-06-10 20:15:17,150,93,1.55
2026-06-10 20:15:17,92,24,0.4
2026-06-10 20:15:17,93,62,1.03
2026-06-10 20:15:17,85,29,0.48
2026-06-10 20:15:17,48,78,1.3
2026-06-10 20:15:17,215,40,0.67
2026-06-10 20:15:17,165,100,1.67
2026-06-10 20:15:17,55,57,0.95
2026-06-10 20:15:17,168,97,1.62
2026-06-10 20:15:17,108,50,0.83
2026-06-10 20:15:17,105,75,1.25
2026-06-10 20:15:17,11,65,1.08
2026-06-10 20:15:17,123,67,1.12
2026-06-10 20:15:17,138,21,0.35
2026-06-10 20:15:17,106,28,0.47
2026-06-10 20:15:17,90,230,3.83
2026-06-10 20:15:17,105,44,0.73
2026-06-10 20:15:17,439,98,1.63
2026-06-10 20:15:17,141,60,1.0
2026-06-10 20:15:17,141,54,0.9
2026-06-10 20:15:17,69,54,0.9
2026-06-10 20:15:17,209,91,1.52
2026-06-10 20:15:17,20,180,3.0
2026-06-10 20:15:17,747,1260,21.0
2026-06-10 20:15:17,48,47,0.78
2026-06-10 20:15:17,140,122,2.03
2026-06-10 20:15:17,35,55,0.92
2026-06-10 20:15:17,99,100,1.67
2026-06-10 20:15:17,20,74,1.23
2026-06-10 20:15:17,470,57,0.95
2026-06-10 20:15:17,50,66,1.1
2026-06-10 20:15:17,38,40,0.67
2026-06-10 20:15:17,123,25,0.42
2026-06-10 20:15:17,35,142,2.37
2026-06-10 20:15:17,18,180,3.0
2026-06-10 20:15:17,496,142,2.37
2026-06-10 20:15:17,54,26,0.43
2026-06-10 20:15:17,215,178,2.97
2026-06-10 20:15:17,211,53,0.88
2026-06-10 20:15:17,411,84,1.4
2026-06-10 20:15:17,470,48,0.8
2026-06-10 20:15:17,104,21,0.35
2026-06-10 20:15:17,48,60,1.0
2026-06-10 20:15:17,202,42,0.7
2026-06-10 20:15:17,67,51,0.85
2026-06-10 20:15:17,195,181,3.02
2026-06-10 20:15:17,17,78,1.3
2026-06-10 20:15:17,10,61,1.02
2026-06-10 20:15:17,141,54,0.9
2026-06-10 20:15:17,100,98,1.63
2026-06-10 20:15:17,22,27,0.45
2026-06-10 20:15:17,106,138,2.3
2026-06-10 20:15:17,230,147,2.45
2026-06-10 20:15:17,25,74,1.23
2026-06-10 20:15:17,55,57,0.95
2026-06-10 20:15:17,10,39,0.65
2026-06-10 20:15:17,777,182,3.03
2026-06-10 20:15:17,187,48,0.8
2026-06-10 20:15:17,64,70,1.17
2026-06-10 20:15:17,189,49,0.82
2026-06-10 20:15:17,777,240,4.0
2026-06-10 20:15:17,114,33,0.55
2026-06-10 20:15:17,12,67,1.12
2026-06-10 20:15:17,97,41,0.68
2026-06-10 20:15:17,214,138,2.3
2026-06-10 20:15:17,110,32,0.53
2026-06-10 20:15:17,125,137,2.28
2026-06-10 20:15:17,50,183,3.05
2026-06-10 20:15:17,747,900,15.0
2026-06-10 20:15:17,121,55,0.92
2026-06-10 20:15:17,12,67,1.12
2026-06-10 20:15:17,97,41,0.68
2026-06-10 20:15:17,747,900,15.0
2026-06-10 20:15:17,54,32,0.53
2026-06-10 20:15:17,33,45,0.75
2026-06-10 20:15:17,211,60,1.0
2026-06-10 20:15:17,61,145,2.42
2026-06-10 20:15:17,166,41,0.68
2026-06-10 20:15:17,202,74,1.23
2026-06-10 20:15:17,97,155,2.58
2026-06-10 20:15:17,22,56,0.93
2026-06-10 20:15:17,18,74,1.23
2026-06-10 20:15:17,80,105,1.75
2026-06-10 20:15:17,468,370,6.17
2026-06-10 20:15:17,496,84,1.4
2026-06-10 20:15:17,94,48,0.8
2026-06-10 20:15:17,79,84,1.4
2026-06-10 20:15:17,106,115,1.92
2026-06-10 20:15:17,81,29,0.48
2026-06-10 20:15:17,211,1020,17.0
2026-06-10 20:15:17,121,55,0.92
2026-06-10 20:15:17,80,105,1.75
2026-06-10 20:15:17,18,91,1.52
2026-06-10 20:15:17,150,236,3.93
2026-06-10 20:15:17,204,78,1.3
2026-06-10 20:15:17,221,264,4.4
2026-06-10 20:15:17,196,60,1.0
2026-06-10 20:15:17,411,75,1.25
2026-06-10 20:15:17,43,30,0.5
2026-06-10 20:15:17,141,48,0.8
2026-06-10 20:15:17,43,25,0.42
2026-06-10 20:15:17,35,75,1.25
2026-06-10 20:15:17,193,63,1.05
2026-06-10 20:15:17,100,78,1.3
2026-06-10 20:15:17,174,26,0.43
2026-06-10 20:15:17,193,63,1.05
2026-06-10 20:15:17,11,14,0.23
2026-06-10 20:15:17,777,300,5.0
2026-06-10 20:15:17,51,39,0.65
2026-06-10 20:15:17,54,43,0.72
2026-06-10 20:15:17,18,226,3.77
2026-06-10 20:15:17,215,131,2.18
2026-06-10 20:15:17,86,47,0.78
2026-06-10 20:15:17,48,119,1.98
2026-06-10 20:15:17,496,958,15.97
2026-06-10 20:15:17,72,29,0.48
2026-06-10 20:15:17,747,438,7.3
2026-06-10 20:15:17,108,47,0.78
2026-06-10 20:15:17,230,50,0.83
2026-06-10 20:15:17,102,142,2.37
2026-06-10 20:15:17,103,87,1.45
2026-06-10 20:15:17,108,33,0.55
2026-06-10 20:15:17,200,71,1.18
2026-06-10 20:15:17,203,115,1.92
2026-06-10 20:15:17,71,96,1.6
2026-06-10 20:15:17,747,900,15.0
2026-06-10 20:15:17,41,40,0.67
2026-06-10 20:15:17,170,76,1.27
2026-06-10 20:15:17,80,52,0.87
2026-06-10 20:15:17,221,120,2.0
2026-06-10 20:15:17,26,77,1.28
2026-06-10 20:15:17,177,15,0.25
2026-06-10 20:15:17,17,40,0.67
2026-06-10 20:15:17,198,299,4.98
2026-06-10 20:15:17,136,17,0.28
2026-06-10 20:15:17,449,463,7.72
2026-06-10 20:15:17,460,30,0.5
2026-06-10 20:15:17,160,50,0.83
2026-06-10 20:15:17,28,41,0.68
2026-06-10 20:15:17,439,90,1.5
2026-06-10 20:15:17,128,30,0.5
2026-06-10 20:15:17,71,41,0.68
2026-06-10 20:15:17,165,69,1.15
2026-06-10 20:15:17,20,60,1.0
2026-06-10 20:15:17,32,57,0.95
2026-06-10 20:15:17,12,47,0.78
2026-06-10 20:15:17,187,107,1.78
2026-06-10 20:15:17,470,51,0.85
2026-06-10 20:15:17,64,102,1.7
2026-06-10 20:15:17,124,125,2.08
2026-06-10 20:15:17,93,84,1.4
2026-06-10 20:15:17,61,37,0.62
2026-06-10 20:15:17,26,34,0.57
2026-06-10 20:15:17,162,33,0.55
2026-06-10 20:15:17,164,19,0.32
2026-06-10 20:15:17,43,6,0.1
2026-06-10 20:15:17,125,6,0.1
2026-06-10 20:15:17,81,29,0.48
2026-06-10 20:15:17,215,147,2.45
2026-06-10 20:15:17,777,240,4.0
2026-06-10 20:15:17,468,60,1.0
2026-06-10 20:15:17,94,45,0.75
2026-06-10 20:15:17,93,139,2.32
2026-06-10 20:15:17,160,50,0.83
2026-06-10 20:15:17,496,908,15.13
2026-06-10 20:15:17,94,48,0.8
2026-06-10 20:15:17,777,240,4.0
2026-06-10 20:15:17,105,141,2.35
2026-06-10 20:15:17,67,51,0.85
2026-06-10 20:15:17,439,112,1.87
2026-06-10 20:15:17,103,64,1.07
2026-06-10 20:15:17,208,186,3.1
2026-06-10 20:15:17,165,69,1.15
2026-06-10 20:15:17,198,109,1.82
2026-06-10 20:15:17,747,900,15.0
2026-06-10 20:15:17,185,53,0.88
2026-06-10 20:15:17,55,186,3.1
2026-06-10 20:15:17,180,146,2.43
2026-06-10 20:15:17,24,52,0.87
2026-06-10 20:15:17,119,16,0.27
2026-06-10 20:15:17,13,54,0.9
2026-06-10 20:15:17,470,1260,21.0
2026-06-10 20:15:17,13,53,0.88
2026-06-10 20:15:17,102,51,0.85
2026-06-10 20:15:17,171,74,1.23
2026-06-10 20:15:17,41,53,0.88
2026-06-10 20:15:17,214,55,0.92
2026-06-10 20:15:17,112,45,0.75
2026-06-10 20:15:17,203,269,4.48
2026-06-10 20:15:17,56,86,1.43
2026-06-10 20:15:17,34,42,0.7
2026-06-10 20:15:17,49,121,2.02
2026-06-10 20:15:17,66,55,0.92
2026-06-10 20:15:17,66,46,0.77
2026-06-10 20:15:17,37,37,0.62
2026-06-10 20:15:17,100,34,0.57
2026-06-10 20:15:17,136,66,1.1
2026-06-10 20:15:17,180,146,2.43
2026-06-10 20:15:17,110,179,2.98
2026-06-10 20:15:17,192,33,0.55
2026-06-10 20:15:17,202,259,4.32
2026-06-10 20:15:17,747,158,2.63
2026-06-10 20:15:17,44,64,1.07
2026-06-10 20:15:17,176,60,1.0
2026-06-10 20:15:17,90,75,1.25
2026-06-10 20:15:17,747,900,15.0
2026-06-10 20:15:17,28,20,0.33
2026-06-10 20:15:17,139,91,1.52
2026-06-10 20:15:17,16,15,0.25
2026-06-10 20:15:17,10,39,0.65
2026-06-10 20:15:17,230,50,0.83
2026-06-10 20:15:17,128,60,1.0
2026-06-10 20:15:17,44,64,1.07
2026-06-10 20:15:17,34,71,1.18
2026-06-10 20:15:17,496,84,1.4
2026-06-10 20:15:17,186,60,1.0
2026-06-10 20:15:17,86,33,0.55
2026-06-10 20:15:17,36,133,2.22
2026-06-10 20:15:17,123,120,2.0
2026-06-10 20:15:17,90,16,0.27
2026-06-10 20:15:17,48,119,1.98
2026-06-10 20:15:17,67,51,0.85
2026-06-10 20:15:17,218,96,1.6
2026-06-10 20:15:17,171,120,2.0
2026-06-10 20:15:17,197,78,1.3
2026-06-10 20:15:17,70,29,0.48
2026-06-10 20:15:17,41,40,0.67
2026-06-10 20:15:17,27,156,2.6
2026-06-10 20:15:17,201,100,1.67
2026-06-10 20:15:17,172,54,0.9
2026-06-10 20:15:17,49,121,2.02
2026-06-10 20:15:17,79,60,1.0
2026-06-10 20:15:17,66,46,0.77
2026-06-10 20:15:17,68,86,1.43
2026-06-10 20:15:17,110,32,0.53
2026-06-10 20:15:17,31,201,3.35
2026-06-10 20:15:17,166,27,0.45
2026-06-10 20:15:17,107,20,0.33
2026-06-10 20:15:17,206,35,0.58
2026-06-10 20:15:17,27,46,0.77
2026-06-10 20:15:17,131,21,0.35
2026-06-10 20:15:17,55,57,0.95
2026-06-10 20:15:17,190,158,2.63
2026-06-10 20:15:17,105,44,0.73
2026-06-10 20:15:17,172,60,1.0
2026-06-10 20:15:17,215,147,2.45
2026-06-10 20:15:17,67,55,0.92
2026-06-10 20:15:17,170,40,0.67
2026-06-10 20:15:17,56,53,0.88
2026-06-10 20:15:17,140,180,3.0
2026-06-10 20:15:17,92,259,4.32
2026-06-10 20:15:17,176,60,1.0
2026-06-10 20:15:17,81,89,1.48
2026-06-10 20:15:17,205,42,0.7
2026-06-10 20:15:17,144,127,2.12
2026-06-10 20:15:17,150,236,3.93
2026-06-10 20:15:17,95,67,1.12
2026-06-10 20:15:17,61,145,2.42
2026-06-10 20:15:17,449,60,1.0
2026-06-10 20:15:17,22,56,0.93
2026-06-10 20:15:17,141,49,0.82
2026-06-10 20:15:17,189,83,1.38
2026-06-10 20:15:17,164,108,1.8
2026-06-10 20:15:17,129,59,0.98
2026-06-10 20:15:17,51,23,0.38
2026-06-10 20:15:17,37,92,1.53
2026-06-10 20:15:17,144,49,0.82
2026-06-10 20:15:17,125,137,2.28
2026-06-10 20:15:17,45,26,0.43
2026-06-10 20:15:17,54,43,0.72
2026-06-10 20:15:17,138,69,1.15
2026-06-10 20:15:17,44,70,1.17
2026-06-10 20:15:17,165,37,0.62
2026-06-10 20:15:17,70,240,4.0
2026-06-10 20:15:17,129,71,1.18
2026-06-10 20:15:17,196,60,1.0
2026-06-10 20:15:17,127,110,1.83
2026-06-10 20:15:17,16,119,1.98
2026-06-10 20:15:17,190,33,0.55
2026-06-10 20:15:17,212,92,1.53
2026-06-10 20:15:17,141,54,0.9
2026-06-10 20:15:17,51,39,0.65
2026-06-10 20:15:17,16,15,0.25
2026-06-10 20:15:17,127,49,0.82
2026-06-10 20:15:17,208,71,1.18
2026-06-10 20:15:17,125,86,1.43
2026-06-10 20:15:17,119,16,0.27
2026-06-10 20:15:17,85,43,0.72
2026-06-10 20:15:17,114,62,1.03
2026-06-10 20:15:17,128,60,1.0
2026-06-10 20:15:17,165,69,1.15
2026-06-10 20:15:17,106,115,1.92
2026-06-10 20:15:17,161,31,0.52
2026-06-10 20:15:17,162,120,2.0
2026-06-10 20:15:17,747,1260,21.0
2026-06-10 20:15:17,70,240,4.0
2026-06-10 20:15:17,201,42,0.7
2026-06-10 20:15:17,201,100,1.67
2026-06-10 20:15:17,747,900,15.0
2026-06-10 20:15:17,170,76,1.27
2026-06-10 20:15:17,170,40,0.67
2026-06-10 20:15:17,168,52,0.87
2026-06-10 20:15:17,230,184,3.07
2026-06-10 20:15:17,38,360,6.0
2026-06-10 20:15:17,113,71,1.18
2026-06-10 20:15:17,211,1020,17.0
2026-06-10 20:15:17,45,26,0.43
2026-06-10 20:15:17,38,81,1.35
2026-06-10 20:15:17,747,900,15.0
2026-06-10 20:15:17,491,941,15.68
2026-06-10 20:15:17,204,68,1.13
2026-06-10 20:15:17,197,45,0.75
2026-06-10 20:15:17,18,91,1.52
2026-06-10 20:15:17,10,61,1.02
2026-06-10 20:15:17,79,84,1.4
2026-06-10 20:15:17,747,1260,21.0
2026-06-10 20:15:17,777,300,5.0
2026-06-10 20:15:17,411,75,1.25
2026-06-10 20:15:17,17,78,1.3
2026-06-10 20:15:17,168,67,1.12
2026-06-10 20:15:17,32,69,1.15
2026-06-10 20:15:17,179,38,0.63
2026-06-10 20:15:17,161,184,3.07
2026-06-10 20:15:17,105,141,2.35
2026-06-10 20:15:17,123,25,0.42
2026-06-10 20:15:17,121,26,0.43
2026-06-10 20:15:17,57,67,1.12
2026-06-10 20:15:17,128,30,0.5
2026-06-10 20:15:17,214,138,2.3
2026-06-10 20:15:17,64,102,1.7
2026-06-10 20:15:17,32,57,0.95
2026-06-10 20:15:17,180,115,1.92
2026-06-10 20:15:17,468,60,1.0
2026-06-10 20:15:17,20,180,3.0
2026-06-10 20:15:17,777,240,4.0
2026-06-10 20:15:17,747,1233,20.55
2026-06-10 20:15:17,140,133,2.22
2026-06-10 20:15:17,49,60,1.0
2026-06-10 20:15:17,411,1080,18.0
2026-06-10 20:15:17,193,63,1.05
2026-06-10 20:15:17,183,19,0.32
2026-06-10 20:15:17,195,143,2.38
2026-06-10 20:15:17,48,47,0.78
2026-06-10 20:15:17,496,958,15.97
2026-06-10 20:15:17,198,109,1.82
2026-06-10 20:15:17,112,71,1.18
2026-06-10 20:15:17,195,181,3.02
2026-06-10 20:15:17,11,55,0.92
2026-06-10 20:15:17,34,42,0.7
2026-06-10 20:15:17,179,19,0.32
2026-06-10 20:15:17,777,240,4.0
2026-06-10 20:15:17,92,36,0.6
2026-06-10 20:15:17,48,119,1.98
2026-06-10 20:15:17,18,226,3.77
2026-06-10 20:15:17,206,215,3.58
2026-06-10 20:15:17,57,59,0.98
2026-06-10 20:15:17,124,60,1.0
2026-06-10 20:15:17,43,59,0.98
2026-06-10 20:15:17,25,51,0.85
2026-06-10 20:15:17,192,37,0.62
2026-06-10 20:15:17,177,49,0.82
2026-06-10 20:15:17,86,47,0.78
2026-06-10 20:15:17,150,59,0.98
2026-06-10 20:15:17,36,93,1.55
2026-06-10 20:15:17,47,99,1.65
2026-06-10 20:15:17,468,370,6.17
2026-06-10 20:15:17,200,254,4.23
2026-06-10 20:15:17,174,360,6.0
2026-06-10 20:15:17,47,84,1.4
2026-06-10 20:15:17,439,90,1.5
2026-06-10 20:15:17,16,119,1.98
2026-06-10 20:15:17,71,96,1.6
2026-06-10 20:15:17,218,48,0.8
2026-06-10 20:15:17,747,158,2.63
2026-06-10 20:15:17,203,115,1.92
2026-06-10 20:15:17,193,43,0.72
2026-06-10 20:15:17,33,45,0.75
2026-06-10 20:15:17,449,463,7.72
2026-06-10 20:15:17,103,87,1.45
2026-06-10 20:15:17,49,121,2.02
2026-06-10 20:15:17,187,107,1.78
2026-06-10 20:15:17,215,131,2.18
2026-06-10 20:15:17,185,72,1.2
2026-06-10 20:15:17,160,50,0.83
2026-06-10 20:15:17,64,78,1.3
2026-06-10 20:15:17,164,19,0.32
2026-06-10 20:15:17,777,181,3.02
2026-06-10 20:15:17,218,96,1.6
2026-06-10 20:15:17,95,46,0.77
2026-06-10 20:15:17,35,75,1.25
2026-06-10 20:15:17,166,60,1.0
2026-06-10 20:15:17,69,54,0.9
2026-06-10 20:15:17,198,299,4.98
2026-06-10 20:15:17,141,49,0.82
2026-06-10 20:15:17,35,55,0.92
2026-06-10 20:15:17,55,186,3.1
2026-06-10 20:15:17,68,77,1.28
2026-06-10 20:15:17,31,208,3.47
2026-06-10 20:15:17,205,206,3.43
2026-06-10 20:15:17,51,39,0.65
2026-06-10 20:15:17,131,80,1.33
2026-06-10 20:15:17,12,67,1.12
2026-06-10 20:15:17,202,259,4.32
2026-06-10 20:15:17,90,75,1.25
2026-06-10 20:15:17,106,115,1.92
2026-06-10 20:15:17,186,56,0.93
2026-06-10 20:15:17,121,55,0.92
2026-06-10 20:15:17,55,71,1.18
2026-06-10 20:15:17,496,84,1.4
2026-06-10 20:15:17,105,141,2.35
2026-06-10 20:15:17,209,91,1.52
2026-06-10 20:15:17,41,53,0.88
2026-06-10 20:15:17,187,48,0.8
2026-06-10 20:15:17,189,49,0.82
2026-06-10 20:15:17,136,66,1.1
2026-06-10 20:15:17,211,60,1.0
2026-06-10 20:15:17,202,74,1.23
2026-06-10 20:15:17,172,54,0.9
2026-06-10 20:15:17,189,83,1.38
2026-06-10 20:15:17,113,46,0.77
2026-06-10 20:15:17,141,54,0.9
2026-06-10 20:15:17,114,33,0.55
2026-06-10 20:15:17,211,1020,17.0
2026-06-10 20:15:17,172,60,1.0
2026-06-10 20:15:17,81,29,0.48
2026-06-10 20:15:17,54,32,0.53
2026-06-10 20:15:17,100,78,1.3
2026-06-10 20:15:17,11,14,0.23
2026-06-10 20:15:17,105,44,0.73
2026-06-10 20:15:17,93,139,2.32
2026-06-10 20:15:17,71,41,0.68
2026-06-10 20:15:17,179,19,0.32
2026-06-10 20:15:17,165,69,1.15
2026-06-10 20:15:17,108,33,0.55
2026-06-10 20:15:17,104,55,0.92
2026-06-10 20:15:17,97,155,2.58
2026-06-10 20:15:17,174,26,0.43
2026-06-10 20:15:17,136,17,0.28
2026-06-10 20:15:17,26,34,0.57
2026-06-10 20:15:17,102,142,2.37
2026-06-10 20:15:17,67,55,0.92
2026-06-10 20:15:17,108,47,0.78
2026-06-10 20:15:17,103,64,1.07
2026-06-10 20:15:17,204,78,1.3
2026-06-10 20:15:17,200,71,1.18
2026-06-10 20:15:17,26,77,1.28
2026-06-10 20:15:17,221,120,2.0
2026-06-10 20:15:17,165,37,0.62
2026-06-10 20:15:17,470,51,0.85
2026-06-10 20:15:17,124,125,2.08
2026-06-10 20:15:17,12,47,0.78
2026-06-10 20:15:17,48,119,1.98
2026-06-10 20:15:17,80,52,0.87
2026-06-10 20:15:17,221,264,4.4
2026-06-10 20:15:17,176,60,1.0
2026-06-10 20:15:17,186,60,1.0
2026-06-10 20:15:17,61,37,0.62
2026-06-10 20:15:17,162,33,0.55
2026-06-10 20:15:17,37,37,0.62
2026-06-10 20:15:17,110,179,2.98
2026-06-10 20:15:17,29,45,0.75
2026-06-10 20:15:17,93,84,1.4
2026-06-10 20:15:17,64,102,1.7
2026-06-10 20:15:17,112,45,0.75
2026-06-10 20:15:17,17,40,0.67
2026-06-10 20:15:17,207,34,0.57
2026-06-10 20:15:17,208,186,3.1
2026-06-10 20:15:17,94,45,0.75
2026-06-10 20:15:17,50,66,1.1
2026-06-10 20:15:17,496,958,15.97
2026-06-10 20:15:17,177,15,0.25
2026-06-10 20:15:17,439,112,1.87
2026-06-10 20:15:17,171,74,1.23
2026-06-10 20:15:17,13,53,0.88
2026-06-10 20:15:17,56,86,1.43
2026-06-10 20:15:17,13,54,0.9
2026-06-10 20:15:17,203,269,4.48
2026-06-10 20:15:17,190,158,2.63
2026-06-10 20:15:17,160,50,0.83
2026-06-10 20:15:17,24,52,0.87
2026-06-10 20:15:17,102,51,0.85
2026-06-10 20:15:17,24,25,0.42
2026-06-10 20:15:17,49,121,2.02
2026-06-10 20:15:17,20,74,1.23
2026-06-10 20:15:17,192,33,0.55
2026-06-10 20:15:17,86,33,0.55
2026-06-10 20:15:17,139,91,1.52
2026-06-10 20:15:17,121,26,0.43
2026-06-10 20:15:17,85,67,1.12
2026-06-10 20:15:17,90,16,0.27
2026-06-10 20:15:17,161,39,0.65
2026-06-10 20:15:17,123,120,2.0
2026-06-10 20:15:17,81,89,1.48
2026-06-10 20:15:17,187,107,1.78
2026-06-10 20:15:17,214,55,0.92
2026-06-10 20:15:17,48,47,0.78
2026-06-10 20:15:17,209,300,5.0
2026-06-10 20:15:17,171,120,2.0
2026-06-10 20:15:17,131,21,0.35
2026-06-10 20:15:17,66,55,0.92
2026-06-10 20:15:17,165,69,1.15
2026-06-10 20:15:17,197,78,1.3
2026-06-10 20:15:17,36,133,2.22
2026-06-10 20:15:17,70,29,0.48
2026-06-10 20:15:17,27,156,2.6
2026-06-10 20:15:17,105,141,2.35
2026-06-10 20:15:17,777,300,5.0
2026-06-10 20:15:17,92,259,4.32
2026-06-10 20:15:17,205,42,0.7
2026-06-10 20:15:17,206,35,0.58
2026-06-10 20:15:17,37,92,1.53
2026-06-10 20:15:17,100,34,0.57
2026-06-10 20:15:17,491,73,1.22
2026-06-10 20:15:17,103,87,1.45
2026-06-10 20:15:17,161,184,3.07
2026-06-10 20:15:17,176,60,1.0
2026-06-10 20:15:17,79,60,1.0
2026-06-10 20:15:17,18,226,3.77
2026-06-10 20:15:17,99,100,1.67
2026-06-10 20:15:17,68,86,1.43
2026-06-10 20:15:17,141,49,0.82
2026-06-10 20:15:17,95,67,1.12
2026-06-10 20:15:17,144,127,2.12
2026-06-10 20:15:17,449,60,1.0
2026-06-10 20:15:17,129,59,0.98
2026-06-10 20:15:17,144,49,0.82
2026-06-10 20:15:17,106,41,0.68
2026-06-10 20:15:17,22,91,1.52
2026-06-10 20:15:17,20,180,3.0
2026-06-10 20:15:17,127,49,0.82
2026-06-10 20:15:17,44,70,1.17
2026-06-10 20:15:17,129,71,1.18
2026-06-10 20:15:17,67,51,0.85
2026-06-10 20:15:17,47,101,1.68
2026-06-10 20:15:17,51,47,0.78
2026-06-10 20:15:17,211,1020,17.0
2026-06-10 20:15:17,162,120,2.0
2026-06-10 20:15:17,80,105,1.75
2026-06-10 20:15:17,777,240,4.0
2026-06-10 20:15:17,104,21,0.35
2026-06-10 20:15:17,208,71,1.18
2026-06-10 20:15:17,127,110,1.83
2026-06-10 20:15:17,18,91,1.52
2026-06-10 20:15:17,138,69,1.15
2026-06-10 20:15:17,114,62,1.03
2026-06-10 20:15:17,107,20,0.33
2026-06-10 20:15:17,32,57,0.95
2026-06-10 20:15:17,27,46,0.77
2026-06-10 20:15:17,168,52,0.87
2026-06-10 20:15:17,197,45,0.75
2026-06-10 20:15:17,189,83,1.38
2026-06-10 20:15:17,190,33,0.55
2026-06-10 20:15:17,150,59,0.98
2026-06-10 20:15:17,32,69,1.15
2026-06-10 20:15:17,201,42,0.7
2026-06-10 20:15:17,57,67,1.12
2026-06-10 20:15:17,24,52,0.87
2026-06-10 20:15:17,168,67,1.12
2026-06-10 20:15:17,38,360,6.0
2026-06-10 20:15:17,113,46,0.77
2026-06-10 20:15:17,25,51,0.85
2026-06-10 20:15:17,38,81,1.35
2026-06-10 20:15:17,177,49,0.82
2026-06-10 20:15:17,230,184,3.07
2026-06-10 20:15:17,64,102,1.7
2026-06-10 20:15:17,165,69,1.15
2026-06-10 20:15:17,11,55,0.92
2026-06-10 20:15:17,195,143,2.38
2026-06-10 20:15:17,204,68,1.13
2026-06-10 20:15:17,172,54,0.9
2026-06-10 20:15:17,136,66,1.1
2026-06-10 20:15:17,47,99,1.65
2026-06-10 20:15:17,179,38,0.63
2026-06-10 20:15:17,180,115,1.92
2026-06-10 20:15:17,36,93,1.55
2026-06-10 20:15:17,124,60,1.0
2026-06-10 20:15:17,49,60,1.0
2026-06-10 20:15:17,411,1140,19.0
2026-06-10 20:15:17,51,39,0.65
2026-06-10 20:15:17,92,36,0.6
2026-06-10 20:15:17,172,60,1.0
2026-06-10 20:15:17,64,78,1.3
2026-06-10 20:15:17,105,141,2.35
2026-06-10 20:15:17,200,254,4.23
2026-06-10 20:15:17,192,37,0.62
2026-06-10 20:15:17,202,259,4.32
2026-06-10 20:15:17,193,43,0.72
2026-06-10 20:15:17,218,48,0.8
2026-06-10 20:15:17,95,46,0.77
2026-06-10 20:15:17,209,94,1.57
2026-06-10 20:32:31,103,47,0.78
2026-06-10 20:32:31,69,48,0.8
2026-06-10 20:32:31,140,46,0.77
2026-06-10 20:32:31,106,29,0.48
2026-06-10 20:32:31,12,56,0.93
2026-06-10 20:32:31,69,89,1.48
2026-06-10 20:32:31,411,37,0.62
2026-06-10 20:32:31,67,55,0.92
2026-06-10 20:32:31,48,10,0.17
2026-06-10 20:32:31,230,28,0.47
2026-06-10 20:32:31,179,38,0.63
2026-06-10 20:32:31,37,56,0.93
2026-06-10 20:32:31,105,88,1.47
2026-06-10 20:32:31,197,27,0.45
2026-06-10 20:32:31,121,46,0.77
2026-06-10 20:32:31,27,41,0.68
2026-06-10 20:32:31,110,59,0.98
2026-06-10 20:32:31,198,300,5.0
2026-06-10 20:32:31,110,60,1.0
2026-06-10 20:32:31,33,29,0.48
2026-06-10 20:32:31,124,17,0.28
2026-06-10 20:32:31,35,139,2.32
2026-06-10 20:32:31,25,29,0.48
2026-06-10 20:32:31,104,21,0.35
2026-06-10 20:32:31,43,44,0.73
2026-06-10 20:32:31,35,64,1.07
2026-06-10 20:32:31,141,48,0.8
2026-06-10 20:32:31,439,78,1.3
2026-06-10 20:32:31,48,65,1.08
2026-06-10 20:32:31,51,44,0.73
2026-06-10 20:32:31,61,38,0.63
2026-06-10 20:32:31,50,22,0.37
2026-06-10 20:32:31,211,37,0.62
2026-06-10 20:32:31,41,49,0.82
2026-06-10 20:32:31,164,45,0.75
2026-06-10 20:32:31,196,1,0.02
2026-06-10 20:32:31,496,133,2.22
2026-06-10 20:32:31,79,46,0.77
2026-06-10 20:32:31,34,42,0.7
2026-06-10 20:32:31,491,111,1.85
2026-06-10 20:32:31,141,49,0.82
2026-06-10 20:32:31,138,69,1.15
2026-06-10 20:32:31,24,68,1.13
2026-06-10 20:32:31,102,51,0.85
2026-06-10 20:32:31,110,32,0.53
2026-06-10 20:32:31,439,95,1.58
2026-06-10 20:32:31,100,108,1.8
2026-06-10 20:32:31,165,69,1.15
2026-06-10 20:32:31,223,175,2.92
2026-06-10 20:32:31,200,71,1.18
2026-06-10 20:32:31,26,77,1.28
2026-06-10 20:32:31,208,71,1.18
2026-06-10 20:32:31,124,125,2.08
2026-06-10 20:32:31,18,91,1.52
2026-06-10 20:32:31,44,64,1.07
2026-06-10 20:32:31,48,79,1.32
2026-06-10 20:32:31,90,75,1.25
2026-06-10 20:32:31,747,158,2.63
2026-06-10 20:32:31,10,39,0.65
2026-06-10 20:32:31,171,74,1.23
2026-06-10 20:32:31,164,19,0.32
2026-06-10 20:32:31,56,50,0.83
2026-06-10 20:32:31,141,54,0.9
2026-06-10 20:32:31,20,74,1.23
2026-06-10 20:32:31,108,47,0.78
2026-06-10 20:32:31,124,125,2.08
2026-06-10 20:32:31,93,84,1.4
2026-06-10 20:32:31,162,33,0.55
2026-06-10 20:32:31,103,64,1.07
2026-06-10 20:32:31,56,86,1.43
2026-06-10 20:32:31,136,66,1.1
2026-06-10 20:32:31,90,16,0.27
2026-06-10 20:32:31,67,51,0.85
2026-06-10 20:32:31,171,120,2.0
2026-06-10 20:32:31,107,20,0.33
2026-06-10 20:32:31,61,145,2.42
2026-06-10 20:32:31,125,137,2.28
2026-06-10 20:32:31,128,60,1.0
2026-06-10 20:32:31,168,67,1.12
2026-06-10 20:32:31,123,25,0.42
2026-06-10 20:32:31,411,1080,18.0
2026-06-10 20:32:31,90,75,1.25
2026-06-10 20:32:31,136,17,0.28
2026-06-10 20:32:31,112,45,0.75
2026-06-10 20:32:31,20,74,1.23
2026-06-10 20:42:32,114,77,1.28
2026-06-10 20:42:32,86,30,0.5
2026-06-10 20:42:32,27,52,0.87
2026-06-10 20:42:32,180,33,0.55
2026-06-10 20:42:32,105,65,1.08
2026-06-10 20:42:32,161,65,1.08
2026-06-10 20:42:32,103,74,1.23
2026-06-10 20:42:32,18,48,0.8
2026-06-10 20:42:32,123,31,0.52
2026-06-10 20:42:32,51,64,1.07
2026-06-10 20:42:32,69,53,0.88
2026-06-10 20:42:32,32,22,0.37
2026-06-10 20:42:32,170,76,1.27
2026-06-10 20:42:32,230,38,0.63
2026-06-10 20:42:32,170,22,0.37
2026-06-10 20:42:32,168,19,0.32
2026-06-10 20:42:32,189,46,0.77
2026-06-10 20:42:32,202,31,0.52
2026-06-10 20:42:32,439,47,0.78
2026-06-10 20:42:32,57,65,1.08
2026-06-10 20:42:32,85,38,0.63
2026-06-10 20:42:32,24,62,1.03
2026-06-10 20:42:32,12,44,0.73
2026-06-10 20:42:32,206,215,3.58
2026-06-10 20:42:32,141,53,0.88
2026-06-10 20:42:32,174,88,1.47
2026-06-10 20:42:32,86,31,0.52
2026-06-10 20:42:32,31,109,1.82
2026-06-10 20:42:32,187,42,0.7
2026-06-10 20:42:32,221,71,1.18
2026-06-10 20:42:32,20,180,3.0
2026-06-10 20:42:32,48,133,2.22
2026-06-10 20:42:32,106,115,1.92
2026-06-10 20:42:32,112,71,1.18
2026-06-10 20:42:32,470,69,1.15
2026-06-10 20:42:32,121,62,1.03
2026-06-10 20:42:32,439,56,0.93
2026-06-10 20:42:32,35,55,0.92
2026-06-10 20:42:32,223,65,1.08
2026-06-10 20:42:32,80,52,0.87
2026-06-10 20:42:32,179,38,0.63
2026-06-10 20:42:32,174,360,6.0
2026-06-10 20:42:32,449,463,7.72
2026-06-10 20:42:32,121,35,0.58
2026-06-10 20:42:32,777,300,5.0
2026-06-10 20:42:32,777,300,5.0
2026-06-10 20:42:32,777,300,5.0
2026-06-10 20:42:32,94,48,0.8
2026-06-10 20:42:32,777,240,4.0
2026-06-10 20:42:32,170,40,0.67
2026-06-10 20:42:32,777,170,2.83
2026-06-10 20:42:32,136,66,1.1
2026-06-10 20:42:32,66,55,0.92
2026-06-10 20:42:32,103,87,1.45
2026-06-10 20:42:32,34,42,0.7
2026-06-10 20:42:32,131,21,0.35
2026-06-10 20:42:32,187,72,1.2
2026-06-10 20:42:32,196,60,1.0
2026-06-10 20:42:32,144,49,0.82
2026-06-10 20:42:32,193,43,0.72
2026-06-10 20:42:32,187,107,1.78
2026-06-10 20:42:32,114,62,1.03
2026-06-10 20:42:32,32,57,0.95
2026-06-10 20:42:32,113,71,1.18
2026-06-10 20:42:32,79,84,1.4
2026-06-10 20:42:32,17,78,1.3
2026-06-10 20:42:32,24,52,0.87
2026-06-10 20:42:32,166,60,1.0
2026-06-10 20:42:32,172,54,0.9
2026-06-10 20:42:32,195,181,3.02
2026-06-10 20:42:32,55,57,0.95
2026-06-10 20:42:32,105,141,2.35
2026-06-10 20:42:32,203,115,1.92
2026-06-10 20:42:32,205,206,3.43
2026-06-10 20:42:32,160,50,0.83
2026-06-10 20:42:32,202,74,1.23
2026-06-10 20:42:32,54,43,0.72
2026-06-10 20:42:32,18,226,3.77
2026-06-10 20:42:32,80,52,0.87
2026-06-10 20:42:32,37,37,0.62
2026-06-10 20:42:32,68,86,1.43
2026-06-10 20:42:32,107,20,0.33
2026-06-10 20:42:32,449,60,1.0
2026-06-10 20:42:32,129,71,1.18
2026-06-10 20:42:32,201,42,0.7
2026-06-10 20:42:32,197,45,0.75
2026-06-10 20:42:32,161,184,3.07
2026-06-10 20:42:32,468,60,1.0
2026-06-10 20:42:32,18,226,3.77
2026-06-10 20:42:32,124,60,1.0
2026-06-10 20:42:32,468,370,6.17
2026-06-10 20:42:32,189,49,0.82
2026-06-10 20:46:58,113,22,0.37
2026-06-10 20:46:58,204,38,0.63
2026-06-10 20:46:58,128,24,0.4
2026-06-10 20:46:58,208,186,3.1
2026-06-10 20:46:58,439,119,1.98
2026-06-10 20:46:58,160,84,1.4
2026-06-10 20:46:58,29,79,1.32
2026-06-10 20:46:58,141,40,0.67
2026-06-10 20:46:58,100,24,0.4
2026-06-10 20:46:58,49,36,0.6
2026-06-10 20:46:58,80,105,1.75
2026-06-10 20:46:58,202,52,0.87
2026-06-10 20:46:58,36,52,0.87
2026-06-10 20:46:58,61,38,0.63
2026-06-10 20:46:58,55,106,1.77
2026-06-10 20:46:58,161,36,0.6
2026-06-10 20:46:58,197,49,0.82
2026-06-10 20:46:58,179,83,1.38
2026-06-10 20:46:58,25,51,0.85
2026-06-10 20:46:58,139,44,0.73
2026-06-10 20:46:58,165,79,1.32
2026-06-10 20:46:58,162,31,0.52
2026-06-10 20:46:58,206,45,0.75
2026-06-10 20:46:58,35,45,0.75
2026-06-10 20:46:58,17,26,0.43
2026-06-10 20:46:58,90,28,0.47
2026-06-10 20:46:58,20,129,2.15
2026-06-10 20:46:58,33,57,0.95
2026-06-10 20:46:58,70,170,2.83
2026-06-10 20:46:58,34,71,1.18
2026-06-10 20:46:58,43,25,0.42
2026-06-10 20:46:58,131,80,1.33
2026-06-10 20:46:58,150,39,0.65
2026-06-10 20:46:58,92,36,0.6
2026-06-10 20:46:58,43,25,0.42
2026-06-10 20:46:58,439,149,2.48
2026-06-10 20:46:58,48,47,0.78
2026-06-10 20:46:58,10,61,1.02
2026-06-10 20:46:58,211,57,0.95
2026-06-10 20:46:58,209,79,1.32
2026-06-10 20:46:58,43,59,0.98
2026-06-10 20:46:58,125,86,1.43
2026-06-10 20:46:58,150,59,0.98
2026-06-10 20:46:58,179,38,0.63
2026-06-10 20:46:58,187,110,1.83
2026-06-10 20:46:58,165,59,0.98
2026-06-10 20:46:58,204,78,1.3
2026-06-10 20:46:58,64,102,1.7
2026-06-10 20:46:58,172,54,0.9
2026-06-10 20:46:58,56,53,0.88
2026-06-10 20:46:58,193,43,0.72
2026-06-10 20:46:58,100,78,1.3
2026-06-10 20:46:58,18,226,3.77
2026-06-10 20:46:58,162,33,0.55
2026-06-10 20:46:58,48,47,0.78
2026-06-10 20:46:58,13,54,0.9
2026-06-10 20:46:58,139,91,1.52
2026-06-10 20:46:58,180,115,1.92
2026-06-10 20:46:58,70,29,0.48
2026-06-10 20:46:58,171,120,2.0
2026-06-10 20:46:58,16,119,1.98
2026-06-10 20:46:58,48,119,1.98
2026-06-10 20:46:58,38,81,1.35
2026-06-10 20:46:58,51,39,0.65
2026-06-10 20:46:58,747,900,15.0
2026-06-10 20:46:58,180,115,1.92
2026-06-10 20:46:58,168,67,1.12
2026-06-10 20:46:58,165,37,0.62
2026-06-10 20:46:58,107,20,0.33
2026-06-10 20:46:58,179,19,0.32
2026-06-10 20:46:58,50,183,3.05
2026-06-10 20:46:58,218,96,1.6
2026-06-10 20:46:58,80,105,1.75
2026-06-10 20:46:58,18,91,1.52
2026-06-10 20:46:58,41,53,0.88
2026-06-10 20:46:58,214,55,0.92
2026-06-10 20:46:58,136,66,1.1
2026-06-10 20:46:58,36,133,2.22
2026-06-10 20:46:58,171,120,2.0
2026-06-10 20:46:58,449,60,1.0
2026-06-10 20:46:58,138,69,1.15
2026-06-10 20:46:58,70,240,4.0
2026-06-10 20:46:58,128,60,1.0
2026-06-10 20:46:58,161,31,0.52
2026-06-10 20:46:58,113,71,1.18
2026-06-10 20:46:58,468,370,6.17
2026-06-10 20:46:58,203,115,1.92
2026-06-10 20:57:00,67,43,0.72
2026-06-10 20:57:00,104,161,2.68
2026-06-10 20:57:00,49,43,0.72
2026-06-10 20:57:00,208,55,0.92
2026-06-10 20:57:00,125,137,2.28
2026-06-10 20:57:00,80,134,2.23
2026-06-10 20:57:00,777,52,0.87
2026-06-10 20:57:00,79,45,0.75
2026-06-10 20:57:00,203,69,1.15
2026-06-10 20:57:00,110,38,0.63
2026-06-10 20:57:00,107,34,0.57
2026-06-10 20:57:00,187,18,0.3
2026-06-10 20:57:00,107,35,0.58
2026-06-10 20:57:00,119,26,0.43
2026-06-10 20:57:00,35,72,1.2
2026-06-10 20:57:00,20,30,0.5
2026-06-10 20:57:00,189,32,0.53
2026-06-10 20:57:00,439,154,2.57
2026-06-10 20:57:00,468,176,2.93
2026-06-10 20:57:00,106,129,2.15
2026-06-10 20:57:00,26,16,0.27
2026-06-10 20:57:00,208,32,0.53
2026-06-10 20:57:00,69,75,1.25
2026-06-10 20:57:00,36,50,0.83
2026-06-10 20:57:00,185,63,1.05
2026-06-10 20:57:00,202,53,0.88
2026-06-10 20:57:00,18,50,0.83
2026-06-10 20:57:00,10,50,0.83
2026-06-10 20:57:00,35,42,0.7
2026-06-10 20:57:00,54,60,1.0
2026-06-10 20:57:00,411,38,0.63
2026-06-10 20:57:00,179,38,0.63
2026-06-10 20:57:00,61,24,0.4
2026-06-10 20:57:00,114,62,1.03
2026-06-10 20:57:00,747,20,0.33
2026-06-10 20:57:00,31,23,0.38
2026-06-10 20:57:00,74,116,1.93
2026-06-10 20:57:00,97,104,1.73
2026-06-10 20:57:00,439,102,1.7
2026-06-10 20:57:00,17,78,1.3
2026-06-10 20:57:00,79,23,0.38
2026-06-10 20:57:00,81,48,0.8
2026-06-10 20:57:00,110,38,0.63
2026-06-10 20:57:00,107,61,1.02
2026-06-10 20:57:00,27,46,0.77
2026-06-10 20:57:00,470,168,2.8
2026-06-10 20:57:00,67,55,0.92
2026-06-10 20:57:00,496,142,2.37
2026-06-10 20:57:00,189,83,1.38
2026-06-10 20:57:00,34,71,1.18
2026-06-10 20:57:00,439,81,1.35
2026-06-10 20:57:00,129,71,1.18
2026-06-10 20:57:00,207,34,0.57
2026-06-10 20:57:00,138,21,0.35
2026-06-10 20:57:00,193,43,0.72
2026-06-10 20:57:00,104,55,0.92
2026-06-10 20:57:00,131,80,1.33
2026-06-10 20:57:00,747,900,15.0
2026-06-10 20:57:00,48,119,1.98
2026-06-10 20:57:00,150,59,0.98
2026-06-10 20:57:00,18,91,1.52
2026-06-10 20:57:00,55,57,0.95
2026-06-10 20:57:00,747,900,15.0
2026-06-10 20:57:00,172,60,1.0
2026-06-10 20:57:00,136,17,0.28
2026-06-10 20:57:00,108,33,0.55
2026-06-10 20:57:00,26,77,1.28
2026-06-10 20:57:00,439,112,1.87
2026-06-10 20:57:00,470,1260,21.0
2026-06-10 20:57:00,66,55,0.92
2026-06-10 20:57:00,171,120,2.0
2026-06-10 20:57:00,208,71,1.18
2026-06-10 20:57:00,45,26,0.43
2026-06-10 20:57:00,113,71,1.18
2026-06-10 20:57:00,201,42,0.7
2026-06-10 20:57:00,79,84,1.4
2026-06-10 20:57:00,165,69,1.15
2026-06-10 20:57:00,105,44,0.73
2026-06-10 20:57:00,777,181,3.02
2026-06-10 20:57:00,195,181,3.02
2026-06-10 20:57:00,124,60,1.0
2026-06-10 20:57:00,192,37,0.62
2026-06-10 20:57:00,179,38,0.63
2026-06-10 20:57:00,164,19,0.32
2026-06-10 20:57:00,205,206,3.43
2026-06-10 20:57:00,131,80,1.33
2026-06-10 20:57:00,104,55,0.92
2026-06-10 20:57:00,119,101,1.68
2026-06-10 20:57:00,141,49,0.82
2026-06-10 20:57:00,166,41,0.68
2026-06-10 20:57:00,81,29,0.48
2026-06-10 20:57:00,121,55,0.92
2026-06-10 20:57:00,20,60,1.0
2026-06-10 20:57:00,93,139,2.32
2026-06-10 20:57:00,202,259,4.32
2026-06-10 21:07:01,196,52,0.87
2026-06-10 21:07:01,138,50,0.83
2026-06-10 21:07:01,66,27,0.45
2026-06-10 21:07:01,92,59,0.98
2026-06-10 21:07:01,31,48,0.8
2026-06-10 21:07:01,185,29,0.48
2026-06-10 21:07:01,189,49,0.82
2026-06-10 21:07:01,24,32,0.53
2026-06-10 21:07:01,57,50,0.83
2026-06-10 21:07:01,24,33,0.55
2026-06-10 21:07:01,49,39,0.65
2026-06-10 21:07:01,185,51,0.85
2026-06-10 21:07:01,49,188,3.13
2026-06-10 21:07:01,20,78,1.3
2026-06-10 21:07:01,187,25,0.42
2026-06-10 21:07:01,202,41,0.68
2026-06-10 21:07:01,85,50,0.83
2026-06-10 21:07:01,28,45,0.75
2026-06-10 21:07:01,68,221,3.68
2026-06-10 21:07:01,125,31,0.52
2026-06-10 21:07:01,37,78,1.3
2026-06-10 21:07:01,10,25,0.42
2026-06-10 21:07:01,61,55,0.92
2026-06-10 21:07:01,27,48,0.8
2026-06-10 21:07:01,186,24,0.4
2026-06-10 21:07:01,777,170,2.83
2026-06-10 21:07:01,16,56,0.93
2026-06-10 21:07:01,43,37,0.62
2026-06-10 21:07:01,97,12,0.2
2026-06-10 21:07:01,51,23,0.38
2026-06-10 21:07:01,439,112,1.87
2026-06-10 21:07:01,103,64,1.07
2026-06-10 21:07:01,777,300,5.0
2026-06-10 21:07:01,49,106,1.77
2026-06-10 21:07:01,128,30,0.5
2026-06-10 21:07:01,195,21,0.35
2026-06-10 21:07:01,202,221,3.68
2026-06-10 21:07:01,192,33,0.55
2026-06-10 21:07:01,177,15,0.25
2026-06-10 21:07:01,43,59,0.98
2026-06-10 21:07:01,55,186,3.1
2026-06-10 21:07:01,747,158,2.63
2026-06-10 21:07:01,37,37,0.62
2026-06-10 21:07:01,230,184,3.07
2026-06-10 21:07:01,37,92,1.53
2026-06-10 21:07:01,110,32,0.53
2026-06-10 21:07:01,205,36,0.6
2026-06-10 21:07:01,24,52,0.87
2026-06-10 21:07:01,61,63,1.05
2026-06-10 21:07:01,211,1020,17.0
2026-06-10 21:07:01,51,39,0.65
2026-06-10 21:07:01,17,78,1.3
2026-06-10 21:07:01,105,118,1.97
2026-06-10 21:07:01,45,26,0.43
2026-06-10 21:07:01,214,138,2.3
2026-06-10 21:07:01,170,40,0.67
2026-06-10 21:07:01,186,60,1.0
2026-06-10 21:07:01,174,360,6.0
2026-06-10 21:07:01,193,43,0.72
2026-06-10 21:07:01,32,57,0.95
2026-06-10 21:07:01,105,118,1.97
2026-06-10 21:07:01,747,1260,21.0
2026-06-10 21:07:01,51,23,0.38
2026-06-10 21:07:01,470,51,0.85
2026-06-10 21:07:01,93,84,1.4
2026-06-10 21:07:01,165,59,0.98
2026-06-10 21:07:01,139,91,1.52
2026-06-10 21:07:01,209,300,5.0
2026-06-10 21:07:01,185,53,0.88
2026-06-10 21:07:01,70,29,0.48
2026-06-10 21:07:01,144,127,2.12
2026-06-10 21:07:01,170,51,0.85
2026-06-10 21:07:01,125,86,1.43
2026-06-10 21:07:01,38,360,6.0
2026-06-10 21:07:01,47,84,1.4
2026-06-10 21:07:01,411,1020,17.0
2026-06-10 21:07:01,47,99,1.65
2026-06-10 21:07:01,68,77,1.28
2026-06-10 21:07:01,200,71,1.18
2026-06-10 21:20:06,74,80,1.33
2026-06-10 21:20:06,196,47,0.78
2026-06-10 21:20:06,160,95,1.58
2026-06-10 21:20:06,170,23,0.38
2026-06-10 21:20:06,48,88,1.47
2026-06-10 21:20:06,186,38,0.63
2026-06-10 21:20:06,140,66,1.1
2026-06-10 21:20:06,439,99,1.65
2026-06-10 21:20:06,215,30,0.5
2026-06-10 21:20:06,43,82,1.37
2026-06-10 21:20:06,86,46,0.77
2026-06-10 21:20:06,31,85,1.42
2026-06-10 21:20:06,20,45,0.75
2026-06-10 21:20:06,51,60,1.0
2026-06-10 21:20:06,449,32,0.53
2026-06-10 21:20:06,230,180,3.0
2026-06-10 21:20:06,79,61,1.02
2026-06-10 21:20:06,215,53,0.88
2026-06-10 21:20:06,37,75,1.25
2026-06-10 21:20:06,165,19,0.32
2026-06-10 21:20:06,92,31,0.52
2026-06-10 21:20:06,17,26,0.43
2026-06-10 21:20:06,161,36,0.6
2026-06-10 21:20:06,205,67,1.12
2026-06-10 21:20:06,45,138,2.3
2026-06-10 21:20:06,439,63,1.05
2026-06-10 21:20:06,90,63,1.05
2026-06-10 21:20:06,56,110,1.83
2026-06-10 21:20:06,179,19,0.32
2026-06-10 21:20:06,114,55,0.92
2026-06-10 21:20:06,195,35,0.58
2026-06-10 21:20:06,187,107,1.78
2026-06-10 21:20:06,221,27,0.45
2026-06-10 21:20:06,190,55,0.92
2026-06-10 21:20:06,34,71,1.18
2026-06-10 21:20:06,496,857,14.28
2026-06-10 21:20:06,211,102,1.7
2026-06-10 21:20:06,44,70,1.17
2026-06-10 21:20:06,64,70,1.17
2026-06-10 21:20:06,161,31,0.52
2026-06-10 21:20:06,110,157,2.62
2026-06-10 21:20:06,177,15,0.25
2026-06-10 21:20:06,90,75,1.25
2026-06-10 21:20:06,139,91,1.52
2026-06-10 21:20:06,192,33,0.55
2026-06-10 21:20:06,37,37,0.62
2026-06-10 21:20:06,24,25,0.42
2026-06-10 21:20:06,24,52,0.87
2026-06-10 21:20:06,51,39,0.65
2026-06-10 21:20:06,113,71,1.18
2026-06-10 21:20:06,411,75,1.25
2026-06-10 21:20:06,49,60,1.0
2026-06-10 21:20:06,10,61,1.02
2026-06-10 21:20:06,71,96,1.6
2026-06-10 21:20:06,186,60,1.0
2026-06-10 21:20:06,200,254,4.23
2026-06-10 21:20:06,205,206,3.43
2026-06-10 21:20:06,215,131,2.18
2026-06-10 21:20:06,105,44,0.73
2026-06-10 21:20:06,95,46,0.77
2026-06-10 21:20:06,97,155,2.58
2026-06-10 21:20:06,24,52,0.87
2026-06-10 21:20:06,161,184,3.07
2026-06-10 21:20:06,136,66,1.1
2026-06-10 21:20:06,81,29,0.48
2026-06-10 21:20:06,29,45,0.75
2026-06-10 21:20:06,20,82,1.37
2026-06-10 21:20:06,108,47,0.78
2026-06-10 21:20:06,211,1020,17.0
2026-06-10 21:20:06,56,86,1.43
2026-06-10 21:20:06,165,59,0.98
2026-06-10 21:20:06,66,55,0.92
2026-06-10 21:20:06,140,120,2.0
2026-06-10 21:20:06,36,133,2.22
2026-06-10 21:20:06,37,37,0.62
2026-06-10 21:20:06,27,156,2.6
2026-06-10 21:20:06,138,69,1.15
2026-06-10 21:20:06,22,56,0.93
2026-06-10 21:20:06,176,60,1.0
2026-06-10 21:20:06,37,92,1.53
2026-06-10 21:20:06,129,71,1.18
2026-06-10 21:20:06,38,360,6.0
2026-06-10 21:20:06,67,46,0.77
2026-06-10 21:22:15,69,179,2.98
2026-06-10 21:22:15,121,62,1.03
2026-06-10 21:22:15,55,57,0.95
2026-06-10 21:22:15,48,95,1.58
2026-06-10 21:22:15,26,29,0.48
2026-06-10 21:22:15,166,44,0.73
2026-06-10 21:22:15,189,34,0.57
2026-06-10 21:22:15,104,35,0.58
2026-06-10 21:22:15,44,26,0.43
2026-06-10 21:22:15,205,35,0.58
2026-06-10 21:22:15,777,82,1.37
2026-06-10 21:22:15,33,68,1.13
2026-06-10 21:22:15,129,55,0.92
2026-06-10 21:22:15,18,97,1.62
2026-06-10 21:22:15,468,44,0.73
2026-06-10 21:22:15,47,84,1.4
2026-06-10 21:22:15,202,25,0.42
2026-06-10 21:22:15,128,57,0.95
2026-06-10 21:22:15,449,48,0.8
2026-06-10 21:22:15,195,57,0.95
2026-06-10 21:22:15,411,104,1.73
2026-06-10 21:22:15,161,85,1.42
2026-06-10 21:22:15,68,34,0.57
2026-06-10 21:22:15,112,49,0.82
2026-06-10 21:22:15,215,43,0.72
2026-06-10 21:22:15,18,63,1.05
2026-06-10 21:22:15,190,117,1.95
2026-06-10 21:22:15,439,106,1.77
2026-06-10 21:22:15,56,82,1.37
2026-06-10 21:22:15,67,71,1.18
2026-06-10 21:22:15,48,200,3.33
2026-06-10 21:22:15,195,181,3.02
2026-06-10 21:22:15,185,53,0.88
2026-06-10 21:22:15,100,14,0.23
2026-06-10 21:22:15,449,64,1.07
2026-06-10 21:22:15,185,72,1.2
2026-06-10 21:22:15,136,66,1.1
2026-06-10 21:22:15,70,29,0.48
2026-06-10 21:22:15,179,19,0.32
2026-06-10 21:22:15,54,32,0.53
2026-06-10 21:22:15,51,39,0.65
2026-06-10 21:22:15,108,33,0.55
2026-06-10 21:22:15,105,118,1.97
2026-06-10 21:22:15,203,269,4.48
2026-06-10 21:22:15,215,126,2.1
2026-06-10 21:22:15,183,19,0.32
2026-06-10 21:22:15,38,360,6.0
2026-06-10 21:22:15,85,67,1.12
2026-06-10 21:22:15,20,82,1.37
2026-06-10 21:22:15,144,127,2.12
2026-06-10 21:22:15,92,259,4.32
2026-06-10 21:22:15,67,51,0.85
2026-06-10 21:22:15,113,71,1.18
2026-06-10 21:22:15,747,900,15.0
2026-06-10 21:22:15,164,19,0.32
2026-06-10 21:22:15,34,42,0.7
2026-06-10 21:22:15,124,60,1.0
2026-06-10 21:22:15,193,43,0.72
2026-06-10 21:22:15,121,55,0.92
2026-06-10 21:22:15,150,59,0.98
2026-06-10 21:22:15,165,59,0.98
2026-06-10 21:22:15,198,299,4.98
2026-06-10 21:22:15,80,52,0.87
2026-06-10 21:22:15,777,300,5.0
2026-06-10 21:22:15,102,142,2.37
2026-06-10 21:22:15,208,186,3.1
2026-06-10 21:22:15,439,112,1.87
2026-06-10 21:22:15,114,62,1.03
2026-06-10 21:22:21,37,59,0.98
2026-06-10 21:22:21,208,33,0.55
2026-06-10 21:22:21,55,35,0.58
2026-06-10 21:22:21,55,60,1.0
2026-06-10 21:22:21,496,76,1.27
2026-06-10 21:22:21,747,900,15.0
2026-06-10 21:22:21,35,40,0.67
2026-06-10 21:22:21,119,60,1.0
2026-06-10 21:22:21,198,40,0.67
2026-06-10 21:22:21,32,55,0.92
2026-06-10 21:22:21,107,58,0.97
2026-06-10 21:22:21,141,36,0.6
2026-06-10 21:22:21,140,33,0.55
2026-06-10 21:22:21,121,42,0.7
2026-06-10 21:22:21,105,36,0.6
2026-06-10 21:22:21,47,30,0.5
2026-06-10 21:22:21,179,24,0.4
2026-06-10 21:22:21,37,27,0.45
2026-06-10 21:22:21,205,54,0.9
2026-06-10 21:22:21,204,30,0.5
2026-06-10 21:22:21,24,42,0.7
2026-06-10 21:22:21,172,48,0.8
2026-06-10 21:22:21,37,92,1.53
2026-06-10 21:22:21,112,49,0.82
2026-06-10 21:22:21,198,58,0.97
2026-06-10 21:22:21,138,60,1.0
2026-06-10 21:22:21,33,48,0.8
2026-06-10 21:22:21,11,91,1.52
2026-06-10 21:22:21,168,89,1.48
2026-06-10 21:22:21,177,35,0.58
2026-06-10 21:22:21,10,61,1.02
2026-06-10 21:22:21,43,27,0.45
2026-06-10 21:22:21,189,63,1.05
2026-06-10 21:22:21,127,49,0.82
2026-06-10 21:22:21,10,39,0.65
2026-06-10 21:22:21,165,19,0.32
2026-06-10 21:22:21,41,49,0.82
2026-06-10 21:22:21,198,44,0.73
2026-06-10 21:22:21,90,75,1.25
2026-06-10 21:22:21,32,69,1.15
2026-06-10 21:22:21,225,159,2.65
2026-06-10 21:22:21,162,120,2.0
2026-06-10 21:22:21,165,69,1.15
2026-06-10 21:22:21,150,236,3.93
2026-06-10 21:22:21,70,29,0.48
2026-06-10 21:22:21,95,34,0.57
2026-06-10 21:22:21,777,170,2.83
2026-06-10 21:22:21,186,56,0.93
2026-06-10 21:22:21,174,26,0.43
2026-06-10 21:22:21,64,70,1.17
2026-06-10 21:22:21,32,57,0.95
2026-06-10 21:22:21,165,59,0.98
2026-06-10 21:22:21,66,3,0.05
2026-06-10 21:22:21,51,23,0.38
2026-06-10 21:22:21,470,1260,21.0
2026-06-10 21:22:21,13,54,0.9
2026-06-10 21:22:21,97,31,0.52
2026-06-10 21:22:21,183,19,0.32
2026-06-10 21:22:21,171,120,2.0
2026-06-10 21:22:21,129,59,0.98
2026-06-10 21:22:21,121,55,0.92
2026-06-10 21:22:21,37,92,1.53
2026-06-10 21:22:21,125,86,1.43
2026-06-10 21:22:21,128,60,1.0
2026-06-10 21:22:21,202,53,0.88
2026-06-10 21:22:21,33,45,0.75
2026-06-10 21:22:21,11,55,0.92
2026-06-10 21:22:21,166,41,0.68
2026-06-10 21:22:21,193,63,1.05
2026-06-10 21:22:21,114,33,0.55
2026-06-10 21:22:21,150,59,0.98
2026-06-10 21:22:21,67,51,0.85
2026-06-10 21:22:21,204,78,1.3
2026-06-10 21:22:21,211,60,1.0
2026-06-10 21:22:21,198,299,4.98
2026-06-10 21:22:21,51,23,0.38
2026-06-10 21:22:21,26,77,1.28
2026-06-10 21:22:21,16,15,0.25
2026-06-10 21:22:21,187,107,1.78
2026-06-10 21:22:21,38,81,1.35
2026-06-10 21:22:21,67,65,1.08
2026-06-10 21:29:41,197,60,1.0
2026-06-10 21:29:41,777,300,5.0
2026-06-10 21:29:41,25,44,0.73
2026-06-10 21:29:41,31,85,1.42
2026-06-10 21:29:41,34,37,0.62
2026-06-10 21:29:41,195,39,0.65
2026-06-10 21:29:41,107,42,0.7
2026-06-10 21:29:41,25,30,0.5
2026-06-10 21:29:41,205,203,3.38
2026-06-10 21:29:41,136,79,1.32
2026-06-10 21:29:41,92,71,1.18
2026-06-10 21:29:41,189,40,0.67
2026-06-10 21:29:41,185,44,0.73
2026-06-10 21:29:41,496,63,1.05
2026-06-10 21:29:41,18,29,0.48
2026-06-10 21:29:41,202,43,0.72
2026-06-10 21:29:41,164,177,2.95
2026-06-10 21:29:41,68,47,0.78
2026-06-10 21:29:41,218,18,0.3
2026-06-10 21:29:41,44,31,0.52
2026-06-10 21:29:41,193,49,0.82
2026-06-10 21:29:41,205,53,0.88
2026-06-10 21:29:41,221,22,0.37
2026-06-10 21:29:41,168,76,1.27
2026-06-10 21:29:41,69,62,1.03
2026-06-10 21:29:41,57,37,0.62
2026-06-10 21:29:41,20,46,0.77
2026-06-10 21:29:41,26,52,0.87
2026-06-10 21:29:41,24,57,0.95
2026-06-10 21:29:41,44,32,0.53
2026-06-10 21:29:41,165,10,0.17
2026-06-10 21:29:41,104,120,2.0
2026-06-10 21:29:41,189,83,1.38
2026-06-10 21:29:41,86,47,0.78
2026-06-10 21:29:41,94,48,0.8
2026-06-10 21:29:41,74,43,0.72
2026-06-10 21:29:41,192,22,0.37
2026-06-10 21:29:41,35,50,0.83
2026-06-10 21:29:41,54,43,0.72
2026-06-10 21:29:41,747,900,15.0
2026-06-10 21:29:41,411,164,2.73
2026-06-10 21:29:41,86,33,0.55
2026-06-10 21:29:41,56,53,0.88
2026-06-10 21:29:41,189,83,1.38
2026-06-10 21:29:41,27,46,0.77
2026-06-10 21:29:41,110,157,2.62
2026-06-10 21:29:41,777,240,4.0
2026-06-10 21:29:41,71,96,1.6
2026-06-10 21:29:41,49,106,1.77
2026-06-10 21:29:41,94,45,0.75
2026-06-10 21:29:41,32,69,1.15
2026-06-10 21:29:41,411,75,1.25
2026-06-10 21:29:41,113,46,0.77
2026-06-10 21:29:41,747,1260,21.0
2026-06-10 21:29:41,47,84,1.4
2026-06-10 21:29:41,80,52,0.87
2026-06-10 21:29:41,141,54,0.9
2026-06-10 21:29:41,10,61,1.02
2026-06-10 21:29:41,28,20,0.33
2026-06-10 21:29:41,179,38,0.63
2026-06-10 21:29:41,92,36,0.6
2026-06-10 21:29:41,124,60,1.0
2026-06-10 21:29:41,218,48,0.8
2026-06-10 21:29:41,164,108,1.8
2026-06-10 21:29:41,187,107,1.78
2026-06-10 21:29:41,203,96,1.6
2026-06-10 21:29:41,105,44,0.73
2026-06-10 21:29:41,150,59,0.98
2026-06-10 21:29:41,140,122,2.03
2026-06-10 21:29:41,179,19,0.32
2026-06-10 21:29:41,105,118,1.97
2026-06-10 21:29:41,100,78,1.3
2026-06-10 21:29:41,61,37,0.62
2026-06-10 21:29:41,140,120,2.0
2026-06-10 21:29:41,13,53,0.88
2026-06-10 21:29:41,71,41,0.68
2026-06-10 21:29:41,66,46,0.77
2026-06-10 21:29:41,172,54,0.9
2026-06-10 21:29:41,38,360,6.0
2026-06-10 21:29:41,18,226,3.77
2026-06-10 21:29:41,61,145,2.42
2026-06-10 21:29:41,24,25,0.42
2026-06-10 21:29:41,27,46,0.77
2026-06-10 21:29:41,80,105,1.75
2026-06-10 21:29:41,204,68,1.13
2026-06-10 21:29:41,168,52,0.87
2026-06-10 21:29:41,45,26,0.43
2026-06-10 21:29:41,214,138,2.3
2026-06-10 21:29:41,202,43,0.72
2026-06-10 21:29:41,124,60,1.0
2026-06-10 21:29:41,203,115,1.92
2026-06-10 21:29:41,138,21,0.35
2026-06-10 21:29:41,215,131,2.18
2026-06-10 21:29:41,68,77,1.28
2026-06-10 21:29:41,48,119,1.98
2026-06-10 21:29:41,24,52,0.87
2026-06-10 21:29:41,114,33,0.55
2026-06-10 21:29:41,230,50,0.83
2026-06-10 21:29:41,64,102,1.7
2026-06-10 21:29:41,106,115,1.92
2026-06-10 21:29:41,124,125,2.08
2026-06-10 21:29:41,439,112,1.87
2026-06-10 21:29:41,209,300,5.0
2026-06-10 21:39:43,165,44,0.73
2026-06-10 21:39:43,203,27,0.45
2026-06-10 21:39:43,439,179,2.98
2026-06-10 21:39:43,51,34,0.57
2026-06-10 21:39:43,79,41,0.68
2026-06-10 21:39:43,189,18,0.3
2026-06-10 21:39:43,113,49,0.82
2026-06-10 21:39:43,208,54,0.9
2026-06-10 21:39:43,102,34,0.57
2026-06-10 21:39:43,124,72,1.2
2026-06-10 21:39:43,94,50,0.83
2026-06-10 21:39:43,230,40,0.67
2026-06-10 21:39:43,180,79,1.32
2026-06-10 21:39:43,187,33,0.55
2026-06-10 21:39:43,127,15,0.25
2026-06-10 21:39:43,230,72,1.2
2026-06-10 21:39:43,186,34,0.57
2026-06-10 21:39:43,162,30,0.5
2026-06-10 21:39:43,449,14,0.23
2026-06-10 21:39:43,161,66,1.1
2026-06-10 21:39:43,10,89,1.48
2026-06-10 21:39:43,36,77,1.28
2026-06-10 21:39:43,129,29,0.48
2026-06-10 21:39:43,51,71,1.18
2026-06-10 21:39:43,11,14,0.23
2026-06-10 21:39:43,215,105,1.75
2026-06-10 21:39:43,112,71,1.18
2026-06-10 21:39:43,470,60,1.0
2026-06-10 21:39:43,187,47,0.78
2026-06-10 21:39:43,103,64,1.07
2026-06-10 21:39:43,171,74,1.23
2026-06-10 21:39:43,56,86,1.43
2026-06-10 21:39:43,439,81,1.35
2026-06-10 21:39:43,86,47,0.78
2026-06-10 21:39:43,44,70,1.17
2026-06-10 21:39:43,66,55,0.92
2026-06-10 21:39:43,162,86,1.43
2026-06-10 21:39:43,170,40,0.67
2026-06-10 21:39:43,205,1257,20.95
2026-06-10 21:39:43,36,83,1.38
2026-06-10 21:39:43,123,25,0.42
2026-06-10 21:39:43,496,84,1.4
2026-06-10 21:39:43,195,181,3.02
2026-06-10 21:39:43,44,64,1.07
2026-06-10 21:39:43,51,39,0.65
2026-06-10 21:39:43,206,35,0.58
2026-06-10 21:39:43,64,70,1.17
2026-06-10 21:39:43,161,31,0.52
2026-06-10 21:39:43,61,37,0.62
2026-06-10 21:39:43,97,31,0.52
2026-06-10 21:39:43,43,59,0.98
2026-06-10 21:39:43,55,57,0.95
2026-06-10 21:39:43,64,102,1.7
2026-06-10 21:39:43,171,120,2.0
2026-06-10 21:39:43,125,137,2.28
2026-06-10 21:39:43,144,127,2.12
2026-06-10 21:39:43,48,119,1.98
2026-06-10 21:39:43,230,184,3.07
2026-06-10 21:39:43,204,68,1.13
2026-06-10 21:39:43,170,51,0.85
2026-06-10 21:39:43,36,93,1.55
2026-06-10 21:39:43,411,1020,17.0
2026-06-10 21:39:43,44,64,1.07
2026-06-10 21:39:43,179,19,0.32
2026-06-10 21:49:44,33,37,0.62
2026-06-10 21:49:44,86,49,0.82
2026-06-10 21:49:44,49,123,2.05
2026-06-10 21:49:44,204,61,1.02
2026-06-10 21:49:44,192,50,0.83
2026-06-10 21:49:44,86,19,0.32
2026-06-10 21:49:44,69,69,1.15
2026-06-10 21:49:44,48,16,0.27
2026-06-10 21:49:44,97,55,0.92
2026-06-10 21:49:44,110,35,0.58
2026-06-10 21:49:44,79,23,0.38
2026-06-10 21:49:44,33,29,0.48
2026-06-10 21:49:44,100,18,0.3
2026-06-10 21:49:44,209,48,0.8
2026-06-10 21:49:44,61,42,0.7
2026-06-10 21:49:44,212,132,2.2
2026-06-10 21:49:44,61,66,1.1
2026-06-10 21:49:44,41,53,0.88
2026-06-10 21:49:44,103,55,0.92
2026-06-10 21:49:44,108,7,0.12
2026-06-10 21:49:44,104,59,0.98
2026-06-10 21:49:44,202,37,0.62
2026-06-10 21:49:44,203,51,0.85
2026-06-10 21:49:44,56,38,0.63
2026-06-10 21:49:44,172,18,0.3
2026-06-10 21:49:44,192,22,0.37
2026-06-10 21:49:44,439,86,1.43
2026-06-10 21:49:44,85,138,2.3
2026-06-10 21:49:44,165,86,1.43
2026-06-10 21:49:44,208,71,1.18
2026-06-10 21:49:44,164,27,0.45
2026-06-10 21:49:44,94,37,0.62
2026-06-10 21:49:44,32,60,1.0
2026-06-10 21:49:44,125,33,0.55
2026-06-10 21:49:44,179,37,0.62
2026-06-10 21:49:44,70,240,4.0
2026-06-10 21:49:44,97,54,0.9
2026-06-10 21:49:44,104,55,0.92
2026-06-10 21:49:44,185,65,1.08
2026-06-10 21:49:44,166,60,1.0
2026-06-10 21:49:44,747,900,15.0
2026-06-10 21:49:44,141,49,0.82
2026-06-10 21:49:44,51,39,0.65
2026-06-10 21:49:44,230,50,0.83
2026-06-10 21:49:44,49,106,1.77
2026-06-10 21:49:44,468,60,1.0
2026-06-10 21:49:44,10,39,0.65
2026-06-10 21:49:44,411,1020,17.0
2026-06-10 21:49:44,18,91,1.52
2026-06-10 21:49:44,54,32,0.53
2026-06-10 21:49:44,215,131,2.18
2026-06-10 21:49:44,12,47,0.78
2026-06-10 21:49:44,180,146,2.43
2026-06-10 21:49:44,112,71,1.18
2026-06-10 21:49:44,93,72,1.2
2026-06-10 21:49:44,121,26,0.43
2026-06-10 21:49:44,11,14,0.23
2026-06-10 21:49:44,102,51,0.85
2026-06-10 21:49:44,171,74,1.23
2026-06-10 21:49:44,150,59,0.98
2026-06-10 21:49:44,90,16,0.27
2026-06-10 21:49:44,97,31,0.52
2026-06-10 21:49:44,74,43,0.72
2026-06-10 21:49:44,103,87,1.45
2026-06-10 21:49:44,45,26,0.43
2026-06-10 21:49:44,189,83,1.38
2026-06-10 21:49:44,105,118,1.97
2026-06-10 21:49:44,71,96,1.6
2026-06-10 21:49:44,168,67,1.12
2026-06-10 21:49:44,496,84,1.4
2026-06-10 21:49:44,80,52,0.87
2026-06-10 21:49:44,185,53,0.88
2026-06-10 21:49:44,141,54,0.9
2026-06-10 21:49:44,777,181,3.02
2026-06-10 21:49:44,185,72,1.2
2026-06-10 21:49:44,35,75,1.25
2026-06-10 21:49:44,97,155,2.58
2026-06-10 21:49:44,131,80,1.33
2026-06-10 21:49:44,204,78,1.3
2026-06-10 21:49:44,18,91,1.52
2026-06-10 21:49:44,69,54,0.9
2026-06-10 21:49:44,203,269,4.48
2026-06-10 21:49:44,100,78,1.3
2026-06-10 21:49:44,102,142,2.37
2026-06-10 21:49:44,177,15,0.25
2026-06-10 21:49:44,38,360,6.0
2026-06-10 21:49:44,129,59,0.98
2026-06-10 21:49:44,38,81,1.35
2026-06-10 21:49:44,127,110,1.83
2026-06-10 21:49:44,204,68,1.13
2026-06-10 21:49:44,168,52,0.87
2026-06-10 21:49:44,100,34,0.57
2026-06-10 21:49:44,218,48,0.8
2026-06-10 21:59:45,17,52,0.87
2026-06-10 21:59:45,10,41,0.68
2026-06-10 21:59:45,86,62,1.03
2026-06-10 21:59:45,100,78,1.3
2026-06-10 21:59:45,136,80,1.33
2026-06-10 21:59:45,186,44,0.73
2026-06-10 21:59:45,449,13,0.22
2026-06-10 21:59:45,10,59,0.98
2026-06-10 21:59:45,168,76,1.27
2026-06-10 21:59:45,54,68,1.13
2026-06-10 21:59:45,55,51,0.85
2026-06-10 21:59:45,110,63,1.05
2026-06-10 21:59:45,81,26,0.43
2026-06-10 21:59:45,141,32,0.53
2026-06-10 21:59:45,66,26,0.43
2026-06-10 21:59:45,107,53,0.88
2026-06-10 21:59:45,141,32,0.53
2026-06-10 21:59:45,141,48,0.8
2026-06-10 21:59:45,139,93,1.55
2026-06-10 21:59:45,136,92,1.53
2026-06-10 21:59:45,439,63,1.05
2026-06-10 21:59:45,69,71,1.18
2026-06-10 21:59:45,69,28,0.47
2026-06-10 21:59:45,35,30,0.5
2026-06-10 21:59:45,36,180,3.0
2026-06-10 21:59:45,11,14,0.23
2026-06-10 21:59:45,200,51,0.85
2026-06-10 21:59:45,209,77,1.28
2026-06-10 21:59:45,125,86,1.43
2026-06-10 21:59:45,124,60,1.0
2026-06-10 21:59:45,11,14,0.23
2026-06-10 21:59:45,69,90,1.5
2026-06-10 21:59:45,439,117,1.95
2026-06-10 21:59:45,44,70,1.17
2026-06-10 21:59:45,172,54,0.9
2026-06-10 21:59:45,43,57,0.95
2026-06-10 21:59:45,129,45,0.75
2026-06-10 21:59:45,10,39,0.65
2026-06-10 21:59:45,214,138,2.3
2026-06-10 21:59:45,123,120,2.0
2026-06-10 21:59:45,18,163,2.72
2026-06-10 21:59:45,121,26,0.43
2026-06-10 21:59:45,470,1260,21.0
2026-06-10 21:59:45,230,184,3.07
2026-06-10 21:59:45,180,115,1.92
2026-06-10 21:59:45,57,67,1.12
2026-06-10 21:59:45,47,99,1.65
2026-06-10 21:59:45,174,360,6.0
2026-06-10 21:59:45,17,40,0.67
2026-06-10 21:59:45,411,1020,17.0
2026-06-10 21:59:45,150,236,3.93
2026-06-10 21:59:45,166,60,1.0
2026-06-10 21:59:45,218,96,1.6
2026-06-10 21:59:45,141,49,0.82
2026-06-10 21:59:45,139,91,1.52
2026-06-10 21:59:45,193,63,1.05
2026-06-10 21:59:45,94,48,0.8
2026-06-10 21:59:45,12,47,0.78
2026-06-10 21:59:45,99,100,1.67
2026-06-10 21:59:45,47,84,1.4
2026-06-10 21:59:45,196,60,1.0
2026-06-10 21:59:45,102,51,0.85
2026-06-10 21:59:45,186,60,1.0
2026-06-10 21:59:45,215,126,2.1
2026-06-10 21:59:45,70,29,0.48
2026-06-10 21:59:45,230,184,3.07
2026-06-10 21:59:45,197,78,1.3
2026-06-10 21:59:45,168,52,0.87
2026-06-10 21:59:45,212,92,1.53
2026-06-10 21:59:45,105,118,1.97
2026-06-10 21:59:45,80,105,1.75
2026-06-10 21:59:45,411,75,1.25
2026-06-10 21:59:45,113,46,0.77
2026-06-10 21:59:45,747,1260,21.0
2026-06-10 21:59:45,195,181,3.02
2026-06-10 21:59:45,131,80,1.33
2026-06-10 21:59:45,187,48,0.8
2026-06-10 21:59:45,47,99,1.65
2026-06-10 21:59:45,13,53,0.88
2026-06-10 21:59:45,13,54,0.9
2026-06-10 21:59:45,66,46,0.77
2026-06-10 21:59:45,171,120,2.0
2026-06-10 21:59:45,144,49,0.82
2026-06-10 22:09:47,56,68,1.13
2026-06-10 22:09:47,196,52,0.87
2026-06-10 22:09:47,69,68,1.13
2026-06-10 22:09:47,51,23,0.38
2026-06-10 22:09:47,205,22,0.37
2026-06-10 22:09:47,230,28,0.47
2026-06-10 22:09:47,196,56,0.93
2026-06-10 22:09:47,161,57,0.95
2026-06-10 22:09:47,168,60,1.0
2026-06-10 22:09:47,439,52,0.87
2026-06-10 22:09:47,33,52,0.87
2026-06-10 22:09:47,93,34,0.57
2026-06-10 22:09:47,36,67,1.12
2026-06-10 22:09:47,66,27,0.45
2026-06-10 22:09:47,113,37,0.62
2026-06-10 22:09:47,55,22,0.37
2026-06-10 22:09:47,92,36,0.6
2026-06-10 22:09:47,35,59,0.98
2026-06-10 22:09:47,104,21,0.35
2026-06-10 22:09:47,150,59,0.98
2026-06-10 22:09:47,747,44,0.73
2026-06-10 22:09:47,114,36,0.6
2026-06-10 22:09:47,112,42,0.7
2026-06-10 22:09:47,86,26,0.43
2026-06-10 22:09:47,32,57,0.95
2026-06-10 22:09:47,85,43,0.72
2026-06-10 22:09:47,35,56,0.93
2026-06-10 22:09:47,18,56,0.93
2026-06-10 22:09:47,211,60,1.0
2026-06-10 22:09:47,37,92,1.53
2026-06-10 22:09:47,112,71,1.18
2026-06-10 22:09:47,777,300,5.0
2026-06-10 22:09:47,104,17,0.28
2026-06-10 22:09:47,208,186,3.1
2026-06-10 22:09:47,136,66,1.1
2026-06-10 22:09:47,107,20,0.33
2026-06-10 22:09:47,172,54,0.9
2026-06-10 22:09:47,97,31,0.52
2026-06-10 22:09:47,24,52,0.87
2026-06-10 22:09:47,144,49,0.82
2026-06-10 22:09:47,56,53,0.88
2026-06-10 22:09:47,26,34,0.57
2026-06-10 22:09:47,128,22,0.37
2026-06-10 22:09:47,212,92,1.53
2026-06-10 22:09:47,168,52,0.87
2026-06-10 22:09:47,230,50,0.83
2026-06-10 22:09:47,113,71,1.18
2026-06-10 22:09:47,496,84,1.4
2026-06-10 22:09:47,150,236,3.93
2026-06-10 22:09:47,49,106,1.77
2026-06-10 22:09:47,189,49,0.82
2026-06-10 22:09:47,94,48,0.8
2026-06-10 22:09:47,29,45,0.75
2026-06-10 22:09:47,172,54,0.9
2026-06-10 22:09:47,38,360,6.0
2026-06-10 22:09:47,209,300,5.0
2026-06-10 22:09:47,71,41,0.68
2026-06-10 22:09:47,125,86,1.43
2026-06-10 22:09:47,112,45,0.75
2026-06-10 22:09:47,747,1260,21.0
2026-06-10 22:09:47,33,45,0.75
2026-06-10 22:09:47,411,1020,17.0
2026-06-10 22:09:47,131,80,1.33
2026-06-10 22:09:47,136,66,1.1
2026-06-10 22:09:47,67,51,0.85
2026-06-10 22:09:47,110,32,0.53
2026-06-10 22:19:48,121,45,0.75
2026-06-10 22:19:48,125,71,1.18
2026-06-10 22:19:48,17,34,0.57
2026-06-10 22:19:48,128,24,0.4
2026-06-10 22:19:48,11,22,0.37
2026-06-10 22:19:48,26,21,0.35
2026-06-10 22:19:48,107,97,1.62
2026-06-10 22:19:48,55,48,0.8
2026-06-10 22:19:48,51,40,0.67
2026-06-10 22:19:48,34,38,0.63
2026-06-10 22:19:48,22,43,0.72
2026-06-10 22:19:48,33,44,0.73
2026-06-10 22:19:48,61,60,1.0
2026-06-10 22:19:48,55,169,2.82
2026-06-10 22:19:48,162,33,0.55
2026-06-10 22:19:48,86,46,0.77
2026-06-10 22:19:48,48,203,3.38
2026-06-10 22:19:48,108,22,0.37
2026-06-10 22:19:48,55,36,0.6
2026-06-10 22:19:48,114,55,0.92
2026-06-10 22:19:48,49,105,1.75
2026-06-10 22:19:48,90,88,1.47
2026-06-10 22:19:48,205,44,0.73
2026-06-10 22:19:48,54,62,1.03
2026-06-10 22:19:48,439,57,0.95
2026-06-10 22:19:48,193,23,0.38
2026-06-10 22:19:48,90,16,0.27
2026-06-10 22:19:48,128,60,1.0
2026-06-10 22:19:48,35,75,1.25
2026-06-10 22:19:48,68,26,0.43
2026-06-10 22:19:48,189,83,1.38
2026-06-10 22:19:48,95,34,0.57
2026-06-10 22:19:48,18,68,1.13
2026-06-10 22:19:48,468,60,1.0
2026-06-10 22:19:48,45,26,0.43
2026-06-10 22:19:48,85,43,0.72
2026-06-10 22:19:48,80,40,0.67
2026-06-10 22:19:48,93,72,1.2
2026-06-10 22:19:48,12,47,0.78
2026-06-10 22:19:48,198,109,1.82
2026-06-10 22:19:48,13,53,0.88
2026-06-10 22:19:48,139,91,1.52
2026-06-10 22:19:48,136,66,1.1
2026-06-10 22:19:48,138,55,0.92
2026-06-10 22:19:48,177,15,0.25
2026-06-10 22:19:48,97,31,0.52
2026-06-10 22:19:48,150,236,3.93
2026-06-10 22:19:48,193,43,0.72
2026-06-10 22:19:48,128,22,0.37
2026-06-10 22:19:48,55,57,0.95
2026-06-10 22:19:48,230,50,0.83
2026-06-10 22:19:48,747,158,2.63
2026-06-10 22:19:48,747,900,15.0
2026-06-10 22:19:48,496,84,1.4
2026-06-10 22:19:48,192,37,0.62
2026-06-10 22:19:48,105,44,0.73
2026-06-10 22:19:48,193,63,1.05
2026-06-10 22:19:48,202,74,1.23
2026-06-10 22:19:48,44,54,0.9
2026-06-10 22:19:48,51,39,0.65
2026-06-10 22:19:48,108,33,0.55
2026-06-10 22:19:48,179,38,0.63
2026-06-10 22:19:48,102,51,0.85
2026-06-10 22:19:48,72,29,0.48
2026-06-10 22:19:48,162,86,1.43
2026-06-10 22:19:48,103,87,1.45
2026-06-10 22:19:48,168,52,0.87
2026-06-10 22:20:50,207,55,0.92
2026-06-10 22:20:50,27,47,0.78
2026-06-10 22:20:50,124,37,0.62
2026-06-10 22:20:50,18,63,1.05
2026-06-10 22:20:50,32,55,0.92
2026-06-10 22:20:50,138,46,0.77
2026-06-10 22:20:50,90,74,1.23
2026-06-10 22:20:50,230,73,1.22
2026-06-10 22:20:50,67,311,5.18
2026-06-10 22:20:50,55,52,0.87
2026-06-10 22:20:50,179,61,1.02
2026-06-10 22:20:50,110,11,0.18
2026-06-10 22:20:50,141,28,0.47
2026-06-10 22:20:50,43,119,1.98
2026-06-10 22:20:50,94,60,1.0
2026-06-10 22:20:50,136,36,0.6
2026-06-10 22:20:50,128,240,4.0
2026-06-10 22:20:50,124,37,0.62
2026-06-10 22:20:50,71,96,1.6
2026-06-10 22:20:50,121,34,0.57
2026-06-10 22:20:50,107,34,0.57
2026-06-10 22:20:50,208,33,0.55
2026-06-10 22:20:50,48,240,4.0
2026-06-10 22:20:50,67,48,0.8
2026-06-10 22:20:50,17,56,0.93
2026-06-10 22:20:50,165,39,0.65
2026-06-10 22:20:50,160,118,1.97
2026-06-10 22:20:50,106,40,0.67
2026-06-10 22:20:50,48,172,2.87
2026-06-10 22:20:50,209,300,5.0
2026-06-10 22:20:50,192,33,0.55
2026-06-10 22:20:50,97,155,2.58
2026-06-10 22:20:50,192,37,0.62
2026-06-10 22:20:50,164,19,0.32
2026-06-10 22:20:50,129,59,0.98
2026-06-10 22:20:50,34,71,1.18
2026-06-10 22:20:50,28,30,0.5
2026-06-10 22:20:50,57,67,1.12
2026-06-10 22:20:50,10,39,0.65
2026-06-10 22:20:50,54,32,0.53
2026-06-10 22:20:50,107,20,0.33
2026-06-10 22:20:50,777,181,3.02
2026-06-10 22:20:50,150,236,3.93
2026-06-10 22:20:50,177,35,0.58
2026-06-10 22:20:50,141,49,0.82
2026-06-10 22:20:50,66,46,0.77
2026-06-10 22:20:50,85,43,0.72
2026-06-10 22:20:50,37,92,1.53
2026-06-10 22:20:50,13,54,0.9
2026-06-10 22:20:50,34,71,1.18
2026-06-10 22:20:50,64,70,1.17
2026-06-10 22:20:50,185,53,0.88
2026-06-10 22:20:50,187,107,1.78
2026-06-10 22:20:50,197,78,1.3
2026-06-10 22:20:50,161,184,3.07
2026-06-10 22:20:50,127,49,0.82
2026-06-10 22:20:50,186,60,1.0
2026-06-10 22:20:50,212,92,1.53
2026-06-10 22:20:50,168,52,0.87
2026-06-10 22:20:50,214,55,0.92
2026-06-10 22:20:50,747,158,2.63
2026-06-10 22:20:50,411,75,1.25
2026-06-10 22:20:50,80,105,1.75
2026-06-10 22:20:50,747,900,15.0
2026-06-10 22:20:50,33,38,0.63
2026-06-10 22:20:50,411,1020,17.0
2026-06-10 22:20:50,183,23,0.38
2026-06-10 22:20:50,177,35,0.58
2026-06-10 22:20:50,209,79,1.32
2026-06-10 22:20:50,193,63,1.05
2026-06-10 22:20:50,74,83,1.38
2026-06-10 22:20:50,186,56,0.93
2026-06-10 22:20:50,51,39,0.65
2026-06-10 22:20:50,37,37,0.62
2026-06-10 22:20:50,161,31,0.52
2026-06-10 22:20:50,161,184,3.07
2026-06-10 22:20:50,197,78,1.3
2026-06-10 22:20:50,38,81,1.35
2026-06-10 22:20:50,48,104,1.73
2026-06-10 22:20:50,777,300,5.0
2026-06-10 22:20:50,172,60,1.0
2026-06-10 22:21:51,203,42,0.7
2026-06-10 22:21:51,124,37,0.62
2026-06-10 22:21:51,49,46,0.77
2026-06-10 22:21:51,104,28,0.47
2026-06-10 22:21:51,123,49,0.82
2026-06-10 22:21:51,36,60,1.0
2026-06-10 22:21:51,197,96,1.6
2026-06-10 22:21:51,439,20,0.33
2026-06-10 22:21:51,187,33,0.55
2026-06-10 22:21:51,17,80,1.33
2026-06-10 22:21:51,171,53,0.88
2026-06-10 22:21:51,24,72,1.2
2026-06-10 22:21:51,121,39,0.65
2026-06-10 22:21:51,56,55,0.92
2026-06-10 22:21:51,164,39,0.65
2026-06-10 22:21:51,51,59,0.98
2026-06-10 22:21:51,80,105,1.75
2026-06-10 22:21:51,439,109,1.82
2026-06-10 22:21:51,69,38,0.63
2026-06-10 22:21:51,187,107,1.78
2026-06-10 22:21:51,32,75,1.25
2026-06-10 22:21:51,195,68,1.13
2026-06-10 22:21:51,48,240,4.0
2026-06-10 22:21:51,36,83,1.38
2026-06-10 22:21:51,160,116,1.93
2026-06-10 22:21:51,32,67,1.12
2026-06-10 22:21:51,69,60,1.0
2026-06-10 22:21:51,68,30,0.5
2026-06-10 22:21:51,127,35,0.58
2026-06-10 22:21:51,162,43,0.72
2026-06-10 22:21:51,411,1020,17.0
2026-06-10 22:21:51,411,30,0.5
2026-06-10 22:21:51,192,37,0.62
2026-06-10 22:21:51,35,5,0.08
2026-06-10 22:21:51,230,50,0.83
2026-06-10 22:21:51,114,33,0.55
2026-06-10 22:21:51,189,83,1.38
2026-06-10 22:21:51,171,43,0.72
2026-06-10 22:21:51,85,43,0.72
2026-06-10 22:21:51,48,104,1.73
2026-06-10 22:21:51,195,143,2.38
2026-06-10 22:21:51,189,49,0.82
2026-06-10 22:21:51,18,181,3.02
2026-06-10 22:21:51,180,111,1.85
2026-06-10 22:21:51,110,32,0.53
2026-06-10 22:21:51,68,103,1.72
2026-06-10 22:21:51,49,106,1.77
2026-06-10 22:21:51,165,59,0.98
2026-06-10 22:21:51,230,184,3.07
2026-06-10 22:21:51,171,74,1.23
2026-06-10 22:21:51,34,23,0.38
2026-06-10 22:21:51,138,55,0.92
2026-06-10 22:21:51,207,34,0.57
2026-06-10 22:21:51,27,125,2.08
2026-06-10 22:21:51,102,121,2.02
2026-06-10 22:21:51,51,39,0.65
2026-06-10 22:21:51,71,41,0.68
2026-06-10 22:21:51,123,18,0.3
2026-06-10 22:21:51,187,48,0.8
2026-06-10 22:21:51,168,52,0.87
2026-06-10 22:21:51,113,71,1.18
2026-06-10 22:21:51,68,77,1.28
2026-06-10 22:21:51,138,21,0.35
2026-06-10 22:21:51,43,59,0.98
2026-06-10 22:21:51,198,299,4.98
2026-06-10 22:21:51,105,118,1.97
2026-06-10 22:21:51,189,49,0.82
2026-06-10 22:21:51,136,66,1.1
2026-06-10 22:21:51,160,50,0.83
2026-06-10 22:21:51,61,37,0.62
2026-06-10 22:21:51,67,51,0.85
2026-06-10 22:21:51,162,33,0.55
2026-06-10 22:21:51,66,55,0.92
2026-06-10 22:21:51,204,68,1.13
2026-06-10 22:21:51,172,60,1.0
2026-06-10 22:22:52,172,60,1.0
2026-06-10 22:22:52,206,28,0.47
2026-06-10 22:22:52,33,77,1.28
2026-06-10 22:22:52,124,37,0.62
2026-06-10 22:22:52,468,31,0.52
2026-06-10 22:22:52,37,13,0.22
2026-06-10 22:22:52,202,44,0.73
2026-06-10 22:22:52,51,31,0.52
2026-06-10 22:22:52,189,29,0.48
2026-06-10 22:22:52,131,37,0.62
2026-06-10 22:22:52,162,76,1.27
2026-06-10 22:22:52,49,60,1.0
2026-06-10 22:22:52,468,27,0.45
2026-06-10 22:22:52,97,47,0.78
2026-06-10 22:22:52,187,60,1.0
2026-06-10 22:22:52,99,29,0.48
2026-06-10 22:22:52,33,68,1.13
2026-06-10 22:22:52,179,54,0.9
2026-06-10 22:22:52,200,35,0.58
2026-06-10 22:22:52,208,30,0.5
2026-06-10 22:22:52,192,47,0.78
2026-06-10 22:22:52,198,44,0.73
2026-06-10 22:22:52,104,17,0.28
2026-06-10 22:22:52,103,64,1.07
2026-06-10 22:22:52,97,155,2.58
2026-06-10 22:22:52,777,170,2.83
2026-06-10 22:22:52,141,27,0.45
2026-06-10 22:22:52,11,14,0.23
2026-06-10 22:22:52,196,60,1.0
2026-06-10 22:22:52,55,27,0.45
2026-06-10 22:22:52,10,56,0.93
2026-06-10 22:22:52,160,26,0.43
2026-06-10 22:22:52,138,21,0.35
2026-06-10 22:22:52,214,138,2.3
2026-06-10 22:22:52,747,900,15.0
2026-06-10 22:22:52,34,71,1.18
2026-06-10 22:22:52,57,67,1.12
2026-06-10 22:22:52,218,96,1.6
2026-06-10 22:22:52,69,54,0.9
2026-06-10 22:22:52,747,158,2.63
2026-06-10 22:22:52,777,240,4.0
2026-06-10 22:22:52,150,236,3.93
2026-06-10 22:22:52,211,60,1.0
2026-06-10 22:22:52,105,118,1.97
2026-06-10 22:22:52,196,60,1.0
2026-06-10 22:22:52,100,78,1.3
2026-06-10 22:22:52,32,57,0.95
2026-06-10 22:22:52,439,112,1.87
2026-06-10 22:22:52,56,86,1.43
2026-06-10 22:22:52,211,1020,17.0
2026-06-10 22:22:52,13,53,0.88
2026-06-10 22:22:52,61,37,0.62
2026-06-10 22:22:52,38,360,6.0
2026-06-10 22:22:52,136,66,1.1
2026-06-10 22:22:52,102,121,2.02
2026-06-10 22:22:52,127,49,0.82
2026-06-10 22:22:52,56,53,0.88
2026-06-10 22:22:52,103,87,1.45
2026-06-10 22:22:52,36,83,1.38
2026-06-10 22:22:52,18,91,1.52
2026-06-10 22:22:52,123,120,2.0
2026-06-10 22:22:52,68,77,1.28
2026-06-10 22:22:52,196,60,1.0
2026-06-10 22:22:52,92,36,0.6
2026-06-10 22:22:52,51,39,0.65
2026-06-10 22:22:52,207,227,3.78
2026-06-10 22:22:52,69,54,0.9
2026-06-10 22:22:52,187,107,1.78
2026-06-10 22:22:52,179,38,0.63
2026-06-10 22:22:52,496,857,14.28
2026-06-10 22:22:52,13,53,0.88
2026-06-10 22:22:52,161,31,0.52
2026-06-10 22:22:52,28,20,0.33
2026-06-10 22:22:52,114,62,1.03
2026-06-10 22:22:52,127,49,0.82
2026-06-10 22:22:52,125,137,2.28
2026-06-10 22:22:52,22,56,0.93
2026-06-10 22:22:52,112,45,0.75
2026-06-10 22:23:54,104,59,0.98
2026-06-10 22:23:54,43,89,1.48
2026-06-10 22:23:54,100,78,1.3
2026-06-10 22:23:54,95,62,1.03
2026-06-10 22:23:54,48,31,0.52
2026-06-10 22:23:54,94,33,0.55
2026-06-10 22:23:54,193,33,0.55
2026-06-10 22:23:54,165,44,0.73
2026-06-10 22:23:54,79,27,0.45
2026-06-10 22:23:54,37,25,0.42
2026-06-10 22:23:54,207,44,0.73
2026-06-10 22:23:54,24,41,0.68
2026-06-10 22:23:54,165,57,0.95
2026-06-10 22:23:54,470,57,0.95
2026-06-10 22:23:54,197,144,2.4
2026-06-10 22:23:54,196,36,0.6
2026-06-10 22:23:54,51,49,0.82
2026-06-10 22:23:54,34,71,1.18
2026-06-10 22:23:54,34,42,0.7
2026-06-10 22:23:54,48,36,0.6
2026-06-10 22:23:54,100,78,1.3
2026-06-10 22:23:54,35,25,0.42
2026-06-10 22:23:54,61,40,0.67
2026-06-10 22:23:54,97,31,0.52
2026-06-10 22:23:54,38,109,1.82
2026-06-10 22:23:54,99,100,1.67
2026-06-10 22:23:54,136,64,1.07
2026-06-10 22:23:54,110,35,0.58
2026-06-10 22:23:54,747,66,1.1
2026-06-10 22:23:54,18,21,0.35
2026-06-10 22:23:54,208,30,0.5
2026-06-10 22:23:54,74,83,1.38
2026-06-10 22:23:54,17,40,0.67
2026-06-10 22:23:54,10,39,0.65
2026-06-10 22:23:54,95,67,1.12
2026-06-10 22:23:54,777,240,4.0
2026-06-10 22:23:54,47,67,1.12
2026-06-10 22:23:54,166,60,1.0
2026-06-10 22:23:54,747,158,2.63
2026-06-10 22:23:54,68,103,1.72
2026-06-10 22:23:54,24,25,0.42
2026-06-10 22:23:54,45,26,0.43
2026-06-10 22:23:54,165,37,0.62
2026-06-10 22:23:54,179,38,0.63
2026-06-10 22:23:54,196,89,1.48
2026-06-10 22:23:54,32,57,0.95
2026-06-10 22:23:54,112,71,1.18
2026-06-10 22:23:54,215,126,2.1
2026-06-10 22:23:54,48,47,0.78
2026-06-10 22:23:54,127,110,1.83
2026-06-10 22:23:54,777,240,4.0
2026-06-10 22:23:54,168,67,1.12
2026-06-10 22:23:54,113,46,0.77
2026-06-10 22:23:54,174,360,6.0
2026-06-10 22:23:54,55,155,2.58
2026-06-10 22:23:54,411,1020,17.0
2026-06-10 22:23:54,105,44,0.73
2026-06-10 22:23:54,86,47,0.78
2026-06-10 22:23:54,166,41,0.68
2026-06-10 22:23:54,18,91,1.52
2026-06-10 22:23:54,108,33,0.55
2026-06-10 22:23:54,179,38,0.63
2026-06-10 22:23:54,162,33,0.55
2026-06-10 22:23:54,97,31,0.52
2026-06-10 22:23:54,22,56,0.93
2026-06-10 22:24:55,197,48,0.8
2026-06-10 22:24:55,211,22,0.37
2026-06-10 22:24:55,18,39,0.65
2026-06-10 22:24:55,777,170,2.83
2026-06-10 22:24:55,777,57,0.95
2026-06-10 22:24:55,171,145,2.42
2026-06-10 22:24:55,207,44,0.73
2026-06-10 22:24:55,38,113,1.88
2026-06-10 22:24:55,218,46,0.77
2026-06-10 22:24:55,61,60,1.0
2026-06-10 22:24:55,164,20,0.33
2026-06-10 22:24:55,17,55,0.92
2026-06-10 22:24:55,193,23,0.38
2026-06-10 22:24:55,136,46,0.77
2026-06-10 22:24:55,49,25,0.42
2026-06-10 22:24:55,747,53,0.88
2026-06-10 22:24:55,18,66,1.1
2026-06-10 22:24:55,204,21,0.35
2026-06-10 22:24:55,165,45,0.75
2026-06-10 22:24:55,66,46,0.77
2026-06-10 22:24:55,166,18,0.3
2026-06-10 22:24:55,48,30,0.5
2026-06-10 22:24:55,18,47,0.78
2026-06-10 22:24:55,49,60,1.0
2026-06-10 22:24:55,165,59,0.98
2026-06-10 22:24:55,104,55,0.92
2026-06-10 22:24:55,11,16,0.27
2026-06-10 22:24:55,104,55,0.92
2026-06-10 22:24:55,70,29,0.48
2026-06-10 22:24:55,33,27,0.45
2026-06-10 22:24:55,496,48,0.8
2026-06-10 22:24:55,207,109,1.82
2026-06-10 22:24:55,17,78,1.3
2026-06-10 22:24:55,57,59,0.98
2026-06-10 22:24:55,128,60,1.0
2026-06-10 22:24:55,80,105,1.75
2026-06-10 22:24:55,22,56,0.93
2026-06-10 22:24:55,51,39,0.65
2026-06-10 22:24:55,180,146,2.43
2026-06-10 22:24:55,162,43,0.72
2026-06-10 22:24:55,171,74,1.23
2026-06-10 22:24:55,10,39,0.65
2026-06-10 22:24:55,95,67,1.12
2026-06-10 22:24:55,214,138,2.3
2026-06-10 22:24:55,105,44,0.73
2026-06-10 22:24:55,189,49,0.82
2026-06-10 22:24:55,64,102,1.7
2026-06-10 22:24:55,95,34,0.57
2026-06-10 22:24:55,49,60,1.0
2026-06-10 22:24:55,129,61,1.02
2026-06-10 22:24:55,165,59,0.98
2026-06-10 22:24:55,100,78,1.3
2026-06-10 22:24:55,51,23,0.38
2026-06-10 22:24:55,56,86,1.43
2026-06-10 22:24:55,61,37,0.62
2026-06-10 22:24:55,106,41,0.68
2026-06-10 22:24:55,38,81,1.35
2026-06-10 22:24:55,18,181,3.02
2026-06-10 22:24:55,61,145,2.42
2026-06-10 22:24:55,161,184,3.07
2026-06-10 22:24:55,103,87,1.45
2026-06-10 22:24:55,17,40,0.67
2026-06-10 22:24:55,218,48,0.8
2026-06-10 22:24:55,439,81,1.35
2026-06-10 22:24:55,43,59,0.98
2026-06-10 22:24:55,141,49,0.82
2026-06-10 22:24:55,141,41,0.68
2026-06-10 22:24:55,48,104,1.73
2026-06-10 22:24:55,164,108,1.8
2026-06-10 22:24:55,29,45,0.75
2026-06-10 22:24:55,69,54,0.9
2026-06-10 22:24:55,136,66,1.1
2026-06-10 22:24:55,208,186,3.1
2026-06-10 22:24:55,162,33,0.55
2026-06-10 22:24:55,209,300,5.0
2026-06-10 22:24:55,97,31,0.52
2026-06-10 22:24:55,125,137,2.28
2026-06-10 22:25:56,86,93,1.55
2026-06-10 22:25:56,48,30,0.5
2026-06-10 22:25:56,150,90,1.5
2026-06-10 22:25:56,179,80,1.33
2026-06-10 22:25:56,125,47,0.78
2026-06-10 22:25:56,165,57,0.95
2026-06-10 22:25:56,128,58,0.97
2026-06-10 22:25:56,49,56,0.93
2026-06-10 22:25:56,24,79,1.32
2026-06-10 22:25:56,61,60,1.0
2026-06-10 22:25:56,45,74,1.23
2026-06-10 22:25:56,35,40,0.67
2026-06-10 22:25:56,114,70,1.17
2026-06-10 22:25:56,24,69,1.15
2026-06-10 22:25:56,86,19,0.32
2026-06-10 22:25:56,37,61,1.02
2026-06-10 22:25:56,67,58,0.97
2026-06-10 22:25:56,51,45,0.75
2026-06-10 22:25:56,26,113,1.88
2026-06-10 22:25:56,171,29,0.48
2026-06-10 22:25:56,79,65,1.08
2026-06-10 22:25:56,85,36,0.6
2026-06-10 22:25:56,54,89,1.48
2026-06-10 22:25:56,69,55,0.92
2026-06-10 22:25:56,13,49,0.82
2026-06-10 22:25:56,161,79,1.32
2026-06-10 22:25:56,49,28,0.47
2026-06-10 22:25:56,195,34,0.57
2026-06-10 22:25:56,49,73,1.22
2026-06-10 22:25:56,140,41,0.68
2026-06-10 22:25:56,90,16,0.27
2026-06-10 22:25:56,195,20,0.33
2026-06-10 22:25:56,64,102,1.7
2026-06-10 22:25:56,102,142,2.37
2026-06-10 22:25:56,54,32,0.53
2026-06-10 22:25:56,36,52,0.87
2026-06-10 22:25:56,189,83,1.38
2026-06-10 22:25:56,17,40,0.67
2026-06-10 22:25:56,192,37,0.62
2026-06-10 22:25:56,496,84,1.4
2026-06-10 22:25:56,114,33,0.55
2026-06-10 22:25:56,105,44,0.73
2026-06-10 22:25:56,203,96,1.6
2026-06-10 22:25:56,28,30,0.5
2026-06-10 22:25:56,100,78,1.3
2026-06-10 22:25:56,195,143,2.38
2026-06-10 22:25:56,174,26,0.43
2026-06-10 22:25:56,777,181,3.02
2026-06-10 22:25:56,214,55,0.92
2026-06-10 22:25:56,54,43,0.72
2026-06-10 22:25:56,79,60,1.0
2026-06-10 22:25:56,70,240,4.0
2026-06-10 22:25:56,141,49,0.82
2026-06-10 22:25:56,225,180,3.0
2026-06-10 22:25:56,66,46,0.77
2026-06-10 22:25:56,747,900,15.0
2026-06-10 22:25:56,196,60,1.0
2026-06-10 22:25:56,13,53,0.88
2026-06-10 22:25:56,166,41,0.68
2026-06-10 22:25:56,123,120,2.0
2026-06-10 22:25:56,106,41,0.68
2026-06-10 22:25:56,170,51,0.85
2026-06-10 22:25:56,100,78,1.3
2026-06-10 22:25:56,45,26,0.43
2026-06-10 22:25:56,86,33,0.55
2026-06-10 22:25:56,125,86,1.43
2026-06-10 22:25:56,747,158,2.63
2026-06-10 22:25:56,32,69,1.15
2026-06-10 22:25:56,206,35,0.58
2026-06-10 22:25:56,174,360,6.0
2026-06-10 22:25:56,196,60,1.0
2026-06-10 22:25:56,218,48,0.8
2026-06-10 22:25:56,496,84,1.4
2026-06-10 22:25:56,203,96,1.6
2026-06-10 22:25:56,114,33,0.55
2026-06-10 22:25:56,105,118,1.97
2026-06-10 22:25:56,105,44,0.73
2026-06-10 22:25:56,141,41,0.68
2026-06-10 22:25:56,49,106,1.77
2026-06-10 22:25:56,777,300,5.0
2026-06-10 22:25:56,95,34,0.57
2026-06-10 22:25:56,777,240,4.0
2026-06-10 22:25:56,208,186,3.1
2026-06-10 22:25:56,179,38,0.63
2026-06-10 22:25:56,72,29,0.48
2026-06-10 22:25:56,37,37,0.62
2026-06-10 22:25:56,215,126,2.1
2026-06-10 22:25:56,131,21,0.35
2026-06-10 22:25:56,125,137,2.28
2026-06-10 22:26:57,94,33,0.55
2026-06-10 22:26:57,139,37,0.62
2026-06-10 22:26:57,193,37,0.62
2026-06-10 22:26:57,193,59,0.98
2026-06-10 22:26:57,206,30,0.5
2026-06-10 22:26:57,177,63,1.05
2026-06-10 22:26:57,172,50,0.83
2026-06-10 22:26:57,125,103,1.72
2026-06-10 22:26:57,747,14,0.23
2026-06-10 22:26:57,66,18,0.3
2026-06-10 22:26:57,195,41,0.68
2026-06-10 22:26:57,64,16,0.27
2026-06-10 22:26:57,196,15,0.25
2026-06-10 22:26:57,35,49,0.82
2026-06-10 22:26:57,106,63,1.05
2026-06-10 22:26:57,49,29,0.48
2026-06-10 22:26:57,124,27,0.45
2026-06-10 22:26:57,93,19,0.32
2026-06-10 22:26:57,97,53,0.88
2026-06-10 22:26:57,747,220,3.67
2026-06-10 22:26:57,187,70,1.17
2026-06-10 22:26:57,161,50,0.83
2026-06-10 22:26:57,67,66,1.1
2026-06-10 22:26:57,189,37,0.62
2026-06-10 22:26:57,168,70,1.17
2026-06-10 22:26:57,24,59,0.98
2026-06-10 22:26:57,211,38,0.63
2026-06-10 22:26:57,208,30,0.5
2026-06-10 22:26:57,106,41,0.68
2026-06-10 22:26:57,18,103,1.72
2026-06-10 22:26:57,449,17,0.28
2026-06-10 22:26:57,74,13,0.22
2026-06-10 22:26:57,27,48,0.8
2026-06-10 22:26:57,202,25,0.42
2026-06-10 22:26:57,180,146,2.43
2026-06-10 22:26:57,411,75,1.25
2026-06-10 22:26:57,80,105,1.75
2026-06-10 22:26:57,55,155,2.58
2026-06-10 22:26:57,36,83,1.38
2026-06-10 22:26:57,71,96,1.6
2026-06-10 22:26:57,192,37,0.62
2026-06-10 22:26:57,48,104,1.73
2026-06-10 22:26:57,100,78,1.3
2026-06-10 22:26:57,92,259,4.32
2026-06-10 22:26:57,86,35,0.58
2026-06-10 22:26:57,747,900,15.0
2026-06-10 22:26:57,64,102,1.7
2026-06-10 22:26:57,121,26,0.43
2026-06-10 22:26:57,206,215,3.58
2026-06-10 22:26:57,80,40,0.67
2026-06-10 22:26:57,56,86,1.43
2026-06-10 22:26:57,124,125,2.08
2026-06-10 22:26:57,138,55,0.92
2026-06-10 22:26:57,86,33,0.55
2026-06-10 22:26:57,777,240,4.0
2026-06-10 22:26:57,186,60,1.0
2026-06-10 22:26:57,55,57,0.95
2026-06-10 22:26:57,79,84,1.4
2026-06-10 22:26:57,33,38,0.63
2026-06-10 22:26:57,411,1020,17.0
2026-06-10 22:26:57,195,151,2.52
2026-06-10 22:26:57,138,21,0.35
2026-06-10 22:26:57,198,299,4.98
2026-06-10 22:26:57,160,50,0.83
2026-06-10 22:26:57,179,19,0.32
2026-06-10 22:26:57,12,44,0.73
2026-06-10 22:26:57,108,33,0.55
2026-06-10 22:26:57,777,240,4.0
2026-06-10 22:26:57,110,32,0.53
2026-06-10 22:26:57,211,1020,17.0
2026-06-10 22:26:57,208,71,1.18
2026-06-10 22:26:57,162,33,0.55
2026-06-10 22:26:57,37,92,1.53
2026-06-10 22:26:57,209,300,5.0
2026-06-10 22:27:59,33,21,0.35
2026-06-10 22:27:59,108,36,0.6
2026-06-10 22:27:59,27,61,1.02
2026-06-10 22:27:59,125,51,0.85
2026-06-10 22:27:59,97,31,0.52
2026-06-10 22:27:59,189,49,0.82
2026-06-10 22:27:59,197,37,0.62
2026-06-10 22:27:59,160,10,0.17
2026-06-10 22:27:59,55,47,0.78
2026-06-10 22:27:59,496,30,0.5
2026-06-10 22:27:59,17,56,0.93
2026-06-10 22:27:59,170,78,1.3
2026-06-10 22:27:59,69,84,1.4
2026-06-10 22:27:59,192,46,0.77
2026-06-10 22:27:59,136,66,1.1
2026-06-10 22:27:59,80,38,0.63
2026-06-10 22:27:59,439,63,1.05
2026-06-10 22:27:59,124,57,0.95
2026-06-10 22:27:59,66,120,2.0
2026-06-10 22:27:59,33,66,1.1
2026-06-10 22:27:59,99,15,0.25
2026-06-10 22:27:59,11,14,0.23
2026-06-10 22:27:59,129,115,1.92
2026-06-10 22:27:59,777,240,4.0
2026-06-10 22:27:59,123,37,0.62
2026-06-10 22:27:59,162,108,1.8
2026-06-10 22:27:59,777,111,1.85
2026-06-10 22:27:59,468,114,1.9
2026-06-10 22:27:59,79,84,1.4
2026-06-10 22:27:59,212,92,1.53
2026-06-10 22:27:59,27,104,1.73
2026-06-10 22:27:59,202,227,3.78
2026-06-10 22:27:59,55,155,2.58
2026-06-10 22:27:59,36,52,0.87
2026-06-10 22:27:59,777,240,4.0
2026-06-10 22:27:59,205,206,3.43
2026-06-10 22:27:59,140,122,2.03
2026-06-10 22:27:59,17,40,0.67
2026-06-10 22:27:59,180,37,0.62
2026-06-10 22:27:59,193,63,1.05
2026-06-10 22:27:59,203,96,1.6
2026-06-10 22:27:59,209,79,1.32
2026-06-10 22:27:59,186,60,1.0
2026-06-10 22:27:59,49,60,1.0
2026-06-10 22:27:59,198,109,1.82
2026-06-10 22:27:59,138,55,0.92
2026-06-10 22:27:59,27,125,2.08
2026-06-10 22:27:59,24,52,0.87
2026-06-10 22:27:59,45,26,0.43
2026-06-10 22:27:59,208,71,1.18
2026-06-10 22:27:59,71,41,0.68
2026-06-10 22:27:59,36,83,1.38
2026-06-10 22:27:59,168,52,0.87
2026-06-10 22:27:59,113,71,1.18
2026-06-10 22:27:59,113,46,0.77
2026-06-10 22:27:59,17,40,0.67
2026-06-10 22:27:59,218,48,0.8
2026-06-10 22:27:59,203,96,1.6
2026-06-10 22:27:59,114,33,0.55
2026-06-10 22:27:59,105,118,1.97
2026-06-10 22:27:59,136,17,0.28
2026-06-10 22:27:59,49,106,1.77
2026-06-10 22:27:59,193,63,1.05
2026-06-10 22:27:59,777,300,5.0
2026-06-10 22:27:59,29,45,0.75
2026-06-10 22:27:59,54,43,0.72
2026-06-10 22:27:59,93,139,2.32
2026-06-10 22:27:59,95,67,1.12
2026-06-10 22:27:59,144,127,2.12
2026-06-10 22:29:00,161,66,1.1
2026-06-10 22:29:00,203,29,0.48
2026-06-10 22:29:00,141,80,1.33
2026-06-10 22:29:00,51,36,0.6
2026-06-10 22:29:00,100,40,0.67
2026-06-10 22:29:00,187,34,0.57
2026-06-10 22:29:00,198,50,0.83
2026-06-10 22:29:00,100,98,1.63
2026-06-10 22:29:00,103,43,0.72
2026-06-10 22:29:00,468,107,1.78
2026-06-10 22:29:00,85,26,0.43
2026-06-10 22:29:00,202,59,0.98
2026-06-10 22:29:00,170,106,1.77
2026-06-10 22:29:00,218,48,0.8
2026-06-10 22:29:00,64,39,0.65
2026-06-10 22:29:00,198,48,0.8
2026-06-10 22:29:00,57,46,0.77
2026-06-10 22:29:00,86,27,0.45
2026-06-10 22:29:00,411,37,0.62
2026-06-10 22:29:00,150,107,1.78
2026-06-10 22:29:00,31,31,0.52
2026-06-10 22:29:00,110,32,0.53
2026-06-10 22:29:00,164,16,0.27
2026-06-10 22:29:00,168,76,1.27
2026-06-10 22:29:00,51,89,1.48
2026-06-10 22:29:00,166,82,1.37
2026-06-10 22:29:00,67,63,1.05
2026-06-10 22:29:00,86,44,0.73
2026-06-10 22:29:00,468,30,0.5
2026-06-10 22:29:00,48,33,0.55
2026-06-10 22:29:00,11,15,0.25
2026-06-10 22:29:00,189,49,0.82
2026-06-10 22:29:00,187,70,1.17
2026-06-10 22:29:00,204,78,1.3
2026-06-10 22:29:00,106,115,1.92
2026-06-10 22:29:00,127,110,1.83
2026-06-10 22:29:00,192,33,0.55
2026-06-10 22:29:00,104,17,0.28
2026-06-10 22:29:00,186,56,0.93
2026-06-10 22:29:00,172,60,1.0
2026-06-10 22:29:00,92,36,0.6
2026-06-10 22:29:00,747,900,15.0
2026-06-10 22:29:00,10,61,1.02
2026-06-10 22:29:00,747,1200,20.0
2026-06-10 22:29:00,203,96,1.6
2026-06-10 22:29:00,48,104,1.73
2026-06-10 22:29:00,100,78,1.3
2026-06-10 22:29:00,94,48,0.8
2026-06-10 22:29:00,186,56,0.93
2026-06-10 22:29:00,95,34,0.57
2026-06-10 22:29:00,110,32,0.53
2026-06-10 22:29:00,211,60,1.0
2026-06-10 22:29:00,105,118,1.97
2026-06-10 22:29:00,32,57,0.95
2026-06-10 22:29:00,198,109,1.82
2026-06-10 22:29:00,70,29,0.48
2026-06-10 22:29:00,12,44,0.73
2026-06-10 22:29:00,103,64,1.07
2026-06-10 22:29:00,125,137,2.28
2026-06-10 22:29:00,125,86,1.43
2026-06-10 22:29:00,212,92,1.53
2026-06-10 22:29:00,48,47,0.78
2026-06-10 22:29:00,43,19,0.32
2026-06-10 22:29:00,68,77,1.28
2026-06-10 22:29:00,55,155,2.58
2026-06-10 22:29:00,192,37,0.62
2026-06-10 22:29:00,141,41,0.68
2026-06-10 22:29:00,29,45,0.75
2026-06-10 22:29:00,72,29,0.48
2026-06-10 22:29:00,44,70,1.17
2026-06-10 22:30:01,215,23,0.38
2026-06-10 22:30:01,79,35,0.58
2026-06-10 22:30:01,198,20,0.33
2026-06-10 22:30:01,114,1,0.02
2026-06-10 22:30:01,165,38,0.63
2026-06-10 22:30:01,47,61,1.02
2026-06-10 22:30:01,49,60,1.0
2026-06-10 22:30:01,777,110,1.83
2026-06-10 22:30:01,177,120,2.0
2026-06-10 22:30:01,99,57,0.95
2026-06-10 22:30:01,160,26,0.43
2026-06-10 22:30:01,439,91,1.52
2026-06-10 22:30:01,107,19,0.32
2026-06-10 22:30:01,203,40,0.67
2026-06-10 22:30:01,207,23,0.38
2026-06-10 22:30:01,11,14,0.23
2026-06-10 22:30:01,139,23,0.38
2026-06-10 22:30:01,28,20,0.33
2026-06-10 22:30:01,113,56,0.93
2026-06-10 22:30:01,57,91,1.52
2026-06-10 22:30:01,449,18,0.3
2026-06-10 22:30:01,129,72,1.2
2026-06-10 22:30:01,45,74,1.23
2026-06-10 22:30:01,32,78,1.3
2026-06-10 22:30:01,171,70,1.17
2026-06-10 22:30:01,17,21,0.35
2026-06-10 22:30:01,468,30,0.5
2026-06-10 22:30:01,185,31,0.52
2026-06-10 22:30:01,28,38,0.63
2026-06-10 22:30:01,34,49,0.82
2026-06-10 22:30:01,90,16,0.27
2026-06-10 22:30:01,214,138,2.3
2026-06-10 22:30:01,113,71,1.18
2026-06-10 22:30:01,105,118,1.97
2026-06-10 22:30:01,67,55,0.92
2026-06-10 22:30:01,11,14,0.23
2026-06-10 22:30:01,74,13,0.22
2026-06-10 22:30:01,164,19,0.32
2026-06-10 22:30:01,747,158,2.63
2026-06-10 22:30:01,80,105,1.75
2026-06-10 22:30:01,36,52,0.87
2026-06-10 22:30:01,33,38,0.63
2026-06-10 22:30:01,92,36,0.6
2026-06-10 22:30:01,747,900,15.0
2026-06-10 22:30:01,47,99,1.65
2026-06-10 22:30:01,105,44,0.73
2026-06-10 22:30:01,92,259,4.32
2026-06-10 22:30:01,186,56,0.93
2026-06-10 22:30:01,777,181,3.02
2026-06-10 22:30:01,54,43,0.72
2026-06-10 22:30:01,110,157,2.62
2026-06-10 22:30:01,68,103,1.72
2026-06-10 22:30:01,79,60,1.0
2026-06-10 22:30:01,79,60,1.0
2026-06-10 22:30:01,105,118,1.97
2026-06-10 22:30:01,747,900,15.0
2026-06-10 22:30:01,37,92,1.53
2026-06-10 22:30:01,51,23,0.38
2026-06-10 22:30:01,93,72,1.2
2026-06-10 22:30:01,24,52,0.87
2026-06-10 22:30:01,144,127,2.12
2026-06-10 22:30:01,128,22,0.37
2026-06-10 22:30:01,55,57,0.95
2026-06-10 22:30:01,43,19,0.32
2026-06-10 22:30:01,187,48,0.8
2026-06-10 22:30:01,36,83,1.38
2026-06-10 22:30:01,113,71,1.18
2026-06-10 22:30:01,67,42,0.7
2026-06-10 22:30:01,68,77,1.28
2026-06-10 22:30:01,411,75,1.25
2026-06-10 22:30:01,80,105,1.75
2026-06-10 22:30:01,411,1020,17.0
2026-06-10 22:30:01,218,48,0.8
2026-06-10 22:30:01,496,84,1.4
2026-06-10 22:30:01,439,81,1.35
2026-06-10 22:30:01,747,1260,21.0
2026-06-10 22:30:01,12,44,0.73
2026-06-10 22:30:01,54,43,0.72
2026-06-10 22:30:01,80,52,0.87
2026-06-10 22:30:01,198,109,1.82
2026-06-10 22:30:01,64,70,1.17
2026-06-10 22:30:01,95,67,1.12
2026-06-10 22:31:03,196,16,0.27
2026-06-10 22:31:03,777,300,5.0
2026-06-10 22:31:03,24,21,0.35
2026-06-10 22:31:03,196,16,0.27
2026-06-10 22:31:03,225,30,0.5
2026-06-10 22:31:03,189,25,0.42
2026-06-10 22:31:03,55,125,2.08
2026-06-10 22:31:03,49,120,2.0
2026-06-10 22:31:03,205,50,0.83
2026-06-10 22:31:03,48,243,4.05
2026-06-10 22:31:03,67,64,1.07
2026-06-10 22:31:03,51,62,1.03
2026-06-10 22:31:03,193,23,0.38
2026-06-10 22:31:03,187,25,0.42
2026-06-10 22:31:03,27,33,0.55
2026-06-10 22:31:03,48,78,1.3
2026-06-10 22:31:03,180,33,0.55
2026-06-10 22:31:03,10,13,0.22
2026-06-10 22:31:03,24,52,0.87
2026-06-10 22:31:03,496,900,15.0
2026-06-10 22:31:03,31,51,0.85
2026-06-10 22:31:03,203,28,0.47
2026-06-10 22:31:03,136,17,0.28
2026-06-10 22:31:03,166,39,0.65
2026-06-10 22:31:03,113,60,1.0
2026-06-10 22:31:03,439,142,2.37
2026-06-10 22:31:03,171,120,2.0
2026-06-10 22:31:03,45,26,0.43
2026-06-10 22:31:03,777,110,1.83
2026-06-10 22:31:03,439,91,1.52
2026-06-10 22:31:03,11,13,0.22
2026-06-10 22:31:03,129,85,1.42
2026-06-10 22:31:03,12,47,0.78
2026-06-10 22:31:03,33,34,0.57
2026-06-10 22:31:03,110,32,0.53
2026-06-10 22:31:03,128,22,0.37
2026-06-10 22:31:03,189,49,0.82
2026-06-10 22:31:03,197,78,1.3
2026-06-10 22:31:03,90,16,0.27
2026-06-10 22:31:03,24,52,0.87
2026-06-10 22:31:03,67,51,0.85
2026-06-10 22:31:03,106,115,1.92
2026-06-10 22:31:03,79,84,1.4
2026-06-10 22:31:03,212,92,1.53
2026-06-10 22:31:03,49,60,1.0
2026-06-10 22:31:03,103,64,1.07
2026-06-10 22:31:03,172,60,1.0
2026-06-10 22:31:03,205,206,3.43
2026-06-10 22:31:03,439,81,1.35
2026-06-10 22:31:03,10,39,0.65
2026-06-10 22:31:03,230,50,0.83
2026-06-10 22:31:03,93,111,1.85
2026-06-10 22:31:03,209,79,1.32
2026-06-10 22:31:03,17,78,1.3
2026-06-10 22:31:03,47,84,1.4
2026-06-10 22:31:03,160,50,0.83
2026-06-10 22:31:03,211,60,1.0
2026-06-10 22:31:03,108,47,0.78
2026-06-10 22:31:03,225,180,3.0
2026-06-10 22:31:03,206,215,3.58
2026-06-10 22:31:03,112,71,1.18
2026-06-10 22:31:03,56,86,1.43
2026-06-10 22:31:03,211,1020,17.0
2026-06-10 22:31:03,139,91,1.52
2026-06-10 22:31:03,161,31,0.52
2026-06-10 22:31:03,102,121,2.02
2026-06-10 22:31:03,125,137,2.28
2026-06-10 22:31:03,18,181,3.02
2026-06-10 22:31:03,86,33,0.55
2026-06-10 22:31:03,186,60,1.0
2026-06-10 22:31:03,71,41,0.68
2026-06-10 22:31:03,214,138,2.3
2026-06-10 22:31:03,48,47,0.78
2026-06-10 22:31:03,164,19,0.32
2026-06-10 22:31:03,32,69,1.15
2026-06-10 22:31:03,55,155,2.58
2026-06-10 22:31:03,10,61,1.02
2026-06-10 22:31:03,205,206,3.43
2026-06-10 22:31:03,439,81,1.35
2026-06-10 22:31:03,131,80,1.33
2026-06-10 22:31:03,114,33,0.55
2026-06-10 22:31:03,48,104,1.73
2026-06-10 22:31:03,94,45,0.75
2026-06-10 22:31:03,44,54,0.9
2026-06-10 22:31:03,179,19,0.32
2026-06-10 22:31:03,108,33,0.55
2026-06-10 22:31:03,179,38,0.63
2026-06-10 22:32:04,189,37,0.62
2026-06-10 22:32:04,11,14,0.23
2026-06-10 22:32:04,66,46,0.77
2026-06-10 22:32:04,192,33,0.55
2026-06-10 22:32:04,138,55,0.92
2026-06-10 22:32:04,140,56,0.93
2026-06-10 22:32:04,180,79,1.32
2026-06-10 22:32:04,33,43,0.72
2026-06-10 22:32:04,12,44,0.73
2026-06-10 22:32:04,185,38,0.63
2026-06-10 22:32:04,43,30,0.5
2026-06-10 22:32:04,121,80,1.33
2026-06-10 22:32:04,44,24,0.4
2026-06-10 22:32:04,35,69,1.15
2026-06-10 22:32:04,202,30,0.5
2026-06-10 22:32:04,97,95,1.58
2026-06-10 22:32:04,57,96,1.6
2026-06-10 22:32:04,95,41,0.68
2026-06-10 22:32:04,27,46,0.77
2026-06-10 22:32:04,161,139,2.32
2026-06-10 22:32:04,104,55,0.92
2026-06-10 22:32:04,124,41,0.68
2026-06-10 22:32:04,107,48,0.8
2026-06-10 22:32:04,32,31,0.52
2026-06-10 22:32:04,777,170,2.83
2026-06-10 22:32:04,51,56,0.93
2026-06-10 22:32:04,71,66,1.1
2026-06-10 22:32:04,439,131,2.18
2026-06-10 22:32:04,496,47,0.78
2026-06-10 22:32:04,187,83,1.38
2026-06-10 22:32:04,211,197,3.28
2026-06-10 22:32:04,144,127,2.12
2026-06-10 22:32:04,61,145,2.42
2026-06-10 22:32:04,205,36,0.6
2026-06-10 22:32:04,56,53,0.88
2026-06-10 22:32:04,18,68,1.13
2026-06-10 22:32:04,206,35,0.58
2026-06-10 22:32:04,93,72,1.2
2026-06-10 22:32:04,72,29,0.48
2026-06-10 22:32:04,215,42,0.7
2026-06-10 22:32:04,61,37,0.62
2026-06-10 22:32:04,18,13,0.22
2026-06-10 22:32:04,136,66,1.1
2026-06-10 22:32:04,74,43,0.72
2026-06-10 22:32:04,747,900,15.0
2026-06-10 22:32:04,180,146,2.43
2026-06-10 22:32:04,34,71,1.18
2026-06-10 22:32:04,49,60,1.0
2026-06-10 22:32:04,202,227,3.78
2026-06-10 22:32:04,747,158,2.63
2026-06-10 22:32:04,172,60,1.0
2026-06-10 22:32:04,439,112,1.87
2026-06-10 22:32:04,71,96,1.6
2026-06-10 22:32:04,131,80,1.33
2026-06-10 22:32:04,138,21,0.35
2026-06-10 22:32:04,230,50,0.83
2026-06-10 22:32:04,747,1200,20.0
2026-06-10 22:32:04,218,96,1.6
2026-06-10 22:32:04,193,43,0.72
2026-06-10 22:32:04,140,120,2.0
2026-06-10 22:32:04,95,34,0.57
2026-06-10 22:32:04,47,99,1.65
2026-06-10 22:32:04,47,84,1.4
2026-06-10 22:32:04,108,47,0.78
2026-06-10 22:32:04,196,60,1.0
2026-06-10 22:32:04,37,92,1.53
2026-06-10 22:32:04,61,37,0.62
2026-06-10 22:32:04,215,126,2.1
2026-06-10 22:32:04,187,107,1.78
2026-06-10 22:32:04,27,125,2.08
2026-06-10 22:32:04,67,55,0.92
2026-06-10 22:32:04,129,44,0.73
2026-06-10 22:32:04,86,33,0.55
2026-06-10 22:32:04,51,39,0.65
2026-06-10 22:32:04,128,22,0.37
2026-06-10 22:32:04,214,138,2.3
2026-06-10 22:32:04,168,52,0.87
2026-06-10 22:32:04,67,42,0.7
2026-06-10 22:32:04,206,35,0.58
2026-06-10 22:32:04,411,1020,17.0
2026-06-10 22:32:04,439,81,1.35
2026-06-10 22:32:04,218,96,1.6
2026-06-10 22:32:04,193,63,1.05
2026-06-10 22:32:04,165,59,0.98
2026-06-10 22:32:04,51,39,0.65
2026-06-10 22:33:05,86,36,0.6
2026-06-10 22:33:05,61,37,0.62
2026-06-10 22:33:05,164,60,1.0
2026-06-10 22:33:05,85,66,1.1
2026-06-10 22:33:05,51,38,0.63
2026-06-10 22:33:05,102,149,2.48
2026-06-10 22:33:05,44,39,0.65
2026-06-10 22:33:05,230,35,0.58
2026-06-10 22:33:05,198,81,1.35
2026-06-10 22:33:05,68,32,0.53
2026-06-10 22:33:05,29,68,1.13
2026-06-10 22:33:05,17,33,0.55
2026-06-10 22:33:05,140,47,0.78
2026-06-10 22:33:05,92,141,2.35
2026-06-10 22:33:05,449,82,1.37
2026-06-10 22:33:05,129,112,1.87
2026-06-10 22:33:05,202,67,1.12
2026-06-10 22:33:05,186,29,0.48
2026-06-10 22:33:05,18,47,0.78
2026-06-10 22:33:05,45,39,0.65
2026-06-10 22:33:05,22,37,0.62
2026-06-10 22:33:05,103,67,1.12
2026-06-10 22:33:05,49,28,0.47
2026-06-10 22:33:05,71,71,1.18
2026-06-10 22:33:05,86,32,0.53
2026-06-10 22:33:05,193,53,0.88
2026-06-10 22:33:05,121,77,1.28
2026-06-10 22:33:05,168,55,0.92
2026-06-10 22:33:05,138,55,0.92
2026-06-10 22:33:05,411,1020,17.0
2026-06-10 22:33:05,67,87,1.45
2026-06-10 22:33:05,164,45,0.75
2026-06-10 22:33:05,104,55,0.92
2026-06-10 22:33:05,124,60,1.0
2026-06-10 22:33:05,71,41,0.68
2026-06-10 22:33:05,43,19,0.32
2026-06-10 22:33:05,49,162,2.7
2026-06-10 22:33:05,36,2,0.03
2026-06-10 22:33:05,125,86,1.43
2026-06-10 22:33:05,92,259,4.32
2026-06-10 22:33:05,161,23,0.38
2026-06-10 22:33:05,123,18,0.3
2026-06-10 22:33:05,136,66,1.1
2026-06-10 22:33:05,34,71,1.18
2026-06-10 22:33:05,70,240,4.0
2026-06-10 22:33:05,70,33,0.55
2026-06-10 22:33:05,172,60,1.0
2026-06-10 22:33:05,17,78,1.3
2026-06-10 22:33:05,57,59,0.98
2026-06-10 22:33:05,80,105,1.75
2026-06-10 22:33:05,103,64,1.07
2026-06-10 22:33:05,22,56,0.93
2026-06-10 22:33:05,71,96,1.6
2026-06-10 22:33:05,138,21,0.35
2026-06-10 22:33:05,189,83,1.38
2026-06-10 22:33:05,195,143,2.38
2026-06-10 22:33:05,186,56,0.93
2026-06-10 22:33:05,777,181,3.02
2026-06-10 22:33:05,177,35,0.58
2026-06-10 22:33:05,70,240,4.0
2026-06-10 22:33:05,32,57,0.95
2026-06-10 22:33:05,206,215,3.58
2026-06-10 22:33:05,80,40,0.67
2026-06-10 22:33:05,208,186,3.1
2026-06-10 22:33:05,123,120,2.0
2026-06-10 22:33:05,86,33,0.55
2026-06-10 22:33:05,777,240,4.0
2026-06-10 22:33:05,125,86,1.43
2026-06-10 22:33:05,124,60,1.0
2026-06-10 22:33:05,10,61,1.02
2026-06-10 22:33:05,185,65,1.08
2026-06-10 22:33:05,49,106,1.77
2026-06-10 22:33:05,86,47,0.78
2026-06-10 22:33:05,94,45,0.75
2026-06-10 22:33:05,51,39,0.65
2026-06-10 22:34:07,121,32,0.53
2026-06-10 22:34:07,35,77,1.28
2026-06-10 22:34:07,186,30,0.5
2026-06-10 22:34:07,439,126,2.1
2026-06-10 22:34:07,110,31,0.52
2026-06-10 22:34:07,747,44,0.73
2026-06-10 22:34:07,189,29,0.48
2026-06-10 22:34:07,200,109,1.82
2026-06-10 22:34:07,139,91,1.52
2026-06-10 22:34:07,33,80,1.33
2026-06-10 22:34:07,27,62,1.03
2026-06-10 22:34:07,208,48,0.8
2026-06-10 22:34:07,168,32,0.53
2026-06-10 22:34:07,100,38,0.63
2026-06-10 22:34:07,49,130,2.17
2026-06-10 22:34:07,69,25,0.42
2026-06-10 22:34:07,202,29,0.48
2026-06-10 22:34:07,208,32,0.53
2026-06-10 22:34:07,209,49,0.82
2026-06-10 22:34:07,164,108,1.8
2026-06-10 22:34:07,161,53,0.88
2026-06-10 22:34:07,67,67,1.12
2026-06-10 22:34:07,139,46,0.77
2026-06-10 22:34:07,180,115,1.92
2026-06-10 22:34:07,95,49,0.82
2026-06-10 22:34:07,100,14,0.23
2026-06-10 22:34:07,94,27,0.45
2026-06-10 22:34:07,18,54,0.9
2026-06-10 22:34:07,214,55,0.92
2026-06-10 22:34:07,207,104,1.73
2026-06-10 22:34:07,209,65,1.08
2026-06-10 22:34:07,193,63,1.05
2026-06-10 22:34:07,166,64,1.07
2026-06-10 22:34:07,215,64,1.07
2026-06-10 22:34:07,97,8,0.13
2026-06-10 22:34:07,49,74,1.23
2026-06-10 22:34:07,150,62,1.03
2026-06-10 22:34:07,128,22,0.37
2026-06-10 22:34:07,43,41,0.68
2026-06-10 22:34:07,150,59,0.98
2026-06-10 22:34:07,51,54,0.9
2026-06-10 22:34:07,18,91,1.52
2026-06-10 22:34:07,168,67,1.12
2026-06-10 22:34:07,28,37,0.62
2026-06-10 22:34:07,207,227,3.78
2026-06-10 22:34:07,12,44,0.73
2026-06-10 22:34:07,36,114,1.9
2026-06-10 22:34:07,136,17,0.28
2026-06-10 22:34:07,125,137,2.28
2026-06-10 22:34:07,204,68,1.13
2026-06-10 22:34:07,177,15,0.25
2026-06-10 22:34:07,104,17,0.28
2026-06-10 22:34:07,161,23,0.38
2026-06-10 22:34:07,110,157,2.62
2026-06-10 22:34:07,61,37,0.62
2026-06-10 22:34:07,105,118,1.97
2026-06-10 22:34:07,66,46,0.77
2026-06-10 22:34:07,106,115,1.92
2026-06-10 22:34:07,56,86,1.43
2026-06-10 22:34:07,164,19,0.32
2026-06-10 22:34:07,48,47,0.78
2026-06-10 22:34:07,92,36,0.6
2026-06-10 22:34:07,131,80,1.33
2026-06-10 22:34:07,193,63,1.05
2026-06-10 22:34:07,44,54,0.9
2026-06-10 22:34:07,215,131,2.18
2026-06-10 22:34:07,138,55,0.92
2026-06-10 22:34:07,127,110,1.83
2026-06-10 22:34:07,45,26,0.43
2026-06-10 22:34:07,129,44,0.73
2026-06-10 22:34:07,103,87,1.45
2026-06-10 22:34:07,164,19,0.32
2026-06-10 22:34:07,192,37,0.62
2026-06-10 22:34:07,34,42,0.7
2026-06-10 22:34:07,777,300,5.0
2026-06-10 22:34:07,202,74,1.23
2026-06-10 22:34:07,172,54,0.9
2026-06-10 22:35:08,141,180,3.0
2026-06-10 22:35:08,161,73,1.22
2026-06-10 22:35:08,103,47,0.78
2026-06-10 22:35:08,197,120,2.0
2026-06-10 22:35:08,85,12,0.2
2026-06-10 22:35:08,177,60,1.0
2026-06-10 22:35:08,139,48,0.8
2026-06-10 22:35:08,196,59,0.98
2026-06-10 22:35:08,165,59,0.98
2026-06-10 22:35:08,100,78,1.3
2026-06-10 22:35:08,100,34,0.57
2026-06-10 22:35:08,121,73,1.22
2026-06-10 22:35:08,18,81,1.35
2026-06-10 22:35:08,55,52,0.87
2026-06-10 22:35:08,37,56,0.93
2026-06-10 22:35:08,114,89,1.48
2026-06-10 22:35:08,125,65,1.08
2026-06-10 22:35:08,80,22,0.37
2026-06-10 22:35:08,54,76,1.27
2026-06-10 22:35:08,777,331,5.52
2026-06-10 22:35:08,171,33,0.55
2026-06-10 22:35:08,193,63,1.05
2026-06-10 22:35:08,92,161,2.68
2026-06-10 22:35:08,215,64,1.07
2026-06-10 22:35:08,123,34,0.57
2026-06-10 22:35:08,198,48,0.8
2026-06-10 22:35:08,38,64,1.07
2026-06-10 22:35:08,208,186,3.1
2026-06-10 22:35:08,162,86,1.43
2026-06-10 22:35:08,124,125,2.08
2026-06-10 22:35:08,48,104,1.73
2026-06-10 22:35:08,71,41,0.68
2026-06-10 22:35:08,36,52,0.87
2026-06-10 22:35:08,104,55,0.92
2026-06-10 22:35:08,161,184,3.07
2026-06-10 22:35:08,168,52,0.87
2026-06-10 22:35:08,128,22,0.37
2026-06-10 22:35:08,13,56,0.93
2026-06-10 22:35:08,90,16,0.27
2026-06-10 22:35:08,74,13,0.22
2026-06-10 22:35:08,212,92,1.53
2026-06-10 22:35:08,121,26,0.43
2026-06-10 22:35:08,411,75,1.25
2026-06-10 22:35:08,55,155,2.58
2026-06-10 22:35:08,47,67,1.12
2026-06-10 22:35:08,187,48,0.8
2026-06-10 22:35:08,195,151,2.52
2026-06-10 22:35:08,166,60,1.0
2026-06-10 22:35:08,35,75,1.25
2026-06-10 22:35:08,218,96,1.6
2026-06-10 22:35:08,747,900,15.0
2026-06-10 22:35:08,67,42,0.7
2026-06-10 22:35:08,777,181,3.02
2026-06-10 22:35:08,54,43,0.72
2026-06-10 22:35:08,747,900,15.0
2026-06-10 22:35:08,80,40,0.67
2026-06-10 22:35:08,196,89,1.48
2026-06-10 22:35:08,51,23,0.38
2026-06-10 22:35:08,112,71,1.18
2026-06-10 22:35:08,211,1020,17.0
2026-06-10 22:35:08,70,29,0.48
2026-06-10 22:35:08,171,74,1.23
2026-06-10 22:35:08,12,44,0.73
2026-06-10 22:35:08,38,81,1.35
2026-06-10 22:35:08,51,39,0.65
2026-06-10 22:35:08,230,50,0.83
2026-06-10 22:35:08,113,71,1.18
2026-06-10 22:35:08,218,48,0.8
2026-06-10 22:35:08,10,61,1.02
2026-06-10 22:35:08,104,55,0.92
2026-06-10 22:35:08,207,227,3.78
2026-06-10 22:36:09,136,115,1.92
2026-06-10 22:36:09,203,40,0.67
2026-06-10 22:36:09,198,288,4.8
2026-06-10 22:36:09,114,45,0.75
2026-06-10 22:36:09,61,98,1.63
2026-06-10 22:36:09,107,34,0.57
2026-06-10 22:36:09,162,24,0.4
2026-06-10 22:36:09,198,30,0.5
2026-06-10 22:36:09,141,48,0.8
2026-06-10 22:36:09,129,35,0.58
2026-06-10 22:36:09,61,45,0.75
2026-06-10 22:36:09,160,91,1.52
2026-06-10 22:36:09,205,24,0.4
2026-06-10 22:36:09,127,42,0.7
2026-06-10 22:36:09,139,52,0.87
2026-06-10 22:36:09,211,37,0.62
2026-06-10 22:36:09,93,101,1.68
2026-06-10 22:36:09,93,72,1.2
2026-06-10 22:36:09,28,20,0.33
2026-06-10 22:36:09,777,240,4.0
2026-06-10 22:36:09,215,131,2.18
2026-06-10 22:36:09,100,78,1.3
2026-06-10 22:36:09,114,36,0.6
2026-06-10 22:36:09,104,21,0.35
2026-06-10 22:36:09,123,120,2.0
2026-06-10 22:36:09,747,882,14.7
2026-06-10 22:36:09,165,59,0.98
2026-06-10 22:36:09,12,44,0.73
2026-06-10 22:36:09,48,104,1.73
2026-06-10 22:36:09,136,17,0.28
2026-06-10 22:36:09,215,42,0.7
2026-06-10 22:36:09,189,49,0.82
2026-06-10 22:36:09,136,17,0.28
2026-06-10 22:36:09,211,60,1.0
2026-06-10 22:36:09,214,138,2.3
2026-06-10 22:36:09,186,60,1.0
2026-06-10 22:36:09,204,78,1.3
2026-06-10 22:36:09,103,87,1.45
2026-06-10 22:36:09,70,123,2.05
2026-06-10 22:36:09,36,83,1.38
2026-06-10 22:36:09,165,59,0.98
2026-06-10 22:36:09,17,78,1.3
2026-06-10 22:36:09,186,56,0.93
2026-06-10 22:36:09,97,31,0.52
2026-06-10 22:36:09,71,96,1.6
2026-06-10 22:36:09,777,240,4.0
2026-06-10 22:36:09,140,122,2.03
2026-06-10 22:36:09,439,81,1.35
2026-06-10 22:36:09,166,60,1.0
2026-06-10 22:36:09,114,33,0.55
2026-06-10 22:36:09,747,1200,20.0
2026-06-10 22:36:09,747,900,15.0
2026-06-10 22:36:09,105,44,0.73
2026-06-10 22:36:09,218,96,1.6
2026-06-10 22:36:09,174,26,0.43
2026-06-10 22:36:09,47,99,1.65
2026-06-10 22:36:09,70,240,4.0
2026-06-10 22:36:09,141,49,0.82
2026-06-10 22:36:09,32,34,0.57
2026-06-10 22:36:09,80,40,0.67
2026-06-10 22:36:09,13,54,0.9
2026-06-10 22:36:09,38,360,6.0
2026-06-10 22:36:09,123,120,2.0
2026-06-10 22:36:09,100,78,1.3
2026-06-10 22:36:09,171,120,2.0
2026-06-10 22:36:09,144,127,2.12
2026-06-10 22:36:09,164,19,0.32
2026-06-10 22:36:09,168,52,0.87
2026-06-10 22:36:09,79,84,1.4
2026-06-10 22:36:09,105,118,1.97
2026-06-10 22:37:10,496,49,0.82
2026-06-10 22:37:10,103,44,0.73
2026-06-10 22:37:10,18,75,1.25
2026-06-10 22:37:10,47,54,0.9
2026-06-10 22:37:10,150,59,0.98
2026-06-10 22:37:10,49,106,1.77
2026-06-10 22:37:10,128,112,1.87
2026-06-10 22:37:10,208,37,0.62
2026-06-10 22:37:10,220,72,1.2
2026-06-10 22:37:10,51,57,0.95
2026-06-10 22:37:10,198,240,4.0
2026-06-10 22:37:10,106,28,0.47
2026-06-10 22:37:10,18,63,1.05
2026-06-10 22:37:10,55,24,0.4
2026-06-10 22:37:10,54,41,0.68
2026-06-10 22:37:10,139,67,1.12
2026-06-10 22:37:10,195,143,2.38
2026-06-10 22:37:10,54,72,1.2
2026-06-10 22:37:10,61,42,0.7
2026-06-10 22:37:10,45,41,0.68
2026-06-10 22:37:10,113,35,0.58
2026-06-10 22:37:10,198,30,0.5
2026-06-10 22:37:10,202,24,0.4
2026-06-10 22:37:10,141,19,0.32
2026-06-10 22:37:10,411,75,1.25
2026-06-10 22:37:10,144,18,0.3
2026-06-10 22:37:10,439,182,3.03
2026-06-10 22:37:10,161,69,1.15
2026-06-10 22:37:10,179,38,0.63
2026-06-10 22:37:10,56,48,0.8
2026-06-10 22:37:10,139,95,1.58
2026-06-10 22:37:10,197,35,0.58
2026-06-10 22:37:10,56,86,1.43
2026-06-10 22:37:10,211,1020,17.0
2026-06-10 22:37:10,28,20,0.33
2026-06-10 22:37:10,85,58,0.97
2026-06-10 22:37:10,80,40,0.67
2026-06-10 22:37:10,165,59,0.98
2026-06-10 22:37:10,54,43,0.72
2026-06-10 22:37:10,66,55,0.92
2026-06-10 22:37:10,124,60,1.0
2026-06-10 22:37:10,170,40,0.67
2026-06-10 22:37:10,144,127,2.12
2026-06-10 22:37:10,61,145,2.42
2026-06-10 22:37:10,204,68,1.13
2026-06-10 22:37:10,187,107,1.78
2026-06-10 22:37:10,168,52,0.87
2026-06-10 22:37:10,165,37,0.62
2026-06-10 22:37:10,106,41,0.68
2026-06-10 22:37:10,747,900,15.0
2026-06-10 22:37:10,150,236,3.93
2026-06-10 22:37:10,97,155,2.58
2026-06-10 22:37:10,192,37,0.62
2026-06-10 22:37:10,105,44,0.73
2026-06-10 22:37:10,193,63,1.05
2026-06-10 22:37:10,28,30,0.5
2026-06-10 22:37:10,140,111,1.85
2026-06-10 22:37:10,140,120,2.0
2026-06-10 22:37:10,777,181,3.02
2026-06-10 22:37:10,54,43,0.72
2026-06-10 22:37:10,79,60,1.0
2026-06-10 22:37:10,121,26,0.43
2026-06-10 22:37:10,68,86,1.43
2026-06-10 22:37:10,172,60,1.0
2026-06-10 22:37:10,67,55,0.92
2026-06-10 22:37:10,127,110,1.83
2026-06-10 22:37:10,144,49,0.82
2026-06-10 22:37:10,144,127,2.12
2026-06-10 22:37:10,204,68,1.13
2026-06-10 22:37:10,48,104,1.73
2026-06-10 22:37:10,71,41,0.68
2026-06-10 22:37:10,164,19,0.32
2026-06-10 22:37:10,64,102,1.7
2026-06-10 22:37:10,33,38,0.63
2026-06-10 22:37:10,138,21,0.35
2026-06-10 22:37:10,100,34,0.57
2026-06-10 22:38:12,10,78,1.3
2026-06-10 22:38:12,54,19,0.32
2026-06-10 22:38:12,165,70,1.17
2026-06-10 22:38:12,189,54,0.9
2026-06-10 22:38:12,102,26,0.43
2026-06-10 22:38:12,48,16,0.27
2026-06-10 22:38:12,69,31,0.52
2026-06-10 22:38:12,212,30,0.5
2026-06-10 22:38:12,138,55,0.92
2026-06-10 22:38:12,100,31,0.52
2026-06-10 22:38:12,61,57,0.95
2026-06-10 22:38:12,66,37,0.62
2026-06-10 22:38:12,189,27,0.45
2026-06-10 22:38:12,97,7,0.12
2026-06-10 22:38:12,22,39,0.65
2026-06-10 22:38:12,104,21,0.35
2026-06-10 22:38:12,205,49,0.82
2026-06-10 22:38:12,45,41,0.68
2026-06-10 22:38:12,468,215,3.58
2026-06-10 22:38:12,161,109,1.82
2026-06-10 22:38:12,66,32,0.53
2026-06-10 22:38:12,777,289,4.82
2026-06-10 22:38:12,51,48,0.8
2026-06-10 22:38:12,215,72,1.2
2026-06-10 22:38:12,13,40,0.67
2026-06-10 22:38:12,121,37,0.62
2026-06-10 22:38:12,37,26,0.43
2026-06-10 22:38:12,49,106,1.77
2026-06-10 22:38:12,195,143,2.38
2026-06-10 22:38:12,179,31,0.52
2026-06-10 22:38:12,202,43,0.72
2026-06-10 22:38:12,189,83,1.38
2026-06-10 22:38:12,203,56,0.93
2026-06-10 22:38:12,211,1020,17.0
2026-06-10 22:38:12,67,46,0.77
2026-06-10 22:38:12,38,360,6.0
2026-06-10 22:38:12,180,146,2.43
2026-06-10 22:38:12,38,64,1.07
2026-06-10 22:38:12,141,41,0.68
2026-06-10 22:38:12,68,49,0.82
2026-06-10 22:38:12,204,68,1.13
2026-06-10 22:38:12,171,120,2.0
2026-06-10 22:38:12,215,42,0.7
2026-06-10 22:38:12,123,18,0.3
2026-06-10 22:38:12,204,78,1.3
2026-06-10 22:38:12,747,900,15.0
2026-06-10 22:38:12,212,92,1.53
2026-06-10 22:38:12,49,60,1.0
2026-06-10 22:38:12,36,83,1.38
2026-06-10 22:38:12,747,158,2.63
2026-06-10 22:38:12,198,249,4.15
2026-06-10 22:38:12,131,80,1.33
2026-06-10 22:38:12,140,122,2.03
2026-06-10 22:38:12,100,78,1.3
2026-06-10 22:38:12,140,111,1.85
2026-06-10 22:38:12,189,83,1.38
2026-06-10 22:38:12,195,143,2.38
2026-06-10 22:38:12,189,49,0.82
2026-06-10 22:38:12,93,111,1.85
2026-06-10 22:38:12,186,56,0.93
2026-06-10 22:38:12,179,19,0.32
2026-06-10 22:38:12,70,240,4.0
2026-06-10 22:38:12,141,41,0.68
2026-06-10 22:38:12,198,109,1.82
2026-06-10 22:38:12,61,37,0.62
2026-06-10 22:38:12,103,64,1.07
2026-06-10 22:38:12,203,269,4.48
2026-06-10 22:38:12,138,55,0.92
2026-06-10 22:38:12,131,21,0.35
2026-06-10 22:38:12,207,34,0.57
2026-06-10 22:38:12,124,60,1.0
2026-06-10 22:38:12,212,92,1.53
2026-06-10 22:38:12,214,138,2.3
2026-06-10 22:38:12,32,69,1.15
2026-06-10 22:38:12,195,151,2.52
2026-06-10 22:38:12,29,45,0.75
2026-06-10 22:39:13,110,28,0.47
2026-06-10 22:39:13,164,93,1.55
2026-06-10 22:39:13,43,59,0.98
2026-06-10 22:39:13,189,32,0.53
2026-06-10 22:39:13,114,57,0.95
2026-06-10 22:39:13,64,20,0.33
2026-06-10 22:39:13,27,48,0.8
2026-06-10 22:39:13,90,48,0.8
2026-06-10 22:39:13,69,19,0.32
2026-06-10 22:39:13,123,49,0.82
2026-06-10 22:39:13,69,46,0.77
2026-06-10 22:39:13,449,14,0.23
2026-06-10 22:39:13,36,66,1.1
2026-06-10 22:39:13,179,19,0.32
2026-06-10 22:39:13,37,29,0.48
2026-06-10 22:39:13,48,141,2.35
2026-06-10 22:39:13,202,34,0.57
2026-06-10 22:39:13,32,60,1.0
2026-06-10 22:39:13,85,60,1.0
2026-06-10 22:39:13,128,43,0.72
2026-06-10 22:39:13,32,26,0.43
2026-06-10 22:39:13,80,81,1.35
2026-06-10 22:39:13,136,66,1.1
2026-06-10 22:39:13,139,45,0.75
2026-06-10 22:39:13,121,37,0.62
2026-06-10 22:39:13,12,45,0.75
2026-06-10 22:39:13,18,26,0.43
2026-06-10 22:39:13,129,97,1.62
2026-06-10 22:39:13,17,36,0.6
2026-06-10 22:39:13,164,264,4.4
2026-06-10 22:39:13,18,20,0.33
2026-06-10 22:39:13,104,55,0.92
2026-06-10 22:39:13,34,41,0.68
2026-06-10 22:39:13,31,208,3.47
2026-06-10 22:39:13,179,38,0.63
2026-06-10 22:39:13,747,398,6.63
2026-06-10 22:39:13,187,48,0.8
2026-06-10 22:39:13,85,58,0.97
2026-06-10 22:39:13,777,108,1.8
2026-06-10 22:39:13,777,240,4.0
2026-06-10 22:39:13,36,83,1.38
2026-06-10 22:39:13,67,42,0.7
2026-06-10 22:39:13,197,45,0.75
2026-06-10 22:39:13,168,52,0.87
2026-06-10 22:39:13,212,92,1.53
2026-06-10 22:39:13,49,60,1.0
2026-06-10 22:39:13,180,103,1.72
2026-06-10 22:39:13,71,96,1.6
2026-06-10 22:39:13,198,249,4.15
2026-06-10 22:39:13,411,1020,17.0
2026-06-10 22:39:13,203,96,1.6
2026-06-10 22:39:13,160,50,0.83
2026-06-10 22:39:13,48,104,1.73
2026-06-10 22:39:13,95,34,0.57
2026-06-10 22:39:13,18,68,1.13
2026-06-10 22:39:13,179,19,0.32
2026-06-10 22:39:13,150,59,0.98
2026-06-10 22:39:13,55,57,0.95
2026-06-10 22:39:13,85,43,0.72
2026-06-10 22:39:13,68,86,1.43
2026-06-10 22:39:13,44,70,1.17
2026-06-10 22:39:13,13,53,0.88
2026-06-10 22:39:13,230,184,3.07
2026-06-10 22:39:13,136,66,1.1
2026-06-10 22:39:13,161,31,0.52
2026-06-10 22:39:13,103,87,1.45
2026-06-10 22:39:13,79,84,1.4
2026-06-10 22:39:13,196,60,1.0
2026-06-10 22:39:13,496,84,1.4
2026-06-10 22:39:13,99,100,1.67
2026-06-10 22:40:14,33,36,0.6
2026-06-10 22:40:14,10,52,0.87
2026-06-10 22:40:14,32,74,1.23
2026-06-10 22:40:14,202,44,0.73
2026-06-10 22:40:14,171,38,0.63
2026-06-10 22:40:14,211,60,1.0
2026-06-10 22:40:14,102,32,0.53
2026-06-10 22:40:14,113,61,1.02
2026-06-10 22:40:14,80,97,1.62
2026-06-10 22:40:14,179,31,0.52
2026-06-10 22:40:14,107,62,1.03
2026-06-10 22:40:14,18,34,0.57
2026-06-10 22:40:14,110,63,1.05
2026-06-10 22:40:14,45,54,0.9
2026-06-10 22:40:14,192,55,0.92
2026-06-10 22:40:14,449,14,0.23
2026-06-10 22:40:14,68,15,0.25
2026-06-10 22:40:14,195,151,2.52
2026-06-10 22:40:14,165,59,0.98
2026-06-10 22:40:14,56,63,1.05
2026-06-10 22:40:14,97,65,1.08
2026-06-10 22:40:14,95,67,1.12
2026-06-10 22:40:14,93,28,0.47
2026-06-10 22:40:14,35,75,1.25
2026-06-10 22:40:14,12,60,1.0
2026-06-10 22:40:14,49,106,1.77
2026-06-10 22:40:14,85,58,0.97
2026-06-10 22:40:14,202,74,1.23
2026-06-10 22:40:14,38,360,6.0
2026-06-10 22:40:14,162,27,0.45
2026-06-10 22:40:14,123,120,2.0
2026-06-10 22:40:14,203,269,4.48
2026-06-10 22:40:14,11,55,0.92
2026-06-10 22:40:14,71,41,0.68
2026-06-10 22:40:14,92,259,4.32
2026-06-10 22:40:14,206,35,0.58
2026-06-10 22:40:14,45,26,0.43
2026-06-10 22:40:14,123,18,0.3
2026-06-10 22:40:14,112,45,0.75
2026-06-10 22:40:14,74,43,0.72
2026-06-10 22:40:14,747,900,15.0
2026-06-10 22:40:14,212,92,1.53
2026-06-10 22:40:14,164,19,0.32
2026-06-10 22:40:14,64,102,1.7
2026-06-10 22:40:14,747,900,15.0
2026-06-10 22:40:14,10,39,0.65
2026-06-10 22:40:14,95,67,1.12
2026-06-10 22:40:14,114,33,0.55
2026-06-10 22:40:14,140,111,1.85
2026-06-10 22:40:14,193,43,0.72
2026-06-10 22:40:14,67,42,0.7
2026-06-10 22:40:14,69,54,0.9
2026-06-10 22:40:14,747,158,2.63
2026-06-10 22:40:14,177,35,0.58
2026-06-10 22:40:14,225,180,3.0
2026-06-10 22:40:14,206,215,3.58
2026-06-10 22:40:14,196,89,1.48
2026-06-10 22:40:14,496,857,14.28
2026-06-10 22:40:14,112,71,1.18
2026-06-10 22:40:14,56,86,1.43
2026-06-10 22:40:14,211,1020,17.0
2026-06-10 22:40:14,162,86,1.43
2026-06-10 22:40:14,138,55,0.92
2026-06-10 22:40:14,90,75,1.25
2026-06-10 22:40:14,18,181,3.02
2026-06-10 22:40:14,129,44,0.73
2026-06-10 22:40:14,208,71,1.18
2026-06-10 22:40:14,186,60,1.0
2026-06-10 22:40:14,103,87,1.45
2026-06-10 22:40:14,113,71,1.18
2026-06-10 22:40:14,80,105,1.75
2026-06-10 22:40:14,138,21,0.35
2026-06-10 22:41:16,110,27,0.45
2026-06-10 22:41:16,411,958,15.97
2026-06-10 22:41:16,192,21,0.35
2026-06-10 22:41:16,209,32,0.53
2026-06-10 22:41:16,439,173,2.88
2026-06-10 22:41:16,123,67,1.12
2026-06-10 22:41:16,171,61,1.02
2026-06-10 22:41:16,69,80,1.33
2026-06-10 22:41:16,186,56,0.93
2026-06-10 22:41:16,139,44,0.73
2026-06-10 22:41:16,18,48,0.8
2026-06-10 22:41:16,107,20,0.33
2026-06-10 22:41:16,170,35,0.58
2026-06-10 22:41:16,113,91,1.52
2026-06-10 22:41:16,128,38,0.63
2026-06-10 22:41:16,69,23,0.38
2026-06-10 22:41:16,110,25,0.42
2026-06-10 22:41:16,123,37,0.62
2026-06-10 22:41:16,95,45,0.75
2026-06-10 22:41:16,107,43,0.72
2026-06-10 22:41:16,205,22,0.37
2026-06-10 22:41:16,80,48,0.8
2026-06-10 22:41:16,161,122,2.03
2026-06-10 22:41:16,172,54,0.9
2026-06-10 22:41:16,37,40,0.67
2026-06-10 22:41:16,85,43,0.72
2026-06-10 22:41:16,204,40,0.67
2026-06-10 22:41:16,93,60,1.0
2026-06-10 22:41:16,35,5,0.08
2026-06-10 22:41:16,44,54,0.9
2026-06-10 22:41:16,209,300,5.0
2026-06-10 22:41:16,104,55,0.92
2026-06-10 22:41:16,129,44,0.73
2026-06-10 22:41:16,93,72,1.2
2026-06-10 22:41:16,85,58,0.97
2026-06-10 22:41:16,86,47,0.78
2026-06-10 22:41:16,193,63,1.05
2026-06-10 22:41:16,12,47,0.78
2026-06-10 22:41:16,198,109,1.82
2026-06-10 22:41:16,203,269,4.48
2026-06-10 22:41:16,162,86,1.43
2026-06-10 22:41:16,127,110,1.83
2026-06-10 22:41:16,205,36,0.6
2026-06-10 22:41:16,123,18,0.3
2026-06-10 22:41:16,24,52,0.87
2026-06-10 22:41:16,186,60,1.0
2026-06-10 22:41:16,66,46,0.77
2026-06-10 22:41:16,202,74,1.23
2026-06-10 22:41:16,202,227,3.78
2026-06-10 22:41:16,55,47,0.78
2026-06-10 22:41:16,57,59,0.98
2026-06-10 22:41:16,218,48,0.8
2026-06-10 22:41:16,27,46,0.77
2026-06-10 22:41:16,10,61,1.02
2026-06-10 22:41:16,114,33,0.55
2026-06-10 22:41:16,195,151,2.52
2026-06-10 22:41:16,186,56,0.93
2026-06-10 22:41:16,108,33,0.55
2026-06-10 22:41:16,66,55,0.92
2026-06-10 22:41:16,70,29,0.48
2026-06-10 22:41:16,131,21,0.35
2026-06-10 22:41:16,161,31,0.52
2026-06-10 22:41:16,197,78,1.3
2026-06-10 22:41:16,192,33,0.55
2026-06-10 22:41:16,24,52,0.87
2026-06-10 22:41:16,129,44,0.73
2026-06-10 22:41:16,128,22,0.37
2026-06-10 22:41:16,121,55,0.92
2026-06-10 22:41:16,124,60,1.0
2026-06-10 22:41:16,202,227,3.78
2026-06-10 22:41:16,64,102,1.7
2026-06-10 22:41:16,92,36,0.6
2026-06-10 22:41:16,205,206,3.43
2026-06-10 22:41:16,104,55,0.92
2026-06-10 22:42:17,48,21,0.35
2026-06-10 22:42:17,32,47,0.78
2026-06-10 22:42:17,43,55,0.92
2026-06-10 22:42:17,168,23,0.38
2026-06-10 22:42:17,129,149,2.48
2026-06-10 22:42:17,121,103,1.72
2026-06-10 22:42:17,131,80,1.33
2026-06-10 22:42:17,225,31,0.52
2026-06-10 22:42:17,215,264,4.4
2026-06-10 22:42:17,100,26,0.43
2026-06-10 22:42:17,470,47,0.78
2026-06-10 22:42:17,207,10,0.17
2026-06-10 22:42:17,777,300,5.0
2026-06-10 22:42:17,36,55,0.92
2026-06-10 22:42:17,150,54,0.9
2026-06-10 22:42:17,439,116,1.93
2026-06-10 22:42:17,44,54,0.9
2026-06-10 22:42:17,207,34,0.57
2026-06-10 22:42:17,121,26,0.43
2026-06-10 22:42:17,214,55,0.92
2026-06-10 22:42:17,193,43,0.72
2026-06-10 22:42:17,747,1310,21.83
2026-06-10 22:42:17,204,32,0.53
2026-06-10 22:42:17,192,33,0.55
2026-06-10 22:42:17,27,52,0.87
2026-06-10 22:42:17,172,60,1.0
2026-06-10 22:42:17,93,72,1.2
2026-06-10 22:42:17,37,78,1.3
2026-06-10 22:42:17,141,41,0.68
2026-06-10 22:42:17,195,143,2.38
2026-06-10 22:42:17,187,48,0.8
2026-06-10 22:42:17,10,61,1.02
2026-06-10 22:42:17,165,59,0.98
2026-06-10 22:42:17,108,47,0.78
2026-06-10 22:42:17,131,21,0.35
2026-06-10 22:42:17,193,63,1.05
2026-06-10 22:42:17,207,227,3.78
2026-06-10 22:42:17,11,55,0.92
2026-06-10 22:42:17,24,21,0.35
2026-06-10 22:42:17,68,77,1.28
2026-06-10 22:42:17,129,79,1.32
2026-06-10 22:42:17,161,184,3.07
2026-06-10 22:42:17,168,67,1.12
2026-06-10 22:42:17,24,52,0.87
2026-06-10 22:42:17,204,78,1.3
2026-06-10 22:42:17,66,46,0.77
2026-06-10 22:42:17,106,41,0.68
2026-06-10 22:42:17,55,47,0.78
2026-06-10 22:42:17,97,155,2.58
2026-06-10 22:42:17,10,61,1.02
2026-06-10 22:42:17,195,143,2.38
2026-06-10 22:42:17,54,43,0.72
2026-06-10 22:42:17,179,38,0.63
2026-06-10 22:42:17,747,900,15.0
2026-06-10 22:42:17,196,60,1.0
2026-06-10 22:42:17,196,89,1.48
2026-06-10 22:42:17,51,23,0.38
2026-06-10 22:42:17,198,109,1.82
2026-06-10 22:42:17,136,66,1.1
2026-06-10 22:42:17,192,33,0.55
2026-06-10 22:42:17,24,52,0.87
2026-06-10 22:42:17,144,49,0.82
2026-06-10 22:42:17,18,91,1.52
2026-06-10 22:42:17,113,46,0.77
2026-06-10 22:42:17,32,69,1.15
2026-06-10 22:42:17,218,48,0.8
2026-06-10 22:42:17,34,42,0.7
2026-06-10 22:42:17,203,96,1.6
2026-06-10 22:43:18,187,77,1.28
2026-06-10 22:43:18,215,109,1.82
2026-06-10 22:43:18,113,28,0.47
2026-06-10 22:43:18,128,39,0.65
2026-06-10 22:43:18,48,60,1.0
2026-06-10 22:43:18,139,28,0.47
2026-06-10 22:43:18,17,38,0.63
2026-06-10 22:43:18,61,57,0.95
2026-06-10 22:43:18,100,60,1.0
2026-06-10 22:43:18,86,23,0.38
2026-06-10 22:43:18,79,27,0.45
2026-06-10 22:43:18,208,63,1.05
2026-06-10 22:43:18,439,54,0.9
2026-06-10 22:43:18,125,61,1.02
2026-06-10 22:43:18,70,46,0.77
2026-06-10 22:43:18,777,121,2.02
2026-06-10 22:43:18,180,51,0.85
2026-06-10 22:43:18,79,27,0.45
2026-06-10 22:43:18,54,35,0.58
2026-06-10 22:43:18,18,35,0.58
2026-06-10 22:43:18,90,157,2.62
2026-06-10 22:43:18,189,24,0.4
2026-06-10 22:43:18,32,70,1.17
2026-06-10 22:43:18,33,51,0.85
2026-06-10 22:43:18,103,45,0.75
2026-06-10 22:43:18,66,76,1.27
2026-06-10 22:43:18,189,49,0.82
2026-06-10 22:43:18,70,240,4.0
2026-06-10 22:43:18,150,236,3.93
2026-06-10 22:43:18,124,60,1.0
2026-06-10 22:43:18,55,155,2.58
2026-06-10 22:43:18,43,19,0.32
2026-06-10 22:43:18,114,33,0.55
2026-06-10 22:43:18,211,60,1.0
2026-06-10 22:43:18,214,55,0.92
2026-06-10 22:43:18,93,111,1.85
2026-06-10 22:43:18,171,120,2.0
2026-06-10 22:43:18,79,60,1.0
2026-06-10 22:43:18,141,41,0.68
2026-06-10 22:43:18,177,35,0.58
2026-06-10 22:43:18,13,54,0.9
2026-06-10 22:43:18,93,72,1.2
2026-06-10 22:43:18,85,58,0.97
2026-06-10 22:43:18,97,155,2.58
2026-06-10 22:43:18,777,108,1.8
2026-06-10 22:43:18,162,27,0.45
2026-06-10 22:43:18,198,109,1.82
2026-06-10 22:43:18,18,181,3.02
2026-06-10 22:43:18,127,49,0.82
2026-06-10 22:43:18,208,71,1.18
2026-06-10 22:43:18,215,42,0.7
2026-06-10 22:43:18,165,59,0.98
2026-06-10 22:43:18,80,105,1.75
2026-06-10 22:43:18,97,31,0.52
2026-06-10 22:43:18,71,96,1.6
2026-06-10 22:43:18,34,71,1.18
2026-06-10 22:43:18,28,30,0.5
2026-06-10 22:43:18,218,96,1.6
2026-06-10 22:43:18,193,43,0.72
2026-06-10 22:43:18,209,79,1.32
2026-06-10 22:43:18,107,20,0.33
2026-06-10 22:43:18,186,56,0.93
2026-06-10 22:43:18,214,55,0.92
2026-06-10 22:43:18,160,50,0.83
2026-06-10 22:43:18,44,70,1.17
2026-06-10 22:43:18,138,55,0.92
2026-06-10 22:43:18,24,52,0.87
2026-06-10 22:43:18,64,102,1.7
2026-06-10 22:44:19,105,44,0.73
2026-06-10 22:44:19,215,90,1.5
2026-06-10 22:44:19,205,51,0.85
2026-06-10 22:44:19,94,15,0.25
2026-06-10 22:44:19,123,34,0.57
2026-06-10 22:44:19,100,82,1.37
2026-06-10 22:44:19,34,42,0.7
2026-06-10 22:44:19,55,118,1.97
2026-06-10 22:44:19,48,142,2.37
2026-06-10 22:44:19,95,19,0.32
2026-06-10 22:44:19,86,20,0.33
2026-06-10 22:44:19,121,57,0.95
2026-06-10 22:44:19,193,41,0.68
2026-06-10 22:44:19,777,70,1.17
2026-06-10 22:44:19,211,63,1.05
2026-06-10 22:44:19,439,125,2.08
2026-06-10 22:44:19,197,55,0.92
2026-06-10 22:44:19,128,59,0.98
2026-06-10 22:44:19,54,77,1.28
2026-06-10 22:44:19,33,67,1.12
2026-06-10 22:44:19,97,13,0.22
2026-06-10 22:44:19,121,26,0.43
2026-06-10 22:44:19,195,143,2.38
2026-06-10 22:44:19,67,23,0.38
2026-06-10 22:44:19,64,102,1.7
2026-06-10 22:44:19,171,25,0.42
2026-06-10 22:44:19,70,93,1.55
2026-06-10 22:44:19,197,45,0.75
2026-06-10 22:44:19,124,60,1.0
2026-06-10 22:44:19,186,56,0.93
2026-06-10 22:44:19,198,299,4.98
2026-06-10 22:44:19,747,1310,21.83
2026-06-10 22:44:19,165,59,0.98
2026-06-10 22:44:19,47,67,1.12
2026-06-10 22:44:19,95,67,1.12
2026-06-10 22:44:19,49,106,1.77
2026-06-10 22:44:19,150,59,0.98
2026-06-10 22:44:19,747,398,6.63
2026-06-10 22:44:19,187,48,0.8
2026-06-10 22:44:19,11,14,0.23
2026-06-10 22:44:19,49,60,1.0
2026-06-10 22:44:19,48,47,0.78
2026-06-10 22:44:19,97,31,0.52
2026-06-10 22:44:19,136,17,0.28
2026-06-10 22:44:19,18,68,1.13
2026-06-10 22:44:19,45,26,0.43
2026-06-10 22:44:19,215,42,0.7
2026-06-10 22:44:19,777,240,4.0
2026-06-10 22:44:19,202,74,1.23
2026-06-10 22:44:19,55,47,0.78
2026-06-10 22:44:19,97,31,0.52
2026-06-10 22:44:19,747,900,15.0
2026-06-10 22:44:19,97,155,2.58
2026-06-10 22:44:19,160,50,0.83
2026-06-10 22:44:19,100,34,0.57
2026-06-10 22:44:19,44,54,0.9
2026-06-10 22:44:19,160,50,0.83
2026-06-10 22:44:19,79,60,1.0
2026-06-10 22:44:19,211,60,1.0
2026-06-10 22:44:19,747,900,15.0
2026-06-10 22:44:19,37,92,1.53
2026-06-10 22:44:19,13,53,0.88
2026-06-10 22:44:19,64,70,1.17
2026-06-10 22:44:19,100,78,1.3
2026-06-10 22:44:19,18,181,3.02
2026-06-10 22:44:19,144,127,2.12
2026-06-10 22:44:19,208,71,1.18
2026-06-10 22:44:19,48,104,1.73
2026-06-10 22:44:19,212,92,1.53
2026-06-10 22:44:19,214,138,2.3
2026-06-10 22:44:19,202,227,3.78
2026-06-10 22:44:19,64,102,1.7
2026-06-10 22:44:19,218,48,0.8
2026-06-10 22:44:19,185,65,1.08
2026-06-10 22:45:20,79,28,0.47
2026-06-10 22:45:20,171,29,0.48
2026-06-10 22:45:20,107,36,0.6
2026-06-10 22:45:20,172,22,0.37
2026-06-10 22:45:20,218,129,2.15
2026-06-10 22:45:20,225,44,0.73
2026-06-10 22:45:20,177,35,0.58
2026-06-10 22:45:20,198,31,0.52
2026-06-10 22:45:20,67,43,0.72
2026-06-10 22:45:20,125,43,0.72
2026-06-10 22:45:20,202,74,1.23
2026-06-10 22:45:20,55,106,1.77
2026-06-10 22:45:20,172,48,0.8
2026-06-10 22:45:20,49,37,0.62
2026-06-10 22:45:20,198,54,0.9
2026-06-10 22:45:20,196,37,0.62
2026-06-10 22:45:20,197,46,0.77
2026-06-10 22:45:20,110,34,0.57
2026-06-10 22:45:20,32,63,1.05
2026-06-10 22:45:20,113,69,1.15
2026-06-10 22:45:20,411,109,1.82
2026-06-10 22:45:20,51,35,0.58
2026-06-10 22:45:20,212,21,0.35
2026-06-10 22:45:20,168,58,0.97
2026-06-10 22:45:20,129,38,0.63
2026-06-10 22:45:20,37,69,1.15
2026-06-10 22:45:20,74,37,0.62
2026-06-10 22:45:20,439,38,0.63
2026-06-10 22:45:20,34,71,1.18
2026-06-10 22:45:20,34,42,0.7
2026-06-10 22:45:20,128,22,0.37
2026-06-10 22:45:20,10,39,0.65
2026-06-10 22:45:20,48,47,0.78
2026-06-10 22:45:20,51,39,0.65
2026-06-10 22:45:20,74,83,1.38
2026-06-10 22:45:20,107,20,0.33
2026-06-10 22:45:20,43,19,0.32
2026-06-10 22:45:20,198,299,4.98
2026-06-10 22:45:20,54,43,0.72
2026-06-10 22:45:20,47,67,1.12
2026-06-10 22:45:20,49,106,1.77
2026-06-10 22:45:20,439,112,1.87
2026-06-10 22:45:20,747,900,15.0
2026-06-10 22:45:20,168,67,1.12
2026-06-10 22:45:20,215,42,0.7
2026-06-10 22:45:20,168,67,1.12
2026-06-10 22:45:20,214,138,2.3
2026-06-10 22:45:20,79,84,1.4
2026-06-10 22:45:20,164,19,0.32
2026-06-10 22:45:20,99,100,1.67
2026-06-10 22:45:20,80,105,1.75
2026-06-10 22:45:20,22,56,0.93
2026-06-10 22:45:20,95,67,1.12
2026-06-10 22:45:20,230,50,0.83
2026-06-10 22:45:20,105,44,0.73
2026-06-10 22:45:20,218,96,1.6
2026-06-10 22:45:20,18,68,1.13
2026-06-10 22:45:20,110,32,0.53
2026-06-10 22:45:20,37,92,1.53
2026-06-10 22:45:20,164,108,1.8
2026-06-10 22:45:20,70,29,0.48
2026-06-10 22:45:20,100,78,1.3
2026-06-10 22:45:20,208,71,1.18
2026-06-10 22:45:20,18,91,1.52
2026-06-10 22:45:20,113,71,1.18
2026-06-10 22:45:20,411,1020,17.0
2026-06-10 22:45:20,104,55,0.92
2026-06-10 22:46:21,33,70,1.17
2026-06-10 22:46:21,18,74,1.23
2026-06-10 22:46:21,196,38,0.63
2026-06-10 22:46:21,208,50,0.83
2026-06-10 22:46:21,61,88,1.47
2026-06-10 22:46:21,220,191,3.18
2026-06-10 22:46:21,207,162,2.7
2026-06-10 22:46:21,140,23,0.38
2026-06-10 22:46:21,215,55,0.92
2026-06-10 22:46:21,112,43,0.72
2026-06-10 22:46:21,79,25,0.42
2026-06-10 22:46:21,208,20,0.33
2026-06-10 22:46:21,55,65,1.08
2026-06-10 22:46:21,48,1,0.02
2026-06-10 22:46:21,128,28,0.47
2026-06-10 22:46:21,198,36,0.6
2026-06-10 22:46:21,18,91,1.52
2026-06-10 22:46:21,197,84,1.4
2026-06-10 22:46:21,207,33,0.55
2026-06-10 22:46:21,29,45,0.75
2026-06-10 22:46:21,139,62,1.03
2026-06-10 22:46:21,192,51,0.85
2026-06-10 22:46:21,468,51,0.85
2026-06-10 22:46:21,85,117,1.95
2026-06-10 22:46:21,202,60,1.0
2026-06-10 22:46:21,29,29,0.48
2026-06-10 22:46:21,17,26,0.43
2026-06-10 22:46:21,449,30,0.5
2026-06-10 22:46:21,112,28,0.47
2026-06-10 22:46:21,107,35,0.58
2026-06-10 22:46:21,68,77,1.28
2026-06-10 22:46:21,24,58,0.97
2026-06-10 22:46:21,121,40,0.67
2026-06-10 22:46:21,777,130,2.17
2026-06-10 22:46:21,57,59,0.98
2026-06-10 22:46:21,56,31,0.52
2026-06-10 22:46:21,44,70,1.17
2026-06-10 22:46:21,439,85,1.42
2026-06-10 22:46:21,747,1310,21.83
2026-06-10 22:46:21,198,31,0.52
2026-06-10 22:46:21,777,181,3.02
2026-06-10 22:46:21,777,240,4.0
2026-06-10 22:46:21,27,125,2.08
2026-06-10 22:46:21,183,29,0.48
2026-06-10 22:46:21,185,65,1.08
2026-06-10 22:46:21,177,15,0.25
2026-06-10 22:46:21,104,17,0.28
2026-06-10 22:46:21,10,39,0.65
2026-06-10 22:46:21,112,71,1.18
2026-06-10 22:46:21,104,55,0.92
2026-06-10 22:46:21,51,39,0.65
2026-06-10 22:46:21,103,87,1.45
2026-06-10 22:46:21,172,54,0.9
2026-06-10 22:46:21,165,37,0.62
2026-06-10 22:46:21,68,86,1.43
2026-06-10 22:46:21,121,26,0.43
2026-06-10 22:46:21,209,300,5.0
2026-06-10 22:46:21,108,33,0.55
2026-06-10 22:46:21,108,47,0.78
2026-06-10 22:46:21,44,70,1.17
2026-06-10 22:46:21,123,120,2.0
2026-06-10 22:46:21,747,158,2.63
2026-06-10 22:46:21,103,48,0.8
2026-06-10 22:46:21,24,21,0.35
2026-06-10 22:46:21,204,68,1.13
2026-06-10 22:46:21,171,120,2.0
2026-06-10 22:46:21,45,26,0.43
2026-06-10 22:46:21,165,37,0.62
2026-06-10 22:46:21,215,42,0.7
2026-06-10 22:46:21,202,74,1.23
2026-06-10 22:46:21,106,41,0.68
2026-06-10 22:46:21,99,100,1.67
2026-06-10 22:46:21,64,102,1.7
2026-06-10 22:46:21,57,57,0.95
2026-06-10 22:46:21,198,249,4.15
2026-06-10 22:46:21,27,46,0.77
2026-06-10 22:46:21,189,83,1.38
2026-06-10 22:46:21,174,26,0.43
2026-06-10 22:46:21,140,120,2.0
2026-06-10 22:46:21,110,32,0.53
2026-06-10 22:46:21,37,92,1.53
2026-06-10 22:46:21,37,29,0.48
2026-06-10 22:46:21,230,184,3.07
2026-06-10 22:46:21,166,41,0.68
2026-06-10 22:46:21,187,107,1.78
2026-06-10 22:46:21,24,52,0.87
2026-06-10 22:46:21,144,127,2.12
2026-06-10 22:46:21,411,1020,17.0
2026-06-10 22:46:21,439,81,1.35
2026-06-10 22:47:22,94,44,0.73
2026-06-10 22:47:22,10,47,0.78
2026-06-10 22:47:22,136,44,0.73
2026-06-10 22:47:22,207,24,0.4
2026-06-10 22:47:22,177,94,1.57
2026-06-10 22:47:22,38,52,0.87
2026-06-10 22:47:22,107,25,0.42
2026-06-10 22:47:22,205,78,1.3
2026-06-10 22:47:22,140,47,0.78
2026-06-10 22:47:22,67,86,1.43
2026-06-10 22:47:22,141,22,0.37
2026-06-10 22:47:22,198,31,0.52
2026-06-10 22:47:22,192,61,1.02
2026-06-10 22:47:22,170,26,0.43
2026-06-10 22:47:22,66,45,0.75
2026-06-10 22:47:22,99,33,0.55
2026-06-10 22:47:22,103,57,0.95
2026-06-10 22:47:22,105,44,0.73
2026-06-10 22:47:22,85,62,1.03
2026-06-10 22:47:22,747,1208,20.13
2026-06-10 22:47:22,18,38,0.63
2026-06-10 22:47:22,172,18,0.3
2026-06-10 22:47:22,138,34,0.57
2026-06-10 22:47:22,86,72,1.2
2026-06-10 22:47:22,69,79,1.32
2026-06-10 22:47:22,203,34,0.57
2026-06-10 22:47:22,48,33,0.55
2026-06-10 22:47:22,124,54,0.9
2026-06-10 22:47:22,168,105,1.75
2026-06-10 22:47:22,128,33,0.55
2026-06-10 22:47:22,113,77,1.28
2026-06-10 22:47:22,110,64,1.07
2026-06-10 22:47:22,68,77,1.28
2026-06-10 22:47:22,44,70,1.17
2026-06-10 22:47:22,496,127,2.12
2026-06-10 22:47:22,172,60,1.0
2026-06-10 22:47:22,48,47,0.78
2026-06-10 22:47:22,211,1020,17.0
2026-06-10 22:47:22,411,75,1.25
2026-06-10 22:47:22,209,79,1.32
2026-06-10 22:47:22,68,86,1.43
2026-06-10 22:47:22,166,41,0.68
2026-06-10 22:47:22,121,26,0.43
2026-06-10 22:47:22,47,67,1.12
2026-06-10 22:47:22,95,67,1.12
2026-06-10 22:47:22,32,57,0.95
2026-06-10 22:47:22,150,59,0.98
2026-06-10 22:47:22,141,41,0.68
2026-06-10 22:47:22,11,55,0.92
2026-06-10 22:47:22,56,86,1.43
2026-06-10 22:47:22,64,70,1.17
2026-06-10 22:47:22,108,47,0.78
2026-06-10 22:47:22,51,39,0.65
2026-06-10 22:47:22,48,47,0.78
2026-06-10 22:47:22,198,109,1.82
2026-06-10 22:47:22,141,41,0.68
2026-06-10 22:47:22,144,127,2.12
2026-06-10 22:47:22,171,120,2.0
2026-06-10 22:47:22,161,184,3.07
2026-06-10 22:47:22,215,42,0.7
2026-06-10 22:47:22,170,51,0.85
2026-06-10 22:47:22,747,158,2.63
2026-06-10 22:47:22,165,59,0.98
2026-06-10 22:47:22,99,100,1.67
2026-06-10 22:47:22,411,1020,17.0
2026-06-10 22:47:22,230,50,0.83
2026-06-10 22:47:22,193,43,0.72
2026-06-10 22:47:22,174,26,0.43
2026-06-10 22:47:22,47,99,1.65
2026-06-10 22:47:22,150,59,0.98
2026-06-10 22:47:22,162,86,1.43
2026-06-10 22:47:22,127,110,1.83
2026-06-10 22:47:22,208,71,1.18
2026-06-10 22:47:22,205,36,0.6
2026-06-10 22:47:22,212,92,1.53
2026-06-10 22:47:22,55,57,0.95
2026-06-10 22:47:22,67,42,0.7
2026-06-10 22:48:23,49,28,0.47
2026-06-10 22:48:23,141,20,0.33
2026-06-10 22:48:23,67,85,1.42
2026-06-10 22:48:23,55,22,0.37
2026-06-10 22:48:23,18,36,0.6
2026-06-10 22:48:23,93,35,0.58
2026-06-10 22:48:23,85,53,0.88
2026-06-10 22:48:23,44,75,1.25
2026-06-10 22:48:23,95,36,0.6
2026-06-10 22:48:23,112,55,0.92
2026-06-10 22:48:23,205,180,3.0
2026-06-10 22:48:23,49,61,1.02
2026-06-10 22:48:23,71,83,1.38
2026-06-10 22:48:23,94,73,1.22
2026-06-10 22:48:23,172,22,0.37
2026-06-10 22:48:23,57,67,1.12
2026-06-10 22:48:23,35,99,1.65
2026-06-10 22:48:23,171,19,0.32
2026-06-10 22:48:23,38,21,0.35
2026-06-10 22:48:23,107,37,0.62
2026-06-10 22:48:23,104,55,0.92
2026-06-10 22:48:23,28,70,1.17
2026-06-10 22:48:23,33,38,0.63
2026-06-10 22:48:23,66,46,0.77
2026-06-10 22:48:23,160,63,1.05
2026-06-10 22:48:23,104,55,0.92
2026-06-10 22:48:23,187,48,0.8
2026-06-10 22:48:23,189,29,0.48
2026-06-10 22:48:23,747,1310,21.83
2026-06-10 22:48:23,218,96,1.6
2026-06-10 22:48:23,138,65,1.08
2026-06-10 22:48:23,112,71,1.18
2026-06-10 22:48:23,51,39,0.65
2026-06-10 22:48:23,54,32,0.53
2026-06-10 22:48:23,47,99,1.65
2026-06-10 22:48:23,93,72,1.2
2026-06-10 22:48:23,215,126,2.1
2026-06-10 22:48:23,10,61,1.02
2026-06-10 22:48:23,189,83,1.38
2026-06-10 22:48:23,48,47,0.78
2026-06-10 22:48:23,180,115,1.92
2026-06-10 22:48:23,38,64,1.07
2026-06-10 22:48:23,208,186,3.1
2026-06-10 22:48:23,127,110,1.83
2026-06-10 22:48:23,127,49,0.82
2026-06-10 22:48:23,18,68,1.13
2026-06-10 22:48:23,112,45,0.75
2026-06-10 22:48:23,777,240,4.0
2026-06-10 22:48:23,74,43,0.72
2026-06-10 22:48:23,212,92,1.53
2026-06-10 22:48:23,55,155,2.58
2026-06-10 22:48:23,10,61,1.02
2026-06-10 22:48:23,187,48,0.8
2026-06-10 22:48:23,203,96,1.6
2026-06-10 22:48:23,100,78,1.3
2026-06-10 22:48:23,94,48,0.8
2026-06-10 22:48:23,189,49,0.82
2026-06-10 22:48:23,141,49,0.82
2026-06-10 22:48:23,439,112,1.87
2026-06-10 22:48:23,51,23,0.38
2026-06-10 22:48:23,215,126,2.1
2026-06-10 22:48:23,208,186,3.1
2026-06-10 22:49:24,28,50,0.83
2026-06-10 22:49:24,68,42,0.7
2026-06-10 22:49:24,80,105,1.75
2026-06-10 22:49:24,207,92,1.53
2026-06-10 22:49:24,86,19,0.32
2026-06-10 22:49:24,56,60,1.0
2026-06-10 22:49:24,164,43,0.72
2026-06-10 22:49:24,172,15,0.25
2026-06-10 22:49:24,141,16,0.27
2026-06-10 22:49:24,69,99,1.65
2026-06-10 22:49:24,124,24,0.4
2026-06-10 22:49:24,49,63,1.05
2026-06-10 22:49:24,86,33,0.55
2026-06-10 22:49:24,777,80,1.33
2026-06-10 22:49:24,79,17,0.28
2026-06-10 22:49:24,136,17,0.28
2026-06-10 22:49:24,140,120,2.0
2026-06-10 22:49:24,204,39,0.65
2026-06-10 22:49:24,185,70,1.17
2026-06-10 22:49:24,54,161,2.68
2026-06-10 22:49:24,166,32,0.53
2026-06-10 22:49:24,196,60,1.0
2026-06-10 22:49:24,47,86,1.43
2026-06-10 22:49:24,48,26,0.43
2026-06-10 22:49:24,90,75,1.25
2026-06-10 22:49:24,206,35,0.58
2026-06-10 22:49:24,104,17,0.28
2026-06-10 22:49:24,94,48,0.8
2026-06-10 22:49:24,218,96,1.6
2026-06-10 22:49:24,45,88,1.47
2026-06-10 22:49:24,27,125,2.08
2026-06-10 22:49:24,204,78,1.3
2026-06-10 22:49:24,54,32,0.53
2026-06-10 22:49:24,55,155,2.58
2026-06-10 22:49:24,68,86,1.43
2026-06-10 22:49:24,164,108,1.8
2026-06-10 22:49:24,32,57,0.95
2026-06-10 22:49:24,125,137,2.28
2026-06-10 22:49:24,31,54,0.9
2026-06-10 22:49:24,179,38,0.63
2026-06-10 22:49:24,170,51,0.85
2026-06-10 22:49:24,439,112,1.87
2026-06-10 22:49:24,51,23,0.38
2026-06-10 22:49:24,189,83,1.38
2026-06-10 22:49:24,211,1020,17.0
2026-06-10 22:49:24,64,70,1.17
2026-06-10 22:49:24,51,39,0.65
2026-06-10 22:49:24,103,48,0.8
2026-06-10 22:49:24,208,186,3.1
2026-06-10 22:49:24,11,55,0.92
2026-06-10 22:49:24,61,145,2.42
2026-06-10 22:49:24,121,55,0.92
2026-06-10 22:49:24,168,52,0.87
2026-06-10 22:49:24,24,52,0.87
2026-06-10 22:49:24,11,14,0.23
2026-06-10 22:49:24,747,900,15.0
2026-06-10 22:49:24,36,83,1.38
2026-06-10 22:49:24,64,102,1.7
2026-06-10 22:49:24,80,105,1.75
2026-06-10 22:49:24,218,48,0.8
2026-06-10 22:49:24,71,96,1.6
2026-06-10 22:49:24,198,249,4.15
2026-06-10 22:49:24,777,240,4.0
2026-06-10 22:49:24,205,206,3.43
2026-06-10 22:49:24,170,40,0.67
2026-06-10 22:49:24,195,151,2.52
2026-06-10 22:49:24,193,43,0.72
2026-06-10 22:49:24,747,900,15.0
2026-06-10 22:49:24,107,20,0.33
2026-06-10 22:49:24,186,56,0.93
2026-06-10 22:49:24,49,106,1.77
2026-06-10 22:49:24,37,92,1.53
2026-06-10 22:49:24,164,108,1.8
2026-06-10 22:49:24,230,184,3.07
2026-06-10 22:49:24,103,64,1.07
2026-06-10 22:49:24,61,145,2.42
2026-06-10 22:49:24,51,39,0.65
2026-06-10 22:49:24,56,53,0.88
2026-06-10 22:49:24,22,68,1.13
2026-06-10 22:49:24,205,36,0.6
2026-06-10 22:49:24,67,42,0.7
2026-06-10 22:49:24,64,102,1.7
2026-06-10 22:50:26,80,70,1.17
2026-06-10 22:50:26,141,69,1.15
2026-06-10 22:50:26,214,138,2.3
2026-06-10 22:50:26,49,81,1.35
2026-06-10 22:50:26,439,37,0.62
2026-06-10 22:50:26,13,29,0.48
2026-06-10 22:50:26,205,16,0.27
2026-06-10 22:50:26,192,38,0.63
2026-06-10 22:50:26,198,30,0.5
2026-06-10 22:50:26,106,28,0.47
2026-06-10 22:50:26,12,33,0.55
2026-06-10 22:50:26,141,33,0.55
2026-06-10 22:50:26,74,31,0.52
2026-06-10 22:50:26,28,45,0.75
2026-06-10 22:50:26,136,66,1.1
2026-06-10 22:50:26,202,78,1.3
2026-06-10 22:50:26,86,23,0.38
2026-06-10 22:50:26,203,35,0.58
2026-06-10 22:50:26,48,37,0.62
2026-06-10 22:50:26,10,54,0.9
2026-06-10 22:50:26,162,63,1.05
2026-06-10 22:50:26,202,42,0.7
2026-06-10 22:50:26,22,36,0.6
2026-06-10 22:50:26,179,80,1.33
2026-06-10 22:50:26,202,227,3.78
2026-06-10 22:50:26,86,46,0.77
2026-06-10 22:50:26,138,27,0.45
2026-06-10 22:50:26,104,55,0.92
2026-06-10 22:50:26,24,72,1.2
2026-06-10 22:50:26,64,102,1.7
2026-06-10 22:50:26,208,71,1.18
2026-06-10 22:50:26,161,31,0.52
2026-06-10 22:50:26,104,21,0.35
2026-06-10 22:50:26,209,300,5.0
2026-06-10 22:50:26,138,17,0.28
2026-06-10 22:50:26,195,151,2.52
2026-06-10 22:50:26,69,54,0.9
2026-06-10 22:50:26,211,1020,17.0
2026-06-10 22:50:26,110,32,0.53
2026-06-10 22:50:26,411,164,2.73
2026-06-10 22:50:26,67,55,0.92
2026-06-10 22:50:26,189,83,1.38
2026-06-10 22:50:26,10,39,0.65
2026-06-10 22:50:26,56,86,1.43
2026-06-10 22:50:26,100,78,1.3
2026-06-10 22:50:26,123,120,2.0
2026-06-10 22:50:26,747,158,2.63
2026-06-10 22:50:26,124,60,1.0
2026-06-10 22:50:26,97,31,0.52
2026-06-10 22:50:26,170,40,0.67
2026-06-10 22:50:26,127,49,0.82
2026-06-10 22:50:26,128,60,1.0
2026-06-10 22:50:26,202,227,3.78
2026-06-10 22:50:26,218,48,0.8
2026-06-10 22:50:26,71,96,1.6
2026-06-10 22:50:26,10,61,1.02
2026-06-10 22:50:26,48,104,1.73
2026-06-10 22:50:26,107,20,0.33
2026-06-10 22:50:26,18,68,1.13
2026-06-10 22:50:26,61,37,0.62
2026-06-10 22:50:26,220,47,0.78
2026-06-10 22:50:26,192,33,0.55
2026-06-10 22:50:26,100,78,1.3
2026-06-10 22:50:26,18,181,3.02
2026-06-10 22:50:26,128,60,1.0
2026-06-10 22:50:26,129,61,1.02
2026-06-10 22:50:26,121,55,0.92
2026-06-10 22:50:26,212,92,1.53
2026-06-10 22:51:26,198,41,0.68
2026-06-10 22:51:26,439,173,2.88
2026-06-10 22:51:26,80,56,0.93
2026-06-10 22:51:26,128,39,0.65
2026-06-10 22:51:26,56,90,1.5
2026-06-10 22:51:26,48,41,0.68
2026-06-10 22:51:26,162,20,0.33
2026-06-10 22:51:26,55,22,0.37
2026-06-10 22:51:26,110,39,0.65
2026-06-10 22:51:26,150,90,1.5
2026-06-10 22:51:26,171,29,0.48
2026-06-10 22:51:26,187,23,0.38
2026-06-10 22:51:26,95,46,0.77
2026-06-10 22:51:26,150,26,0.43
2026-06-10 22:51:26,177,29,0.48
2026-06-10 22:51:26,172,41,0.68
2026-06-10 22:51:26,209,56,0.93
2026-06-10 22:51:26,32,55,0.92
2026-06-10 22:51:26,203,25,0.42
2026-06-10 22:51:26,35,45,0.75
2026-06-10 22:51:26,125,49,0.82
2026-06-10 22:51:26,209,20,0.33
2026-06-10 22:51:26,107,32,0.53
2026-06-10 22:51:26,189,25,0.42
2026-06-10 22:51:26,24,53,0.88
2026-06-10 22:51:26,214,138,2.3
2026-06-10 22:51:26,51,23,0.38
2026-06-10 22:51:26,67,42,0.7
2026-06-10 22:51:26,136,17,0.28
2026-06-10 22:51:26,97,155,2.58
2026-06-10 22:51:26,439,155,2.58
2026-06-10 22:51:26,48,118,1.97
2026-06-10 22:51:26,211,102,1.7
2026-06-10 22:51:26,64,70,1.17
2026-06-10 22:51:26,94,45,0.75
2026-06-10 22:51:26,10,56,0.93
2026-06-10 22:51:26,187,107,1.78
2026-06-10 22:51:26,11,55,0.92
2026-06-10 22:51:26,496,84,1.4
2026-06-10 22:51:26,105,44,0.73
2026-06-10 22:51:26,180,84,1.4
2026-06-10 22:51:26,747,158,2.63
2026-06-10 22:51:26,203,96,1.6
2026-06-10 22:51:26,198,109,1.82
2026-06-10 22:51:26,86,35,0.58
2026-06-10 22:51:26,411,164,2.73
2026-06-10 22:51:26,47,99,1.65
2026-06-10 22:51:26,179,19,0.32
2026-06-10 22:51:26,80,40,0.67
2026-06-10 22:51:26,90,75,1.25
2026-06-10 22:51:26,103,48,0.8
2026-06-10 22:51:26,45,26,0.43
2026-06-10 22:51:26,123,18,0.3
2026-06-10 22:51:26,214,138,2.3
2026-06-10 22:51:26,17,78,1.3
2026-06-10 22:51:26,138,21,0.35
2026-06-10 22:51:26,100,78,1.3
2026-06-10 22:51:26,189,83,1.38
2026-06-10 22:51:26,94,48,0.8
2026-06-10 22:51:26,189,49,0.82
2026-06-10 22:51:26,92,259,4.32
2026-06-10 22:51:26,174,26,0.43
2026-06-10 22:51:26,69,54,0.9
2026-06-10 22:51:26,186,56,0.93
2026-06-10 22:51:26,179,19,0.32
2026-06-10 22:51:26,141,49,0.82
2026-06-10 22:51:26,208,186,3.1
2026-06-10 22:51:26,139,91,1.52
2026-06-10 22:51:26,220,47,0.78
2026-06-10 22:52:27,45,63,1.05
2026-06-10 22:52:27,106,17,0.28
2026-06-10 22:52:27,138,45,0.75
2026-06-10 22:52:27,34,33,0.55
2026-06-10 22:52:27,138,46,0.77
2026-06-10 22:52:27,195,8,0.13
2026-06-10 22:52:27,198,58,0.97
2026-06-10 22:52:27,160,55,0.92
2026-06-10 22:52:27,177,88,1.47
2026-06-10 22:52:27,29,71,1.18
2026-06-10 22:52:27,103,44,0.73
2026-06-10 22:52:27,186,53,0.88
2026-06-10 22:52:27,86,57,0.95
2026-06-10 22:52:27,124,60,1.0
2026-06-10 22:52:27,136,66,1.1
2026-06-10 22:52:27,411,164,2.73
2026-06-10 22:52:27,107,41,0.68
2026-06-10 22:52:27,202,35,0.58
2026-06-10 22:52:27,209,14,0.23
2026-06-10 22:52:27,27,46,0.77
2026-06-10 22:52:27,166,41,0.68
2026-06-10 22:52:27,218,48,0.8
2026-06-10 22:52:27,55,30,0.5
2026-06-10 22:52:27,86,34,0.57
2026-06-10 22:52:27,69,67,1.12
2026-06-10 22:52:27,208,71,1.18
2026-06-10 22:52:27,80,105,1.75
2026-06-10 22:52:27,140,120,2.0
2026-06-10 22:52:27,196,89,1.48
2026-06-10 22:52:27,105,99,1.65
2026-06-10 22:52:27,180,78,1.3
2026-06-10 22:52:27,68,77,1.28
2026-06-10 22:52:27,203,96,1.6
2026-06-10 22:52:27,204,78,1.3
2026-06-10 22:52:27,51,39,0.65
2026-06-10 22:52:27,411,75,1.25
2026-06-10 22:52:27,110,32,0.53
2026-06-10 22:52:27,197,45,0.75
2026-06-10 22:52:27,54,43,0.72
2026-06-10 22:52:27,211,60,1.0
2026-06-10 22:52:27,121,26,0.43
2026-06-10 22:52:27,230,184,3.07
2026-06-10 22:52:27,108,33,0.55
2026-06-10 22:52:27,170,51,0.85
2026-06-10 22:52:27,36,114,1.9
2026-06-10 22:52:27,10,39,0.65
2026-06-10 22:52:27,28,20,0.33
2026-06-10 22:52:27,13,53,0.88
2026-06-10 22:52:27,108,47,0.78
2026-06-10 22:52:27,38,64,1.07
2026-06-10 22:52:27,747,158,2.63
2026-06-10 22:52:27,141,41,0.68
2026-06-10 22:52:27,103,48,0.8
2026-06-10 22:52:27,207,227,3.78
2026-06-10 22:52:27,18,181,3.02
2026-06-10 22:52:27,177,15,0.25
2026-06-10 22:52:27,56,53,0.88
2026-06-10 22:52:27,113,71,1.18
2026-06-10 22:52:27,164,19,0.32
2026-06-10 22:52:27,165,59,0.98
2026-06-10 22:52:27,55,47,0.78
2026-06-10 22:52:27,99,100,1.67
2026-06-10 22:52:27,777,240,4.0
2026-06-10 22:52:27,138,21,0.35
2026-06-10 22:52:27,230,50,0.83
2026-06-10 22:52:27,195,151,2.52
2026-06-10 22:52:27,166,60,1.0
2026-06-10 22:52:27,93,111,1.85
2026-06-10 22:52:27,211,60,1.0
2026-06-10 22:52:27,13,53,0.88
2026-06-10 22:52:27,215,126,2.1
2026-06-10 22:52:27,70,29,0.48
2026-06-10 22:52:27,185,53,0.88
2026-06-10 22:52:27,192,33,0.55
2026-06-10 22:52:27,127,110,1.83
2026-06-10 22:52:27,55,57,0.95
2026-06-10 22:53:29,112,60,1.0
2026-06-10 22:53:29,215,53,0.88
2026-06-10 22:53:29,496,84,1.4
2026-06-10 22:53:29,113,36,0.6
2026-06-10 22:53:29,49,23,0.38
2026-06-10 22:53:29,202,25,0.42
2026-06-10 22:53:29,18,55,0.92
2026-06-10 22:53:29,92,48,0.8
2026-06-10 22:53:29,439,116,1.93
2026-06-10 22:53:29,105,40,0.67
2026-06-10 22:53:29,187,47,0.78
2026-06-10 22:53:29,168,63,1.05
2026-06-10 22:53:29,197,48,0.8
2026-06-10 22:53:29,138,43,0.72
2026-06-10 22:53:29,496,109,1.82
2026-06-10 22:53:29,141,44,0.73
2026-06-10 22:53:29,211,78,1.3
2026-06-10 22:53:29,67,42,0.7
2026-06-10 22:53:29,211,120,2.0
2026-06-10 22:53:29,186,26,0.43
2026-06-10 22:53:29,47,33,0.55
2026-06-10 22:53:29,10,51,0.85
2026-06-10 22:53:29,35,25,0.42
2026-06-10 22:53:29,439,93,1.55
2026-06-10 22:53:29,33,40,0.67
2026-06-10 22:53:29,56,108,1.8
2026-06-10 22:53:29,196,35,0.58
2026-06-10 22:53:29,124,51,0.85
2026-06-10 22:53:29,44,120,2.0
2026-06-10 22:53:29,747,1260,21.0
2026-06-10 22:53:29,10,41,0.68
2026-06-10 22:53:29,170,116,1.93
2026-06-10 22:53:29,166,41,0.68
2026-06-10 22:53:29,11,55,0.92
2026-06-10 22:53:29,105,44,0.73
2026-06-10 22:53:29,29,45,0.75
2026-06-10 22:53:29,193,43,0.72
2026-06-10 22:53:29,204,78,1.3
2026-06-10 22:53:29,10,39,0.65
2026-06-10 22:53:29,112,71,1.18
2026-06-10 22:53:29,747,900,15.0
2026-06-10 22:53:29,85,43,0.72
2026-06-10 22:53:29,172,60,1.0
2026-06-10 22:53:29,79,60,1.0
2026-06-10 22:53:29,170,51,0.85
2026-06-10 22:53:29,11,14,0.23
2026-06-10 22:53:29,27,46,0.77
2026-06-10 22:53:29,496,857,14.28
2026-06-10 22:53:29,56,86,1.43
2026-06-10 22:53:29,97,54,0.9
2026-06-10 22:53:29,198,109,1.82
2026-06-10 22:53:29,168,67,1.12
2026-06-10 22:53:29,66,46,0.77
2026-06-10 22:53:29,223,175,2.92
2026-06-10 22:53:29,177,15,0.25
2026-06-10 22:53:29,161,23,0.38
2026-06-10 22:53:29,32,69,1.15
2026-06-10 22:53:29,218,48,0.8
2026-06-10 22:53:29,71,96,1.6
2026-06-10 22:53:29,439,81,1.35
2026-06-10 22:53:29,195,151,2.52
2026-06-10 22:53:29,166,60,1.0
2026-06-10 22:53:29,105,44,0.73
2026-06-10 22:53:29,70,240,4.0
2026-06-10 22:53:29,13,53,0.88
2026-06-10 22:53:29,123,120,2.0
2026-06-10 22:53:29,144,127,2.12
2026-06-10 22:54:29,141,98,1.63
2026-06-10 22:54:29,140,52,0.87
2026-06-10 22:54:29,161,54,0.9
2026-06-10 22:54:29,123,158,2.63
2026-06-10 22:54:29,202,38,0.63
2026-06-10 22:54:29,17,80,1.33
2026-06-10 22:54:29,51,41,0.68
2026-06-10 22:54:29,99,48,0.8
2026-06-10 22:54:29,55,43,0.72
2026-06-10 22:54:29,230,80,1.33
2026-06-10 22:54:29,211,116,1.93
2026-06-10 22:54:29,195,39,0.65
2026-06-10 22:54:29,38,126,2.1
2026-06-10 22:54:29,171,74,1.23
2026-06-10 22:54:29,51,38,0.63
2026-06-10 22:54:29,202,27,0.45
2026-06-10 22:54:29,67,56,0.93
2026-06-10 22:54:29,68,70,1.17
2026-06-10 22:54:29,168,40,0.67
2026-06-10 22:54:29,105,34,0.57
2026-06-10 22:54:29,166,60,1.0
2026-06-10 22:54:29,69,30,0.5
2026-06-10 22:54:29,202,26,0.43
2026-06-10 22:54:29,32,63,1.05
2026-06-10 22:54:29,18,55,0.92
2026-06-10 22:54:29,189,31,0.52
2026-06-10 22:54:29,51,23,0.38
2026-06-10 22:54:29,468,54,0.9
2026-06-10 22:54:29,49,162,2.7
2026-06-10 22:54:29,32,7,0.12
2026-06-10 22:54:29,55,155,2.58
2026-06-10 22:54:29,85,58,0.97
2026-06-10 22:54:29,44,54,0.9
2026-06-10 22:54:29,202,227,3.78
2026-06-10 22:54:29,104,17,0.28
2026-06-10 22:54:29,439,81,1.35
2026-06-10 22:54:29,104,21,0.35
2026-06-10 22:54:29,131,80,1.33
2026-06-10 22:54:29,11,55,0.92
2026-06-10 22:54:29,29,45,0.75
2026-06-10 22:54:29,198,109,1.82
2026-06-10 22:54:29,110,134,2.23
2026-06-10 22:54:29,74,83,1.38
2026-06-10 22:54:29,174,26,0.43
2026-06-10 22:54:29,121,26,0.43
2026-06-10 22:54:29,43,59,0.98
2026-06-10 22:54:29,164,108,1.8
2026-06-10 22:54:29,67,55,0.92
2026-06-10 22:54:29,70,29,0.48
2026-06-10 22:54:29,177,35,0.58
2026-06-10 22:54:29,56,86,1.43
2026-06-10 22:54:29,13,53,0.88
2026-06-10 22:54:29,108,47,0.78
2026-06-10 22:54:29,162,27,0.45
2026-06-10 22:54:29,48,47,0.78
2026-06-10 22:54:29,12,47,0.78
2026-06-10 22:54:29,61,37,0.62
2026-06-10 22:54:29,86,33,0.55
2026-06-10 22:54:29,144,49,0.82
2026-06-10 22:54:29,18,181,3.02
2026-06-10 22:54:29,215,42,0.7
2026-06-10 22:54:29,90,16,0.27
2026-06-10 22:54:29,103,87,1.45
2026-06-10 22:54:29,202,227,3.78
2026-06-10 22:54:29,57,57,0.95
2026-06-10 22:54:29,205,206,3.43
2026-06-10 22:54:29,138,21,0.35
2026-06-10 22:54:29,203,96,1.6
2026-06-10 22:54:29,204,78,1.3
2026-06-10 22:54:29,195,143,2.38
2026-06-10 22:54:29,70,29,0.48
2026-06-10 22:54:29,123,120,2.0
2026-06-10 22:55:30,90,63,1.05
2026-06-10 22:55:30,49,43,0.72
2026-06-10 22:55:30,69,101,1.68
2026-06-10 22:55:30,114,30,0.5
2026-06-10 22:55:30,35,76,1.27
2026-06-10 22:55:30,207,44,0.73
2026-06-10 22:55:30,165,37,0.62
2026-06-10 22:55:30,138,41,0.68
2026-06-10 22:55:30,35,53,0.88
2026-06-10 22:55:30,140,20,0.33
2026-06-10 22:55:30,107,53,0.88
2026-06-10 22:55:30,128,41,0.68
2026-06-10 22:55:30,48,62,1.03
2026-06-10 22:55:30,10,39,0.65
2026-06-10 22:55:30,32,57,0.95
2026-06-10 22:55:30,180,146,2.43
2026-06-10 22:55:30,168,55,0.92
2026-06-10 22:55:30,187,34,0.57
2026-06-10 22:55:30,79,40,0.67
2026-06-10 22:55:30,206,105,1.75
2026-06-10 22:55:30,140,49,0.82
2026-06-10 22:55:30,37,21,0.35
2026-06-10 22:55:30,38,180,3.0
2026-06-10 22:55:30,197,78,1.3
2026-06-10 22:55:30,777,240,4.0
2026-06-10 22:55:30,198,63,1.05
2026-06-10 22:55:30,66,26,0.43
2026-06-10 22:55:30,139,36,0.6
2026-06-10 22:55:30,105,198,3.3
2026-06-10 22:55:30,103,87,1.45
2026-06-10 22:55:30,86,33,0.55
2026-06-10 22:55:30,124,60,1.0
2026-06-10 22:55:30,48,47,0.78
2026-06-10 22:55:30,198,249,4.15
2026-06-10 22:55:30,136,66,1.1
2026-06-10 22:55:30,218,48,0.8
2026-06-10 22:55:30,104,21,0.35
2026-06-10 22:55:30,114,33,0.55
2026-06-10 22:55:30,187,107,1.78
2026-06-10 22:55:30,24,52,0.87
2026-06-10 22:55:30,90,75,1.25
2026-06-10 22:55:30,105,44,0.73
2026-06-10 22:55:30,747,158,2.63
2026-06-10 22:55:30,10,39,0.65
2026-06-10 22:55:30,51,39,0.65
2026-06-10 22:55:30,44,54,0.9
2026-06-10 22:55:30,172,54,0.9
2026-06-10 22:55:30,108,33,0.55
2026-06-10 22:55:30,177,35,0.58
2026-06-10 22:55:30,203,269,4.48
2026-06-10 22:55:30,48,104,1.73
2026-06-10 22:55:30,18,181,3.02
2026-06-10 22:55:30,18,68,1.13
2026-06-10 22:55:30,121,55,0.92
2026-06-10 22:55:30,161,23,0.38
2026-06-10 22:55:30,55,155,2.58
2026-06-10 22:55:30,205,206,3.43
2026-06-10 22:55:30,95,67,1.12
2026-06-10 22:55:30,230,50,0.83
2026-06-10 22:55:30,195,143,2.38
2026-06-10 22:55:30,67,42,0.7
2026-06-10 22:55:30,69,54,0.9
2026-06-10 22:55:30,85,43,0.72
2026-06-10 22:55:30,206,215,3.58
2026-06-10 22:55:30,13,53,0.88
2026-06-10 22:55:30,38,360,6.0
2026-06-10 22:56:31,193,42,0.7
2026-06-10 22:56:31,71,41,0.68
2026-06-10 22:56:31,51,57,0.95
2026-06-10 22:56:31,28,159,2.65
2026-06-10 22:56:31,70,120,2.0
2026-06-10 22:56:31,165,71,1.18
2026-06-10 22:56:31,49,30,0.5
2026-06-10 22:56:31,123,71,1.18
2026-06-10 22:56:31,100,59,0.98
2026-06-10 22:56:31,195,33,0.55
2026-06-10 22:56:31,57,60,1.0
2026-06-10 22:56:31,496,79,1.32
2026-06-10 22:56:31,105,88,1.47
2026-06-10 22:56:31,131,52,0.87
2026-06-10 22:56:31,160,111,1.85
2026-06-10 22:56:31,125,71,1.18
2026-06-10 22:56:31,215,126,2.1
2026-06-10 22:56:31,113,118,1.97
2026-06-10 22:56:31,79,32,0.53
2026-06-10 22:56:31,37,72,1.2
2026-06-10 22:56:31,161,57,0.95
2026-06-10 22:56:31,48,133,2.22
2026-06-10 22:56:31,64,33,0.55
2026-06-10 22:56:31,55,86,1.43
2026-06-10 22:56:31,92,27,0.45
2026-06-10 22:56:31,67,36,0.6
2026-06-10 22:56:31,37,13,0.22
2026-06-10 22:56:31,100,16,0.27
2026-06-10 22:56:31,187,48,0.8
2026-06-10 22:56:31,777,240,4.0
2026-06-10 22:56:31,45,26,0.43
2026-06-10 22:56:31,93,111,1.85
2026-06-10 22:56:31,67,58,0.97
2026-06-10 22:56:31,36,114,1.9
2026-06-10 22:56:31,747,158,2.63
2026-06-10 22:56:31,54,32,0.53
2026-06-10 22:56:31,92,36,0.6
2026-06-10 22:56:31,131,21,0.35
2026-06-10 22:56:31,11,55,0.92
2026-06-10 22:56:31,150,236,3.93
2026-06-10 22:56:31,189,49,0.82
2026-06-10 22:56:31,202,74,1.23
2026-06-10 22:56:31,27,125,2.08
2026-06-10 22:56:31,10,39,0.65
2026-06-10 22:56:31,174,26,0.43
2026-06-10 22:56:31,172,54,0.9
2026-06-10 22:56:31,44,54,0.9
2026-06-10 22:56:31,95,67,1.12
2026-06-10 22:56:31,27,46,0.77
2026-06-10 22:56:31,90,16,0.27
2026-06-10 22:56:31,124,60,1.0
2026-06-10 22:56:31,18,181,3.02
2026-06-10 22:56:31,128,60,1.0
2026-06-10 22:56:31,168,67,1.12
2026-06-10 22:56:31,34,42,0.7
2026-06-10 22:56:31,49,60,1.0
2026-06-10 22:56:31,195,151,2.52
2026-06-10 22:56:31,203,96,1.6
2026-06-10 22:56:31,174,26,0.43
2026-06-10 22:56:31,47,99,1.65
2026-06-10 22:56:31,211,60,1.0
2026-06-10 22:56:31,66,55,0.92
2026-06-10 22:56:31,37,29,0.48
2026-06-10 22:56:31,13,53,0.88
2026-06-10 22:56:31,127,110,1.83
2026-06-10 22:56:31,121,55,0.92
2026-06-10 22:57:32,45,44,0.73
2026-06-10 22:57:32,211,18,0.3
2026-06-10 22:57:32,110,20,0.33
2026-06-10 22:57:32,13,116,1.93
2026-06-10 22:57:32,69,56,0.93
2026-06-10 22:57:32,90,16,0.27
2026-06-10 22:57:32,136,70,1.17
2026-06-10 22:57:32,160,41,0.68
2026-06-10 22:57:32,215,128,2.13
2026-06-10 22:57:32,10,63,1.05
2026-06-10 22:57:32,121,55,0.92
2026-06-10 22:57:32,496,36,0.6
2026-06-10 22:57:32,69,29,0.48
2026-06-10 22:57:32,204,41,0.68
2026-06-10 22:57:32,411,46,0.77
2026-06-10 22:57:32,34,49,0.82
2026-06-10 22:57:32,205,96,1.6
2026-06-10 22:57:32,105,35,0.58
2026-06-10 22:57:32,220,15,0.25
2026-06-10 22:57:32,411,164,2.73
2026-06-10 22:57:32,150,31,0.52
2026-06-10 22:57:32,79,60,1.0
2026-06-10 22:57:32,104,55,0.92
2026-06-10 22:57:32,45,26,0.43
2026-06-10 22:57:32,180,146,2.43
2026-06-10 22:57:32,107,20,0.33
2026-06-10 22:57:32,11,14,0.23
2026-06-10 22:57:32,196,60,1.0
2026-06-10 22:57:32,747,158,2.63
2026-06-10 22:57:32,105,94,1.57
2026-06-10 22:57:32,205,206,3.43
2026-06-10 22:57:32,34,71,1.18
2026-06-10 22:57:32,112,71,1.18
2026-06-10 22:57:32,411,75,1.25
2026-06-10 22:57:32,121,26,0.43
2026-06-10 22:57:32,47,99,1.65
2026-06-10 22:57:32,125,137,2.28
2026-06-10 22:57:32,108,33,0.55
2026-06-10 22:57:32,27,46,0.77
2026-06-10 22:57:32,208,186,3.1
2026-06-10 22:57:32,112,45,0.75
2026-06-10 22:57:32,105,118,1.97
2026-06-10 22:57:32,202,74,1.23
2026-06-10 22:57:32,113,46,0.77
2026-06-10 22:57:32,164,19,0.32
2026-06-10 22:57:32,204,78,1.3
2026-06-10 22:57:32,47,99,1.65
2026-06-10 22:57:32,179,19,0.32
2026-06-10 22:58:33,10,49,0.82
2026-06-10 22:58:33,127,110,1.83
2026-06-10 22:58:33,97,109,1.82
2026-06-10 22:58:33,186,35,0.58
2026-06-10 22:58:33,68,83,1.38
2026-06-10 22:58:33,17,22,0.37
2026-06-10 22:58:33,230,199,3.32
2026-06-10 22:58:33,150,19,0.32
2026-06-10 22:58:33,131,39,0.65
2026-06-10 22:58:33,165,50,0.83
2026-06-10 22:58:33,193,76,1.27
2026-06-10 22:58:33,33,67,1.12
2026-06-10 22:58:33,439,21,0.35
2026-06-10 22:58:33,69,31,0.52
2026-06-10 22:58:33,64,47,0.78
2026-06-10 22:58:33,86,20,0.33
2026-06-10 22:58:33,136,23,0.38
2026-06-10 22:58:33,37,60,1.0
2026-06-10 22:58:33,35,69,1.15
2026-06-10 22:58:33,74,36,0.6
2026-06-10 22:58:33,129,45,0.75
2026-06-10 22:58:33,195,40,0.67
2026-06-10 22:58:33,104,55,0.92
2026-06-10 22:58:33,104,17,0.28
2026-06-10 22:58:33,206,38,0.63
2026-06-10 22:58:33,34,37,0.62
2026-06-10 22:58:33,68,55,0.92
2026-06-10 22:58:33,55,41,0.68
2026-06-10 22:58:33,203,17,0.28
2026-06-10 22:58:33,209,132,2.2
2026-06-10 22:58:33,13,54,0.9
2026-06-10 22:58:33,777,92,1.53
2026-06-10 22:58:33,206,215,3.58
2026-06-10 22:58:33,113,46,0.77
2026-06-10 22:58:33,51,23,0.38
2026-06-10 22:58:33,103,64,1.07
2026-06-10 22:58:33,22,68,1.13
2026-06-10 22:58:33,61,37,0.62
2026-06-10 22:58:33,136,17,0.28
2026-06-10 22:58:33,97,155,2.58
2026-06-10 22:58:33,777,240,4.0
2026-06-10 22:58:33,140,120,2.0
2026-06-10 22:58:33,131,80,1.33
2026-06-10 22:58:33,496,84,1.4
2026-06-10 22:58:33,189,49,0.82
2026-06-10 22:58:33,48,104,1.73
2026-06-10 22:58:33,161,184,3.07
2026-06-10 22:58:33,174,26,0.43
2026-06-10 22:58:33,192,33,0.55
2026-06-10 22:58:33,67,55,0.92
2026-06-10 22:58:33,141,41,0.68
2026-06-10 22:58:33,439,112,1.87
2026-06-10 22:58:33,80,40,0.67
2026-06-10 22:58:33,100,78,1.3
2026-06-10 22:58:33,12,47,0.78
2026-06-10 22:58:33,185,53,0.88
2026-06-10 22:58:33,38,64,1.07
2026-06-10 22:58:33,747,900,15.0
2026-06-10 22:58:33,66,46,0.77
2026-06-10 22:58:33,124,60,1.0
2026-06-10 22:58:33,125,86,1.43
2026-06-10 22:58:33,18,68,1.13
2026-06-10 22:58:33,208,71,1.18
2026-06-10 22:58:33,128,22,0.37
2026-06-10 22:58:33,106,115,1.92
2026-06-10 22:58:33,49,60,1.0
2026-06-10 22:58:33,36,83,1.38
2026-06-10 22:58:33,172,54,0.9
2026-06-10 22:58:33,55,155,2.58
2026-06-10 22:58:33,192,37,0.62
2026-06-10 22:58:33,10,61,1.02
2026-06-10 22:58:33,195,151,2.52
2026-06-10 22:58:33,86,35,0.58
2026-06-10 22:58:33,140,120,2.0
2026-06-10 22:58:33,108,33,0.55
2026-06-10 22:58:33,164,108,1.8
2026-06-10 22:58:33,208,186,3.1
2026-06-10 22:59:34,171,120,2.0
2026-06-10 22:59:34,17,13,0.22
2026-06-10 22:59:34,164,57,0.95
2026-06-10 22:59:34,129,45,0.75
2026-06-10 22:59:34,64,24,0.4
2026-06-10 22:59:34,33,71,1.18
2026-06-10 22:59:34,94,25,0.42
2026-06-10 22:59:34,61,82,1.37
2026-06-10 22:59:34,24,33,0.55
2026-06-10 22:59:34,195,49,0.82
2026-06-10 22:59:34,230,134,2.23
2026-06-10 22:59:34,187,35,0.58
2026-06-10 22:59:34,105,41,0.68
2026-06-10 22:59:34,138,35,0.58
2026-06-10 22:59:34,189,27,0.45
2026-06-10 22:59:34,32,32,0.53
2026-06-10 22:59:34,121,39,0.65
2026-06-10 22:59:34,113,71,1.18
2026-06-10 22:59:34,140,68,1.13
2026-06-10 22:59:34,86,26,0.43
2026-06-10 22:59:34,121,55,0.92
2026-06-10 22:59:34,28,45,0.75
2026-06-10 22:59:34,79,49,0.82
2026-06-10 22:59:34,48,34,0.57
2026-06-10 22:59:34,55,47,0.78
2026-06-10 22:59:34,95,21,0.35
2026-06-10 22:59:34,202,35,0.58
2026-06-10 22:59:34,468,97,1.62
2026-06-10 22:59:34,56,53,0.88
2026-06-10 22:59:34,439,87,1.45
2026-06-10 22:59:34,104,55,0.92
2026-06-10 22:59:34,214,138,2.3
2026-06-10 22:59:34,113,46,0.77
2026-06-10 22:59:34,212,92,1.53
2026-06-10 22:59:34,79,84,1.4
2026-06-10 22:59:34,141,41,0.68
2026-06-10 22:59:34,93,111,1.85
2026-06-10 22:59:34,103,87,1.45
2026-06-10 22:59:34,80,105,1.75
2026-06-10 22:59:34,170,40,0.67
2026-06-10 22:59:34,218,48,0.8
2026-06-10 22:59:34,140,111,1.85
2026-06-10 22:59:34,166,41,0.68
2026-06-10 22:59:34,48,104,1.73
2026-06-10 22:59:34,211,1020,17.0
2026-06-10 22:59:34,411,164,2.73
2026-06-10 22:59:34,37,78,1.3
2026-06-10 22:59:34,230,184,3.07
2026-06-10 22:59:34,125,137,2.28
2026-06-10 22:59:34,439,112,1.87
2026-06-10 22:59:34,27,46,0.77
2026-06-10 22:59:34,13,54,0.9
2026-06-10 22:59:34,93,72,1.2
2026-06-10 22:59:34,64,70,1.17
2026-06-10 22:59:34,141,41,0.68
2026-06-10 22:59:34,161,23,0.38
2026-06-10 22:59:34,168,67,1.12
2026-06-10 22:59:34,136,66,1.1
2026-06-10 22:59:34,34,42,0.7
2026-06-10 22:59:34,113,46,0.77
2026-06-10 22:59:34,36,83,1.38
2026-06-10 22:59:34,180,103,1.72
2026-06-10 22:59:34,32,69,1.15
2026-06-10 22:59:34,198,249,4.15
2026-06-10 22:59:34,114,33,0.55
2026-06-10 22:59:34,105,44,0.73
2026-06-10 22:59:34,92,259,4.32
2026-06-10 22:59:34,179,19,0.32
2026-06-10 22:59:34,13,53,0.88
2026-06-10 23:00:35,49,27,0.45
2026-06-10 23:00:35,230,142,2.37
2026-06-10 23:00:35,141,29,0.48
2026-06-10 23:00:35,165,79,1.32
2026-06-10 23:00:35,54,25,0.42
2026-06-10 23:00:35,208,33,0.55
2026-06-10 23:00:35,56,50,0.83
2026-06-10 23:00:35,24,115,1.92
2026-06-10 23:00:35,496,102,1.7
2026-06-10 23:00:35,211,90,1.5
2026-06-10 23:00:35,86,44,0.73
2026-06-10 23:00:35,162,26,0.43
2026-06-10 23:00:35,139,56,0.93
2026-06-10 23:00:35,166,33,0.55
2026-06-10 23:00:35,211,22,0.37
2026-06-10 23:00:35,48,90,1.5
2026-06-10 23:00:35,51,85,1.42
2026-06-10 23:00:35,43,58,0.97
2026-06-10 23:00:35,95,95,1.58
2026-06-10 23:00:35,80,107,1.78
2026-06-10 23:00:35,128,61,1.02
2026-06-10 23:00:35,10,58,0.97
2026-06-10 23:00:35,68,41,0.68
2026-06-10 23:00:35,198,90,1.5
2026-06-10 23:00:35,44,70,1.17
2026-06-10 23:00:35,45,60,1.0
2026-06-10 23:00:35,208,71,1.18
2026-06-10 23:00:35,138,55,0.92
2026-06-10 23:00:35,144,49,0.82
2026-06-10 23:00:35,203,269,4.48
2026-06-10 23:00:35,11,162,2.7
2026-06-10 23:00:35,36,45,0.75
2026-06-10 23:00:35,160,61,1.02
2026-06-10 23:00:35,209,370,6.17
2026-06-10 23:00:35,24,21,0.35
2026-06-10 23:00:35,113,71,1.18
2026-06-10 23:00:35,777,70,1.17
2026-06-10 23:00:35,34,6,0.1
2026-06-10 23:00:35,172,54,0.9
2026-06-10 23:00:35,51,39,0.65
2026-06-10 23:00:35,215,126,2.1
2026-06-10 23:00:35,113,46,0.77
2026-06-10 23:00:35,103,64,1.07
2026-06-10 23:00:35,777,300,5.0
2026-06-10 23:00:35,103,87,1.45
2026-06-10 23:00:35,36,74,1.23
2026-06-10 23:00:35,54,32,0.53
2026-06-10 23:00:35,166,41,0.68
2026-06-10 23:00:35,161,31,0.52
2026-06-10 23:00:35,55,47,0.78
2026-06-10 23:00:35,48,104,1.73
2026-06-10 23:00:35,34,71,1.18
2026-06-10 23:00:35,10,39,0.65
2026-06-10 23:00:35,174,26,0.43
2026-06-10 23:00:35,207,34,0.57
2026-06-10 23:00:35,44,70,1.17
2026-06-10 23:00:35,28,20,0.33
2026-06-10 23:00:35,38,64,1.07
2026-06-10 23:00:35,127,110,1.83
2026-06-10 23:00:35,161,184,3.07
2026-06-10 23:00:35,202,74,1.23
2026-06-10 23:00:35,747,158,2.63
2026-06-10 23:00:35,64,102,1.7
2026-06-10 23:00:35,55,155,2.58
2026-06-10 23:00:35,47,67,1.12
2026-06-10 23:00:35,28,30,0.5
2026-06-10 23:00:35,189,83,1.38
2026-06-10 23:00:35,174,26,0.43
2026-06-10 23:00:35,179,19,0.32
2026-06-10 23:00:35,150,59,0.98
2026-06-10 23:00:35,162,27,0.45
2026-06-10 23:01:36,198,70,1.17
2026-06-10 23:01:36,32,20,0.33
2026-06-10 23:01:36,439,142,2.37
2026-06-10 23:01:36,54,28,0.47
2026-06-10 23:01:36,124,61,1.02
2026-06-10 23:01:36,129,41,0.68
2026-06-10 23:01:36,51,116,1.93
2026-06-10 23:01:36,17,55,0.92
2026-06-10 23:01:36,61,37,0.62
2026-06-10 23:01:36,150,67,1.12
2026-06-10 23:01:36,113,33,0.55
2026-06-10 23:01:36,33,52,0.87
2026-06-10 23:01:36,104,17,0.28
2026-06-10 23:01:36,92,22,0.37
2026-06-10 23:01:36,215,29,0.48
2026-06-10 23:01:36,128,57,0.95
2026-06-10 23:01:36,24,42,0.7
2026-06-10 23:01:36,108,120,2.0
2026-06-10 23:01:36,97,37,0.62
2026-06-10 23:01:36,103,48,0.8
2026-06-10 23:01:36,168,52,0.87
2026-06-10 23:01:36,150,23,0.38
2026-06-10 23:01:36,34,42,0.7
2026-06-10 23:01:36,203,31,0.52
2026-06-10 23:01:36,18,66,1.1
2026-06-10 23:01:36,34,71,1.18
2026-06-10 23:01:36,160,61,1.02
2026-06-10 23:01:36,110,157,2.62
2026-06-10 23:01:36,186,58,0.97
2026-06-10 23:01:36,165,41,0.68
2026-06-10 23:01:36,197,78,1.3
2026-06-10 23:01:36,162,26,0.43
2026-06-10 23:01:36,171,120,2.0
2026-06-10 23:01:36,56,53,0.88
2026-06-10 23:01:36,92,222,3.7
2026-06-10 23:01:36,127,110,1.83
2026-06-10 23:01:36,37,92,1.53
2026-06-10 23:01:36,220,47,0.78
2026-06-10 23:01:36,113,71,1.18
2026-06-10 23:01:36,129,61,1.02
2026-06-10 23:01:36,215,1026,17.1
2026-06-10 23:01:36,38,360,6.0
2026-06-10 23:01:36,44,54,0.9
2026-06-10 23:01:36,79,60,1.0
2026-06-10 23:01:36,162,86,1.43
2026-06-10 23:01:36,51,23,0.38
2026-06-10 23:01:36,57,57,0.95
2026-06-10 23:01:36,166,41,0.68
2026-06-10 23:01:36,48,104,1.73
2026-06-10 23:01:36,166,60,1.0
2026-06-10 23:01:36,121,26,0.43
2026-06-10 23:01:36,95,34,0.57
2026-06-10 23:01:36,211,1020,17.0
2026-06-10 23:01:36,198,109,1.82
2026-06-10 23:01:36,61,37,0.62
2026-06-10 23:01:36,162,86,1.43
2026-06-10 23:01:36,11,14,0.23
2026-06-10 23:01:36,170,51,0.85
2026-06-10 23:01:36,79,84,1.4
2026-06-10 23:01:36,180,103,1.72
2026-06-10 23:01:36,198,249,4.15
2026-06-10 23:01:36,187,48,0.8
2026-06-10 23:01:36,195,143,2.38
2026-06-10 23:01:36,95,34,0.57
2026-06-10 23:01:36,18,68,1.13
2026-06-10 23:01:36,160,50,0.83
2026-06-10 23:01:36,80,40,0.67
2026-06-10 23:01:36,13,53,0.88
2026-06-10 23:01:36,70,29,0.48
2026-06-10 23:01:36,138,55,0.92
2026-06-10 23:02:37,192,24,0.4
2026-06-10 23:02:37,24,19,0.32
2026-06-10 23:02:37,55,43,0.72
2026-06-10 23:02:37,31,44,0.73
2026-06-10 23:02:37,171,40,0.67
2026-06-10 23:02:37,71,52,0.87
2026-06-10 23:02:37,439,74,1.23
2026-06-10 23:02:37,79,18,0.3
2026-06-10 23:02:37,196,28,0.47
2026-06-10 23:02:37,86,60,1.0
2026-06-10 23:02:37,68,60,1.0
2026-06-10 23:02:37,33,42,0.7
2026-06-10 23:02:37,27,22,0.37
2026-06-10 23:02:37,177,25,0.42
2026-06-10 23:02:37,79,36,0.6
2026-06-10 23:02:37,24,82,1.37
2026-06-10 23:02:37,104,28,0.47
2026-06-10 23:02:37,112,58,0.97
2026-06-10 23:02:37,104,17,0.28
2026-06-10 23:02:37,61,52,0.87
2026-06-10 23:02:37,125,63,1.05
2026-06-10 23:02:37,17,33,0.55
2026-06-10 23:02:37,168,67,1.12
2026-06-10 23:02:37,86,37,0.62
2026-06-10 23:02:37,215,29,0.48
2026-06-10 23:02:37,90,54,0.9
2026-06-10 23:02:37,112,45,0.75
2026-06-10 23:02:37,64,102,1.7
2026-06-10 23:02:37,204,78,1.3
2026-06-10 23:02:37,125,75,1.25
2026-06-10 23:02:37,129,61,1.02
2026-06-10 23:02:37,206,215,3.58
2026-06-10 23:02:37,79,60,1.0
2026-06-10 23:02:37,70,240,4.0
2026-06-10 23:02:37,10,39,0.65
2026-06-10 23:02:37,93,111,1.85
2026-06-10 23:02:37,196,60,1.0
2026-06-10 23:02:37,67,42,0.7
2026-06-10 23:02:37,166,41,0.68
2026-06-10 23:02:37,48,47,0.78
2026-06-10 23:02:37,94,45,0.75
2026-06-10 23:02:37,496,84,1.4
2026-06-10 23:02:37,193,63,1.05
2026-06-10 23:02:37,64,102,1.7
2026-06-10 23:02:37,34,42,0.7
2026-06-10 23:02:37,86,35,0.58
2026-06-10 23:02:37,110,32,0.53
2026-06-10 23:02:37,215,131,2.18
2026-06-10 23:02:37,207,34,0.57
2026-06-10 23:02:37,43,59,0.98
2026-06-10 23:02:37,215,126,2.1
2026-06-10 23:02:37,27,46,0.77
2026-06-10 23:02:37,496,857,14.28
2026-06-10 23:02:37,51,23,0.38
2026-06-10 23:02:37,211,1020,17.0
2026-06-10 23:02:37,13,53,0.88
2026-06-10 23:02:37,223,175,2.92
2026-06-10 23:02:37,18,181,3.02
2026-06-10 23:02:37,56,53,0.88
2026-06-10 23:02:37,136,66,1.1
2026-06-10 23:02:37,36,83,1.38
2026-06-10 23:02:37,205,206,3.43
2026-06-10 23:02:37,439,81,1.35
2026-06-10 23:02:37,10,61,1.02
2026-06-10 23:02:37,47,67,1.12
2026-06-10 23:02:37,114,33,0.55
2026-06-10 23:02:37,496,857,14.28
2026-06-10 23:02:37,70,29,0.48
2026-06-10 23:03:38,79,18,0.3
2026-06-10 23:03:38,92,28,0.47
2026-06-10 23:03:38,140,36,0.6
2026-06-10 23:03:38,49,176,2.93
2026-06-10 23:03:38,777,91,1.52
2026-06-10 23:03:38,97,68,1.13
2026-06-10 23:03:38,18,68,1.13
2026-06-10 23:03:38,49,27,0.45
2026-06-10 23:03:38,439,48,0.8
2026-06-10 23:03:38,49,50,0.83
2026-06-10 23:03:38,61,43,0.72
2026-06-10 23:03:38,17,83,1.38
2026-06-10 23:03:38,38,91,1.52
2026-06-10 23:03:38,106,26,0.43
2026-06-10 23:03:38,203,38,0.63
2026-06-10 23:03:38,172,48,0.8
2026-06-10 23:03:38,68,20,0.33
2026-06-10 23:03:38,86,32,0.53
2026-06-10 23:03:38,69,66,1.1
2026-06-10 23:03:38,205,29,0.48
2026-06-10 23:03:38,138,30,0.5
2026-06-10 23:03:38,32,57,0.95
2026-06-10 23:03:38,209,56,0.93
2026-06-10 23:03:38,107,128,2.13
2026-06-10 23:03:38,150,23,0.38
2026-06-10 23:03:38,187,26,0.43
2026-06-10 23:03:38,17,40,0.67
2026-06-10 23:03:38,61,37,0.62
2026-06-10 23:03:38,209,32,0.53
2026-06-10 23:03:38,100,39,0.65
2026-06-10 23:03:38,747,840,14.0
2026-06-10 23:03:38,208,52,0.87
2026-06-10 23:03:38,32,65,1.08
2026-06-10 23:03:38,121,40,0.67
2026-06-10 23:03:38,193,63,1.05
2026-06-10 23:03:38,439,119,1.98
2026-06-10 23:03:38,64,70,1.17
2026-06-10 23:03:38,198,95,1.58
2026-06-10 23:03:38,34,42,0.7
2026-06-10 23:03:38,104,21,0.35
2026-06-10 23:03:38,128,60,1.0
2026-06-10 23:03:38,208,186,3.1
2026-06-10 23:03:38,127,110,1.83
2026-06-10 23:03:38,24,21,0.35
2026-06-10 23:03:38,113,71,1.18
2026-06-10 23:03:38,123,18,0.3
2026-06-10 23:03:38,45,26,0.43
2026-06-10 23:03:38,67,55,0.92
2026-06-10 23:03:38,90,16,0.27
2026-06-10 23:03:38,79,60,1.0
2026-06-10 23:03:38,202,227,3.78
2026-06-10 23:03:38,10,39,0.65
2026-06-10 23:03:38,411,75,1.25
2026-06-10 23:03:38,205,206,3.43
2026-06-10 23:03:38,80,105,1.75
2026-06-10 23:03:38,218,48,0.8
2026-06-10 23:03:38,18,68,1.13
2026-06-10 23:03:38,439,81,1.35
2026-06-10 23:03:38,105,44,0.73
2026-06-10 23:03:38,94,48,0.8
2026-06-10 23:03:38,195,143,2.38
2026-06-10 23:03:38,411,75,1.25
2026-06-10 23:03:38,174,26,0.43
2026-06-10 23:03:38,172,60,1.0
2026-06-10 23:03:38,47,99,1.65
2026-06-10 23:03:38,47,67,1.12
2026-06-10 23:03:38,95,67,1.12
2026-06-10 23:03:38,32,57,0.95
2026-06-10 23:03:38,230,184,3.07
2026-06-10 23:03:38,80,40,0.67
2026-06-10 23:03:38,185,53,0.88
2026-06-10 23:03:38,123,120,2.0
2026-06-10 23:03:38,747,900,15.0
2026-06-10 23:03:38,61,37,0.62
2026-06-10 23:03:38,223,175,2.92
2026-06-10 23:03:38,48,104,1.73
2026-06-10 23:03:38,128,60,1.0
2026-06-10 23:03:38,136,17,0.28
2026-06-10 23:03:38,24,52,0.87
2026-06-10 23:03:38,105,118,1.97
2026-06-10 23:03:38,187,107,1.78
2026-06-10 23:03:38,79,84,1.4
2026-06-10 23:03:38,165,59,0.98
2026-06-10 23:03:38,99,100,1.67
2026-06-10 23:03:38,195,151,2.52
2026-06-10 23:03:38,94,45,0.75
2026-06-10 23:03:38,12,44,0.73
2026-06-10 23:04:39,209,32,0.53
2026-06-10 23:04:39,161,51,0.85
2026-06-10 23:04:39,55,28,0.47
2026-06-10 23:04:39,496,30,0.5
2026-06-10 23:04:39,12,41,0.68
2026-06-10 23:04:39,48,162,2.7
2026-06-10 23:04:39,33,82,1.37
2026-06-10 23:04:39,220,38,0.63
2026-06-10 23:04:39,203,56,0.93
2026-06-10 23:04:39,55,64,1.07
2026-06-10 23:04:39,197,61,1.02
2026-06-10 23:04:39,34,17,0.28
2026-06-10 23:04:39,411,192,3.2
2026-06-10 23:04:39,125,65,1.08
2026-06-10 23:04:39,166,58,0.97
2026-06-10 23:04:39,439,86,1.43
2026-06-10 23:04:39,43,32,0.53
2026-06-10 23:04:39,230,60,1.0
2026-06-10 23:04:39,170,37,0.62
2026-06-10 23:04:39,747,841,14.02
2026-06-10 23:04:39,57,33,0.55
2026-06-10 23:04:39,64,70,1.17
2026-06-10 23:04:39,203,40,0.67
2026-06-10 23:04:39,108,33,0.55
2026-06-10 23:04:39,211,60,1.0
2026-06-10 23:04:39,103,39,0.65
2026-06-10 23:04:39,17,24,0.4
2026-06-10 23:04:39,27,33,0.55
2026-06-10 23:04:39,69,53,0.88
2026-06-10 23:04:39,49,46,0.77
2026-06-10 23:04:39,204,338,5.63
2026-06-10 23:04:39,150,236,3.93
2026-06-10 23:04:39,17,40,0.67
2026-06-10 23:04:39,162,27,0.45
2026-06-10 23:04:39,110,32,0.53
2026-06-10 23:04:39,125,137,2.28
2026-06-10 23:04:39,205,36,0.6
2026-06-10 23:04:39,57,57,0.95
2026-06-10 23:04:39,164,108,1.8
2026-06-10 23:04:39,144,49,0.82
2026-06-10 23:04:39,56,53,0.88
2026-06-10 23:04:39,92,222,3.7
2026-06-10 23:04:39,74,36,0.6
2026-06-10 23:04:39,186,60,1.0
2026-06-10 23:04:39,171,74,1.23
2026-06-10 23:04:39,79,84,1.4
2026-06-10 23:04:39,97,31,0.52
2026-06-10 23:04:39,36,74,1.23
2026-06-10 23:04:39,747,398,6.63
2026-06-10 23:04:39,150,236,3.93
2026-06-10 23:04:39,195,151,2.52
2026-06-10 23:04:39,44,70,1.17
2026-06-10 23:04:39,747,158,2.63
2026-06-10 23:04:39,204,78,1.3
2026-06-10 23:04:39,195,143,2.38
2026-06-10 23:04:39,211,1020,17.0
2026-06-10 23:04:39,411,75,1.25
2026-06-10 23:04:39,197,45,0.75
2026-06-10 23:04:39,160,50,0.83
2026-06-10 23:04:39,43,19,0.32
2026-06-10 23:04:39,68,86,1.43
2026-06-10 23:04:39,95,67,1.12
2026-06-10 23:04:39,67,55,0.92
2026-06-10 23:04:39,93,111,1.85
2026-06-10 23:04:39,179,38,0.63
2026-06-10 23:04:39,177,35,0.58
2026-06-10 23:04:39,27,46,0.77
2026-06-10 23:04:39,100,78,1.3
2026-06-10 23:04:39,125,86,1.43
2026-06-10 23:04:39,18,181,3.02
2026-06-10 23:04:39,214,138,2.3
2026-06-10 23:04:39,49,60,1.0
2026-06-10 23:04:39,57,59,0.98
2026-06-10 23:04:39,94,45,0.75
2026-06-10 23:04:39,86,35,0.58
2026-06-10 23:04:39,214,55,0.92
2026-06-10 23:04:39,110,32,0.53
2026-06-10 23:04:39,496,857,14.28
2026-06-10 23:04:39,37,29,0.48
2026-06-10 23:04:39,56,86,1.43
2026-06-10 23:05:40,102,21,0.35
2026-06-10 23:05:40,100,59,0.98
2026-06-10 23:05:40,205,18,0.3
2026-06-10 23:05:40,180,109,1.82
2026-06-10 23:05:40,131,43,0.72
2026-06-10 23:05:40,55,71,1.18
2026-06-10 23:05:40,32,81,1.35
2026-06-10 23:05:40,18,85,1.42
2026-06-10 23:05:40,28,71,1.18
2026-06-10 23:05:40,186,28,0.47
2026-06-10 23:05:40,114,169,2.82
2026-06-10 23:05:40,208,41,0.68
2026-06-10 23:05:40,51,10,0.17
2026-06-10 23:05:40,68,86,1.43
2026-06-10 23:05:40,214,55,0.92
2026-06-10 23:05:40,69,63,1.05
2026-06-10 23:05:40,113,76,1.27
2026-06-10 23:05:40,107,50,0.83
2026-06-10 23:05:40,51,41,0.68
2026-06-10 23:05:40,69,28,0.47
2026-06-10 23:05:40,187,70,1.17
2026-06-10 23:05:40,208,22,0.37
2026-06-10 23:05:40,128,30,0.5
2026-06-10 23:05:40,61,44,0.73
2026-06-10 23:05:40,47,67,1.12
2026-06-10 23:05:40,49,106,1.77
2026-06-10 23:05:40,107,31,0.52
2026-06-10 23:05:40,125,174,2.9
2026-06-10 23:05:40,187,41,0.68
2026-06-10 23:05:40,71,41,0.68
2026-06-10 23:05:40,17,32,0.53
2026-06-10 23:05:40,128,22,0.37
2026-06-10 23:05:40,747,1140,19.0
2026-06-10 23:05:40,439,81,1.35
2026-06-10 23:05:40,66,46,0.77
2026-06-10 23:05:40,104,17,0.28
2026-06-10 23:05:40,177,35,0.58
2026-06-10 23:05:40,104,21,0.35
2026-06-10 23:05:40,138,55,0.92
2026-06-10 23:05:40,86,33,0.55
2026-06-10 23:05:40,203,269,4.48
2026-06-10 23:05:40,61,145,2.42
2026-06-10 23:05:40,165,59,0.98
2026-06-10 23:05:40,74,36,0.6
2026-06-10 23:05:40,79,60,1.0
2026-06-10 23:05:40,10,39,0.65
2026-06-10 23:05:40,180,146,2.43
2026-06-10 23:05:40,166,60,1.0
2026-06-10 23:05:40,180,42,0.7
2026-06-10 23:05:40,777,300,5.0
2026-06-10 23:05:40,67,42,0.7
2026-06-10 23:05:40,747,398,6.63
2026-06-10 23:05:40,136,17,0.28
2026-06-10 23:05:40,92,36,0.6
2026-06-10 23:05:40,97,155,2.58
2026-06-10 23:05:40,44,120,2.0
2026-06-10 23:05:40,94,45,0.75
2026-06-10 23:05:40,150,236,3.93
2026-06-10 23:05:40,195,151,2.52
2026-06-10 23:05:40,31,208,3.47
2026-06-10 23:05:40,166,60,1.0
2026-06-10 23:05:40,195,143,2.38
2026-06-10 23:05:40,51,39,0.65
2026-06-10 23:05:40,174,26,0.43
2026-06-10 23:05:40,150,59,0.98
2026-06-10 23:05:40,108,47,0.78
2026-06-10 23:05:40,100,78,1.3
2026-06-10 23:05:40,51,39,0.65
2026-06-10 23:05:40,103,48,0.8
2026-06-10 23:05:40,205,36,0.6
2026-06-10 23:05:40,11,45,0.75
2026-06-10 23:05:40,113,46,0.77
2026-06-10 23:05:40,165,59,0.98
2026-06-10 23:05:40,180,103,1.72
2026-06-10 23:06:41,209,33,0.55
2026-06-10 23:06:41,13,56,0.93
2026-06-10 23:06:41,51,41,0.68
2026-06-10 23:06:41,195,49,0.82
2026-06-10 23:06:41,439,90,1.5
2026-06-10 23:06:41,114,43,0.72
2026-06-10 23:06:41,48,38,0.63
2026-06-10 23:06:41,86,10,0.17
2026-06-10 23:06:41,112,180,3.0
2026-06-10 23:06:41,48,134,2.23
2026-06-10 23:06:41,107,40,0.67
2026-06-10 23:06:41,196,30,0.5
2026-06-10 23:06:41,411,43,0.72
2026-06-10 23:06:41,35,62,1.03
2026-06-10 23:06:41,69,65,1.08
2026-06-10 23:06:41,141,28,0.47
2026-06-10 23:06:41,32,53,0.88
2026-06-10 23:06:41,206,34,0.57
2026-06-10 23:06:41,36,66,1.1
2026-06-10 23:06:41,61,22,0.37
2026-06-10 23:06:41,66,27,0.45
2026-06-10 23:06:41,127,93,1.55
2026-06-10 23:06:41,79,28,0.47
2026-06-10 23:06:41,204,168,2.8
2026-06-10 23:06:41,206,215,3.58
2026-06-10 23:06:41,140,50,0.83
2026-06-10 23:06:41,160,59,0.98
2026-06-10 23:06:41,28,30,0.5
2026-06-10 23:06:41,205,53,0.88
2026-06-10 23:06:41,196,56,0.93
2026-06-10 23:06:41,439,105,1.75
2026-06-10 23:06:41,13,54,0.9
2026-06-10 23:06:41,44,32,0.53
2026-06-10 23:06:41,150,59,0.98
2026-06-10 23:06:41,100,34,0.57
2026-06-10 23:06:41,125,52,0.87
2026-06-10 23:06:41,209,79,1.32
2026-06-10 23:06:41,18,68,1.13
2026-06-10 23:06:41,187,48,0.8
2026-06-10 23:06:41,747,1140,19.0
2026-06-10 23:06:41,150,236,3.93
2026-06-10 23:06:41,17,40,0.67
2026-06-10 23:06:41,162,27,0.45
2026-06-10 23:06:41,66,46,0.77
2026-06-10 23:06:41,177,15,0.25
2026-06-10 23:06:41,24,21,0.35
2026-06-10 23:06:41,27,125,2.08
2026-06-10 23:06:41,198,95,1.58
2026-06-10 23:06:41,34,42,0.7
2026-06-10 23:06:41,168,67,1.12
2026-06-10 23:06:41,86,33,0.55
2026-06-10 23:06:41,215,1026,17.1
2026-06-10 23:06:41,67,42,0.7
2026-06-10 23:06:41,79,84,1.4
2026-06-10 23:06:41,57,57,0.95
2026-06-10 23:06:41,136,17,0.28
2026-06-10 23:06:41,49,60,1.0
2026-06-10 23:06:41,31,208,3.47
2026-06-10 23:06:41,777,181,3.02
2026-06-10 23:06:41,70,240,4.0
2026-06-10 23:06:41,172,54,0.9
2026-06-10 23:06:41,174,26,0.43
2026-06-10 23:06:41,13,54,0.9
2026-06-10 23:06:41,93,72,1.2
2026-06-10 23:06:41,100,78,1.3
2026-06-10 23:06:41,198,109,1.82
2026-06-10 23:06:41,209,240,4.0
2026-06-10 23:06:41,141,41,0.68
2026-06-10 23:06:41,92,259,4.32
2026-06-10 23:06:41,161,184,3.07
2026-06-10 23:06:41,136,17,0.28
2026-06-10 23:06:41,24,52,0.87
2026-06-10 23:06:41,187,107,1.78
2026-06-10 23:06:41,57,59,0.98
2026-06-10 23:06:41,55,155,2.58
2026-06-10 23:06:41,32,69,1.15
2026-06-10 23:06:41,186,56,0.93
2026-06-10 23:07:42,108,13,0.22
2026-06-10 23:07:42,18,85,1.42
2026-06-10 23:07:42,92,21,0.35
2026-06-10 23:07:42,103,70,1.17
2026-06-10 23:07:42,113,24,0.4
2026-06-10 23:07:42,13,39,0.65
2026-06-10 23:07:42,93,53,0.88
2026-06-10 23:07:42,208,68,1.13
2026-06-10 23:07:42,94,120,2.0
2026-06-10 23:07:42,187,95,1.58
2026-06-10 23:07:42,27,52,0.87
2026-06-10 23:07:42,230,34,0.57
2026-06-10 23:07:42,55,22,0.37
2026-06-10 23:07:42,141,16,0.27
2026-06-10 23:07:42,37,56,0.93
2026-06-10 23:07:42,80,66,1.1
2026-06-10 23:07:42,211,55,0.92
2026-06-10 23:07:42,11,45,0.75
2026-06-10 23:07:42,18,59,0.98
2026-06-10 23:07:42,193,75,1.25
2026-06-10 23:07:42,439,132,2.2
2026-06-10 23:07:42,100,61,1.02
2026-06-10 23:07:42,208,422,7.03
2026-06-10 23:07:42,51,58,0.97
2026-06-10 23:07:42,51,23,0.38
2026-06-10 23:07:42,57,57,0.95
2026-06-10 23:07:42,69,65,1.08
2026-06-10 23:07:42,38,91,1.52
2026-06-10 23:07:42,172,60,1.0
2026-06-10 23:07:42,106,41,0.68
2026-06-10 23:07:42,68,86,1.43
2026-06-10 23:07:42,64,52,0.87
2026-06-10 23:07:42,13,53,0.88
2026-06-10 23:07:42,747,839,13.98
2026-06-10 23:07:42,17,40,0.67
2026-06-10 23:07:42,71,41,0.68
2026-06-10 23:07:42,172,54,0.9
2026-06-10 23:07:42,193,63,1.05
2026-06-10 23:07:42,86,33,0.55
2026-06-10 23:07:42,165,59,0.98
2026-06-10 23:07:42,193,43,0.72
2026-06-10 23:07:42,131,80,1.33
2026-06-10 23:07:42,80,105,1.75
2026-06-10 23:07:42,22,68,1.13
2026-06-10 23:07:42,140,111,1.85
2026-06-10 23:07:42,193,63,1.05
2026-06-10 23:07:42,747,158,2.63
2026-06-10 23:07:42,193,43,0.72
2026-06-10 23:07:42,204,78,1.3
2026-06-10 23:07:42,197,45,0.75
2026-06-10 23:07:42,747,900,15.0
2026-06-10 23:07:42,85,43,0.72
2026-06-10 23:07:42,192,33,0.55
2026-06-10 23:07:42,164,108,1.8
2026-06-10 23:07:42,47,67,1.12
2026-06-10 23:07:42,32,57,0.95
2026-06-10 23:07:42,230,184,3.07
2026-06-10 23:07:42,129,44,0.73
2026-06-10 23:07:42,13,54,0.9
2026-06-10 23:07:42,28,20,0.33
2026-06-10 23:07:42,38,360,6.0
2026-06-10 23:07:42,11,55,0.92
2026-06-10 23:07:42,777,300,5.0
2026-06-10 23:07:42,86,33,0.55
2026-06-10 23:07:42,18,68,1.13
2026-06-10 23:07:42,45,26,0.43
2026-06-10 23:07:42,121,55,0.92
2026-06-10 23:07:42,128,22,0.37
2026-06-10 23:07:42,105,118,1.97
2026-06-10 23:07:42,202,74,1.23
2026-06-10 23:07:42,202,227,3.78
2026-06-10 23:07:42,55,47,0.78
2026-06-10 23:07:42,64,102,1.7
2026-06-10 23:07:42,777,240,4.0
2026-06-10 23:07:42,174,26,0.43
2026-06-10 23:08:44,192,54,0.9
2026-06-10 23:08:44,92,24,0.4
2026-06-10 23:08:44,49,106,1.77
2026-06-10 23:08:44,104,23,0.38
2026-06-10 23:08:44,208,36,0.6
2026-06-10 23:08:44,32,26,0.43
2026-06-10 23:08:44,125,72,1.2
2026-06-10 23:08:44,220,17,0.28
2026-06-10 23:08:44,44,45,0.75
2026-06-10 23:08:44,215,92,1.53
2026-06-10 23:08:44,10,53,0.88
2026-06-10 23:08:44,141,55,0.92
2026-06-10 23:08:44,165,30,0.5
2026-06-10 23:08:44,164,59,0.98
2026-06-10 23:08:44,197,45,0.75
2026-06-10 23:08:44,68,24,0.4
2026-06-10 23:08:44,128,47,0.78
2026-06-10 23:08:44,48,134,2.23
2026-06-10 23:08:44,56,68,1.13
2026-06-10 23:08:44,136,53,0.88
2026-06-10 23:08:44,34,146,2.43
2026-06-10 23:08:44,32,57,0.95
2026-06-10 23:08:44,439,271,4.52
2026-06-10 23:08:44,206,31,0.52
2026-06-10 23:08:44,100,28,0.47
2026-06-10 23:08:44,202,25,0.42
2026-06-10 23:08:44,747,900,15.0
2026-06-10 23:08:44,66,55,0.92
2026-06-10 23:08:44,66,46,0.77
2026-06-10 23:08:44,104,55,0.92
2026-06-10 23:08:44,104,17,0.28
2026-06-10 23:08:44,204,168,2.8
2026-06-10 23:08:44,110,32,0.53
2026-06-10 23:08:44,28,20,0.33
2026-06-10 23:08:44,114,62,1.03
2026-06-10 23:08:44,38,360,6.0
2026-06-10 23:08:44,112,59,0.98
2026-06-10 23:08:44,172,54,0.9
2026-06-10 23:08:44,162,86,1.43
2026-06-10 23:08:44,112,45,0.75
2026-06-10 23:08:44,168,52,0.87
2026-06-10 23:08:44,34,42,0.7
2026-06-10 23:08:44,171,120,2.0
2026-06-10 23:08:44,113,71,1.18
2026-06-10 23:08:44,18,181,3.02
2026-06-10 23:08:44,165,59,0.98
2026-06-10 23:08:44,215,1026,17.1
2026-06-10 23:08:44,193,43,0.72
2026-06-10 23:08:44,212,92,1.53
2026-06-10 23:08:44,124,60,1.0
2026-06-10 23:08:44,55,155,2.58
2026-06-10 23:08:44,180,103,1.72
2026-06-10 23:08:44,92,36,0.6
2026-06-10 23:08:44,747,158,2.63
2026-06-10 23:08:44,131,21,0.35
2026-06-10 23:08:44,218,96,1.6
2026-06-10 23:08:44,31,208,3.47
2026-06-10 23:08:44,86,35,0.58
2026-06-10 23:08:44,165,59,0.98
2026-06-10 23:08:44,172,60,1.0
2026-06-10 23:08:44,93,111,1.85
2026-06-10 23:08:44,49,106,1.77
2026-06-10 23:08:44,27,46,0.77
2026-06-10 23:08:44,56,86,1.43
2026-06-10 23:08:44,127,110,1.83
2026-06-10 23:08:44,144,127,2.12
2026-06-10 23:08:44,165,37,0.62
2026-06-10 23:08:44,161,184,3.07
2026-06-10 23:08:44,17,78,1.3
2026-06-10 23:08:44,80,105,1.75
2026-06-10 23:08:44,32,69,1.15
2026-06-10 23:08:44,192,37,0.62
2026-06-10 23:08:44,160,50,0.83
2026-06-10 23:08:44,160,50,0.83
2026-06-10 23:09:45,80,124,2.07
2026-06-10 23:09:45,12,59,0.98
2026-06-10 23:09:45,197,44,0.73
2026-06-10 23:09:45,67,76,1.27
2026-06-10 23:09:45,11,26,0.43
2026-06-10 23:09:45,187,48,0.8
2026-06-10 23:09:45,85,36,0.6
2026-06-10 23:09:45,125,137,2.28
2026-06-10 23:09:45,468,240,4.0
2026-06-10 23:09:45,180,50,0.83
2026-06-10 23:09:45,205,29,0.48
2026-06-10 23:09:45,211,25,0.42
2026-06-10 23:09:45,112,49,0.82
2026-06-10 23:09:45,13,39,0.65
2026-06-10 23:09:45,49,134,2.23
2026-06-10 23:09:45,128,39,0.65
2026-06-10 23:09:45,56,53,0.88
2026-06-10 23:09:45,66,34,0.57
2026-06-10 23:09:45,104,17,0.28
2026-06-10 23:09:45,171,5,0.08
2026-06-10 23:09:45,102,53,0.88
2026-06-10 23:09:45,38,44,0.73
2026-06-10 23:09:45,18,32,0.53
2026-06-10 23:09:45,12,60,1.0
2026-06-10 23:09:45,128,61,1.02
2026-06-10 23:09:45,496,857,14.28
2026-06-10 23:09:45,47,99,1.65
2026-06-10 23:09:45,214,55,0.92
2026-06-10 23:09:45,177,35,0.58
2026-06-10 23:09:45,13,54,0.9
2026-06-10 23:09:45,174,26,0.43
2026-06-10 23:09:45,48,104,1.73
2026-06-10 23:09:45,150,236,3.93
2026-06-10 23:09:45,71,96,1.6
2026-06-10 23:09:45,17,40,0.67
2026-06-10 23:09:45,34,71,1.18
2026-06-10 23:09:45,161,184,3.07
2026-06-10 23:09:45,36,74,1.23
2026-06-10 23:09:45,193,63,1.05
2026-06-10 23:09:45,203,96,1.6
2026-06-10 23:09:45,165,59,0.98
2026-06-10 23:09:45,74,83,1.38
2026-06-10 23:09:45,43,19,0.32
2026-06-10 23:09:45,164,108,1.8
2026-06-10 23:09:45,37,78,1.3
2026-06-10 23:09:45,129,44,0.73
2026-06-10 23:09:45,203,269,4.48
2026-06-10 23:09:45,207,227,3.78
2026-06-10 23:09:45,144,127,2.12
2026-06-10 23:09:45,125,86,1.43
2026-06-10 23:09:45,11,12,0.2
2026-06-10 23:09:45,164,19,0.32
2026-06-10 23:09:45,172,54,0.9
2026-06-10 23:09:45,195,151,2.52
2026-06-10 23:10:46,193,32,0.53
2026-06-10 23:10:46,112,45,0.75
2026-06-10 23:10:46,110,52,0.87
2026-06-10 23:10:46,112,24,0.4
2026-06-10 23:10:46,196,44,0.73
2026-06-10 23:10:46,189,31,0.52
2026-06-10 23:10:46,66,27,0.45
2026-06-10 23:10:46,161,58,0.97
2026-06-10 23:10:46,43,23,0.38
2026-06-10 23:10:46,32,66,1.1
2026-06-10 23:10:46,128,87,1.45
2026-06-10 23:10:46,49,123,2.05
2026-06-10 23:10:46,124,37,0.62
2026-06-10 23:10:46,49,46,0.77
2026-06-10 23:10:46,496,60,1.0
2026-06-10 23:10:46,85,41,0.68
2026-06-10 23:10:46,24,41,0.68
2026-06-10 23:10:46,90,48,0.8
2026-06-10 23:10:46,38,91,1.52
2026-06-10 23:10:46,205,31,0.52
2026-06-10 23:10:46,100,32,0.53
2026-06-10 23:10:46,95,65,1.08
2026-06-10 23:10:46,139,77,1.28
2026-06-10 23:10:46,186,56,0.93
2026-06-10 23:10:46,54,38,0.63
2026-06-10 23:10:46,74,36,0.6
2026-06-10 23:10:46,27,40,0.67
2026-06-10 23:10:46,171,25,0.42
2026-06-10 23:10:46,68,49,0.82
2026-06-10 23:10:46,174,26,0.43
2026-06-10 23:10:46,207,41,0.68
2026-06-10 23:10:46,18,68,1.13
2026-06-10 23:10:46,100,78,1.3
2026-06-10 23:10:46,180,146,2.43
2026-06-10 23:10:46,172,60,1.0
2026-06-10 23:10:46,439,112,1.87
2026-06-10 23:10:46,36,114,1.9
2026-06-10 23:10:46,179,64,1.07
2026-06-10 23:10:46,187,48,0.8
2026-06-10 23:10:46,139,55,0.92
2026-06-10 23:10:46,27,125,2.08
2026-06-10 23:10:46,103,48,0.8
2026-06-10 23:10:46,97,31,0.52
2026-06-10 23:10:46,34,71,1.18
2026-06-10 23:10:46,177,35,0.58
2026-06-10 23:10:46,17,78,1.3
2026-06-10 23:10:46,144,49,0.82
2026-06-10 23:10:46,92,222,3.7
2026-06-10 23:10:46,209,240,4.0
2026-06-10 23:10:46,48,104,1.73
2026-06-10 23:10:46,215,1026,17.1
2026-06-10 23:10:46,193,43,0.72
2026-06-10 23:10:46,90,16,0.27
2026-06-10 23:10:46,51,39,0.65
2026-06-10 23:10:46,113,46,0.77
2026-06-10 23:10:46,79,60,1.0
2026-06-10 23:10:46,186,60,1.0
2026-06-10 23:10:46,212,92,1.53
2026-06-10 23:10:46,97,31,0.52
2026-06-10 23:10:46,36,114,1.9
2026-06-10 23:10:46,67,42,0.7
2026-06-10 23:10:46,131,80,1.33
2026-06-10 23:10:46,97,155,2.58
2026-06-10 23:10:46,49,60,1.0
2026-06-10 23:10:46,160,50,0.83
2026-06-10 23:10:46,29,45,0.75
2026-06-10 23:10:46,203,96,1.6
2026-06-10 23:10:46,218,96,1.6
2026-06-10 23:10:46,185,65,1.08
2026-06-10 23:10:46,110,134,2.23
2026-06-10 23:10:46,215,131,2.18
2026-06-10 23:10:46,160,50,0.83
2026-06-10 23:10:46,747,900,15.0
2026-06-10 23:10:46,207,34,0.57
2026-06-10 23:10:46,32,57,0.95
2026-06-10 23:10:46,215,126,2.1
2026-06-10 23:10:46,44,70,1.17
2026-06-10 23:10:46,28,20,0.33
2026-06-10 23:10:46,127,49,0.82
2026-06-10 23:10:46,68,77,1.28
2026-06-10 23:10:46,128,22,0.37
2026-06-10 23:10:46,24,52,0.87
2026-06-10 23:10:46,202,74,1.23
2026-06-10 23:10:46,180,103,1.72
2026-06-10 23:10:46,55,155,2.58
2026-06-10 23:10:46,32,69,1.15
2026-06-10 23:11:47,85,37,0.62
2026-06-10 23:11:47,61,57,0.95
2026-06-10 23:11:47,121,40,0.67
2026-06-10 23:11:47,100,34,0.57
2026-06-10 23:11:47,104,17,0.28
2026-06-10 23:11:47,86,6,0.1
2026-06-10 23:11:47,189,27,0.45
2026-06-10 23:11:47,439,122,2.03
2026-06-10 23:11:47,141,18,0.3
2026-06-10 23:11:47,31,45,0.75
2026-06-10 23:11:47,204,34,0.57
2026-06-10 23:11:47,35,52,0.87
2026-06-10 23:11:47,112,30,0.5
2026-06-10 23:11:47,777,240,4.0
2026-06-10 23:11:47,138,64,1.07
2026-06-10 23:11:47,211,102,1.7
2026-06-10 23:11:47,102,31,0.52
2026-06-10 23:11:47,85,40,0.67
2026-06-10 23:11:47,439,269,4.48
2026-06-10 23:11:47,139,78,1.3
2026-06-10 23:11:47,230,184,3.07
2026-06-10 23:11:47,55,155,2.58
2026-06-10 23:11:47,203,43,0.72
2026-06-10 23:11:47,79,14,0.23
2026-06-10 23:11:47,777,240,4.0
2026-06-10 23:11:47,108,14,0.23
2026-06-10 23:11:47,74,83,1.38
2026-06-10 23:11:47,10,61,1.02
2026-06-10 23:11:47,192,33,0.55
2026-06-10 23:11:47,747,398,6.63
2026-06-10 23:11:47,496,857,14.28
2026-06-10 23:11:47,179,38,0.63
2026-06-10 23:11:47,211,60,1.0
2026-06-10 23:11:47,139,55,0.92
2026-06-10 23:11:47,66,46,0.77
2026-06-10 23:11:47,123,120,2.0
2026-06-10 23:11:47,208,186,3.1
2026-06-10 23:11:47,209,240,4.0
2026-06-10 23:11:47,48,104,1.73
2026-06-10 23:11:47,215,1026,17.1
2026-06-10 23:11:47,164,19,0.32
2026-06-10 23:11:47,105,94,1.57
2026-06-10 23:11:47,80,105,1.75
2026-06-10 23:11:47,198,249,4.15
2026-06-10 23:11:47,189,49,0.82
2026-06-10 23:11:47,193,43,0.72
2026-06-10 23:11:47,95,34,0.57
2026-06-10 23:11:47,172,54,0.9
2026-06-10 23:11:47,207,34,0.57
2026-06-10 23:11:47,172,60,1.0
2026-06-10 23:11:47,230,184,3.07
2026-06-10 23:11:47,13,53,0.88
2026-06-10 23:11:47,185,53,0.88
2026-06-10 23:11:47,38,64,1.07
2026-06-10 23:11:47,124,60,1.0
2026-06-10 23:11:47,48,104,1.73
2026-06-10 23:11:47,170,40,0.67
2026-06-10 23:11:47,61,145,2.42
2026-06-10 23:11:47,205,36,0.6
2026-06-10 23:11:47,18,68,1.13
2026-06-10 23:11:47,208,71,1.18
2026-06-10 23:11:47,128,22,0.37
2026-06-10 23:11:47,170,51,0.85
2026-06-10 23:11:47,17,78,1.3
2026-06-10 23:11:47,17,40,0.67
2026-06-10 23:17:57,33,59,0.98
2026-06-10 23:17:57,32,49,0.82
2026-06-10 23:17:57,36,40,0.67
2026-06-10 23:17:57,107,93,1.55
2026-06-10 23:17:57,92,67,1.12
2026-06-10 23:17:57,51,55,0.92
2026-06-10 23:17:57,38,29,0.48
2026-06-10 23:17:57,90,38,0.63
2026-06-10 23:17:57,171,140,2.33
2026-06-10 23:17:57,198,31,0.52
2026-06-10 23:17:57,68,40,0.67
2026-06-10 23:17:57,179,19,0.32
2026-06-10 23:17:57,136,11,0.18
2026-06-10 23:17:57,150,90,1.5
2026-06-10 23:17:57,31,46,0.77
2026-06-10 23:17:57,55,32,0.53
2026-06-10 23:17:57,128,42,0.7
2026-06-10 23:17:57,180,186,3.1
2026-06-10 23:17:57,203,46,0.77
2026-06-10 23:17:57,93,28,0.47
2026-06-10 23:17:57,86,54,0.9
2026-06-10 23:17:57,112,44,0.73
2026-06-10 23:17:57,208,20,0.33
2026-06-10 23:17:57,215,131,2.18
2026-06-10 23:17:57,48,192,3.2
2026-06-10 23:17:57,172,60,1.0
2026-06-10 23:17:57,123,49,0.82
2026-06-10 23:17:57,202,74,1.23
2026-06-10 23:17:57,68,39,0.65
2026-06-10 23:17:57,68,86,1.43
2026-06-10 23:17:57,197,45,0.75
2026-06-10 23:17:57,363,67,1.12
2026-06-10 23:17:57,34,71,1.18
2026-06-10 23:17:57,104,55,0.92
2026-06-10 23:17:57,202,227,3.78
2026-06-10 23:17:57,43,59,0.98
2026-06-10 23:17:57,777,240,4.0
2026-06-10 23:17:57,496,857,14.28
2026-06-10 23:17:57,439,112,1.87
2026-06-10 23:17:57,13,54,0.9
2026-06-10 23:17:57,174,26,0.43
2026-06-10 23:17:57,71,41,0.68
2026-06-10 23:17:57,11,14,0.23
2026-06-10 23:17:57,61,37,0.62
2026-06-10 23:17:57,123,120,2.0
2026-06-10 23:17:57,27,125,2.08
2026-06-10 23:17:57,171,120,2.0
2026-06-10 23:17:57,125,75,1.25
2026-06-10 23:17:57,209,240,4.0
2026-06-10 23:17:57,202,227,3.78
2026-06-10 23:17:57,79,84,1.4
2026-06-10 23:17:57,124,60,1.0
2026-06-10 23:17:57,180,103,1.72
2026-06-10 23:17:57,94,45,0.75
2026-06-10 23:17:57,114,33,0.55
2026-06-10 23:17:57,11,55,0.92
2026-06-10 23:17:57,94,48,0.8
2026-06-10 23:17:57,29,45,0.75
2026-06-10 23:17:57,95,34,0.57
2026-06-10 23:17:57,186,56,0.93
2026-06-10 23:17:57,160,50,0.83
2026-06-10 23:17:57,37,29,0.48
2026-06-10 23:17:57,28,20,0.33
2026-06-10 23:17:57,198,109,1.82
2026-06-10 23:18:01,70,26,0.43
2026-06-10 23:18:01,100,20,0.33
2026-06-10 23:18:01,56,44,0.73
2026-06-10 23:18:01,165,68,1.13
2026-06-10 23:18:01,165,62,1.03
2026-06-10 23:18:01,139,46,0.77
2026-06-10 23:18:01,129,44,0.73
2026-06-10 23:18:01,218,53,0.88
2026-06-10 23:18:01,141,33,0.55
2026-06-10 23:18:01,11,35,0.58
2026-06-10 23:18:01,44,68,1.13
2026-06-10 23:18:01,106,39,0.65
2026-06-10 23:18:01,215,24,0.4
2026-06-10 23:18:01,86,37,0.62
2026-06-10 23:18:01,102,50,0.83
2026-06-10 23:18:01,150,90,1.5
2026-06-10 23:18:01,141,29,0.48
2026-06-10 23:18:01,11,27,0.45
2026-06-10 23:18:01,129,108,1.8
2026-06-10 23:18:01,138,30,0.5
2026-06-10 23:18:01,125,67,1.12
2026-06-10 23:18:01,49,39,0.65
2026-06-10 23:18:01,215,38,0.63
2026-06-10 23:18:01,69,63,1.05
2026-06-10 23:18:01,61,87,1.45
2026-06-10 23:18:01,54,51,0.85
2026-06-10 23:18:01,54,82,1.37
2026-06-10 23:18:01,439,164,2.73
2026-06-10 23:18:01,71,38,0.63
2026-06-10 23:18:01,131,120,2.0
2026-06-10 23:18:01,18,181,3.02
2026-06-10 23:18:01,138,17,0.28
2026-06-10 23:18:01,13,73,1.22
2026-06-10 23:18:01,31,208,3.47
2026-06-10 23:18:01,197,78,1.3
2026-06-10 23:18:01,110,32,0.53
2026-06-10 23:18:01,86,35,0.58
2026-06-10 23:18:01,110,157,2.62
2026-06-10 23:18:01,18,68,1.13
2026-06-10 23:18:01,202,227,3.78
2026-06-10 23:18:01,124,60,1.0
2026-06-10 23:18:01,37,78,1.3
2026-06-10 23:18:01,44,54,0.9
2026-06-10 23:18:01,179,19,0.32
2026-06-10 23:18:01,131,21,0.35
2026-06-10 23:18:01,99,100,1.67
2026-06-10 23:18:01,13,53,0.88
2026-06-10 23:18:01,125,137,2.28
2026-06-10 23:18:01,34,71,1.18
2026-06-10 23:18:01,128,60,1.0
2026-06-10 23:18:01,214,138,2.3
2026-06-10 23:18:01,51,39,0.65
2026-06-10 23:18:01,141,41,0.68
2026-06-10 23:18:01,197,78,1.3
2026-06-10 23:18:01,777,300,5.0
2026-06-10 23:18:01,164,19,0.32
2026-06-10 23:18:01,105,94,1.57
2026-06-10 23:18:01,33,38,0.63
2026-06-10 23:18:01,80,105,1.75
2026-06-10 23:18:01,198,249,4.15
2026-06-10 23:18:01,218,48,0.8
2026-06-10 23:18:01,777,240,4.0
2026-06-10 23:18:01,496,84,1.4
2026-06-10 23:18:01,203,96,1.6
2026-06-10 23:18:01,186,56,0.93
2026-06-10 23:18:01,211,60,1.0
2026-06-10 23:18:01,214,55,0.92
2026-06-10 23:18:01,95,67,1.12
2026-06-10 23:18:01,93,111,1.85
2026-06-10 23:18:01,11,14,0.23
2026-06-10 23:18:01,56,86,1.43
2026-06-10 23:18:01,85,58,0.97
2026-06-10 23:18:01,162,27,0.45
2026-06-10 23:18:01,198,109,1.82
2026-06-10 23:18:01,207,227,3.78
2026-06-10 23:18:01,45,26,0.43
2026-06-10 23:18:01,168,52,0.87
2026-06-10 23:18:01,123,18,0.3
2026-06-10 23:19:02,138,29,0.48
2026-06-10 23:19:02,80,105,1.75
2026-06-10 23:19:02,136,66,1.1
2026-06-10 23:19:02,47,55,0.92
2026-06-10 23:19:02,179,29,0.48
2026-06-10 23:19:02,209,48,0.8
2026-06-10 23:19:02,177,22,0.37
2026-06-10 23:19:02,215,35,0.58
2026-06-10 23:19:02,34,62,1.03
2026-06-10 23:19:02,55,32,0.53
2026-06-10 23:19:02,108,99,1.65
2026-06-10 23:19:02,12,30,0.5
2026-06-10 23:19:02,166,57,0.95
2026-06-10 23:19:02,205,61,1.02
2026-06-10 23:19:02,61,56,0.93
2026-06-10 23:19:02,66,37,0.62
2026-06-10 23:19:02,85,25,0.42
2026-06-10 23:19:02,93,24,0.4
2026-06-10 23:19:02,196,23,0.38
2026-06-10 23:19:02,230,104,1.73
2026-06-10 23:19:02,31,65,1.08
2026-06-10 23:19:02,36,21,0.35
2026-06-10 23:19:02,45,63,1.05
2026-06-10 23:19:02,105,118,1.97
2026-06-10 23:19:02,195,33,0.55
2026-06-10 23:19:02,179,19,0.32
2026-06-10 23:19:02,161,184,3.07
2026-06-10 23:19:02,71,57,0.95
2026-06-10 23:19:02,195,151,2.52
2026-06-10 23:19:02,17,78,1.3
2026-06-10 23:19:02,363,67,1.12
2026-06-10 23:19:02,138,55,0.92
2026-06-10 23:19:02,164,19,0.32
2026-06-10 23:19:02,166,41,0.68
2026-06-10 23:19:02,55,155,2.58
2026-06-10 23:19:02,44,54,0.9
2026-06-10 23:19:02,67,42,0.7
2026-06-10 23:19:02,179,38,0.63
2026-06-10 23:19:02,100,28,0.47
2026-06-10 23:19:02,108,33,0.55
2026-06-10 23:19:02,28,20,0.33
2026-06-10 23:19:02,211,60,1.0
2026-06-10 23:19:02,172,54,0.9
2026-06-10 23:19:02,165,37,0.62
2026-06-10 23:19:02,104,17,0.28
2026-06-10 23:19:02,168,67,1.12
2026-06-10 23:19:02,128,60,1.0
2026-06-10 23:19:02,208,186,3.1
2026-06-10 23:19:02,144,127,2.12
2026-06-10 23:19:02,121,55,0.92
2026-06-10 23:19:02,79,84,1.4
2026-06-10 23:19:02,97,31,0.52
2026-06-10 23:19:02,230,50,0.83
2026-06-10 23:19:02,138,17,0.28
2026-06-10 23:19:02,203,96,1.6
2026-06-10 23:19:02,204,78,1.3
2026-06-10 23:19:02,172,54,0.9
2026-06-10 23:19:02,68,86,1.43
2026-06-10 23:19:02,47,99,1.65
2026-06-10 23:19:02,93,111,1.85
2026-06-10 23:19:02,70,29,0.48
2026-06-10 23:19:02,32,57,0.95
2026-06-10 23:19:02,439,112,1.87
2026-06-10 23:19:02,28,20,0.33
2026-06-10 23:19:02,100,78,1.3
2026-06-10 23:19:02,45,26,0.43
2026-06-10 23:19:02,128,22,0.37
2026-06-10 23:19:02,106,115,1.92
2026-06-10 23:20:03,439,71,1.18
2026-06-10 23:20:03,69,45,0.75
2026-06-10 23:20:03,747,14,0.23
2026-06-10 23:20:03,108,62,1.03
2026-06-10 23:20:03,128,37,0.62
2026-06-10 23:20:03,66,61,1.02
2026-06-10 23:20:03,128,10,0.17
2026-06-10 23:20:03,35,56,0.93
2026-06-10 23:20:03,80,79,1.32
2026-06-10 23:20:03,79,24,0.4
2026-06-10 23:20:03,44,59,0.98
2026-06-10 23:20:03,205,54,0.9
2026-06-10 23:20:03,189,13,0.22
2026-06-10 23:20:03,150,31,0.52
2026-06-10 23:20:03,70,123,2.05
2026-06-10 23:20:03,108,84,1.4
2026-06-10 23:20:03,28,54,0.9
2026-06-10 23:20:03,100,47,0.78
2026-06-10 23:20:03,31,65,1.08
2026-06-10 23:20:03,61,66,1.1
2026-06-10 23:20:03,192,37,0.62
2026-06-10 23:20:03,22,56,0.93
2026-06-10 23:20:03,136,66,1.1
2026-06-10 23:20:03,496,127,2.12
2026-06-10 23:20:03,196,23,0.38
2026-06-10 23:20:03,61,37,0.62
2026-06-10 23:20:03,187,48,0.8
2026-06-10 23:20:03,160,50,0.83
2026-06-10 23:20:03,54,32,0.53
2026-06-10 23:20:03,160,50,0.83
2026-06-10 23:20:03,747,158,2.63
2026-06-10 23:20:03,57,57,0.95
2026-06-10 23:20:03,439,112,1.87
2026-06-10 23:20:03,92,41,0.68
2026-06-10 23:20:03,61,37,0.62
2026-06-10 23:20:03,165,37,0.62
2026-06-10 23:20:03,38,64,1.07
2026-06-10 23:20:03,203,269,4.48
2026-06-10 23:20:03,106,115,1.92
2026-06-10 23:20:03,144,49,0.82
2026-06-10 23:20:03,123,18,0.3
2026-06-10 23:20:03,165,59,0.98
2026-06-10 23:20:03,10,49,0.82
2026-06-10 23:20:03,777,300,5.0
2026-06-10 23:20:03,218,48,0.8
2026-06-10 23:20:03,22,68,1.13
2026-06-10 23:20:03,131,21,0.35
2026-06-10 23:20:03,11,55,0.92
2026-06-10 23:20:03,496,84,1.4
2026-06-10 23:20:03,48,104,1.73
2026-06-10 23:20:03,166,60,1.0
2026-06-10 23:20:03,70,240,4.0
2026-06-10 23:20:03,160,50,0.83
2026-06-10 23:20:03,174,26,0.43
2026-06-10 23:20:03,47,67,1.12
2026-06-10 23:20:03,13,53,0.88
2026-06-10 23:20:03,198,109,1.82
2026-06-10 23:20:03,209,240,4.0
2026-06-10 23:20:03,103,48,0.8
2026-06-10 23:20:03,92,259,4.32
2026-06-10 23:20:03,121,55,0.92
2026-06-10 23:20:03,136,66,1.1
2026-06-10 23:21:04,97,135,2.25
2026-06-10 23:21:04,777,294,4.9
2026-06-10 23:21:04,202,45,0.75
2026-06-10 23:21:04,747,900,15.0
2026-06-10 23:21:04,22,25,0.42
2026-06-10 23:21:04,211,60,1.0
2026-06-10 23:21:04,196,27,0.45
2026-06-10 23:21:04,164,29,0.48
2026-06-10 23:21:04,215,53,0.88
2026-06-10 23:21:04,106,115,1.92
2026-06-10 23:21:04,102,51,0.85
2026-06-10 23:21:04,35,46,0.77
2026-06-10 23:21:04,439,49,0.82
2026-06-10 23:21:04,45,23,0.38
2026-06-10 23:21:04,128,50,0.83
2026-06-10 23:21:04,69,62,1.03
2026-06-10 23:21:04,104,42,0.7
2026-06-10 23:21:04,128,240,4.0
2026-06-10 23:21:04,80,60,1.0
2026-06-10 23:21:04,33,30,0.5
2026-06-10 23:21:04,47,60,1.0
2026-06-10 23:21:04,187,51,0.85
2026-06-10 23:21:04,44,75,1.25
2026-06-10 23:21:04,110,20,0.33
2026-06-10 23:21:04,215,42,0.7
2026-06-10 23:21:04,38,99,1.65
2026-06-10 23:21:04,127,35,0.58
2026-06-10 23:21:04,203,405,6.75
2026-06-10 23:21:04,69,54,0.9
2026-06-10 23:21:04,22,21,0.35
2026-06-10 23:21:04,166,60,1.0
2026-06-10 23:21:04,129,44,0.73
2026-06-10 23:21:04,165,37,0.62
2026-06-10 23:21:04,166,41,0.68
2026-06-10 23:21:04,215,131,2.18
2026-06-10 23:21:04,170,51,0.85
2026-06-10 23:21:04,48,104,1.73
2026-06-10 23:21:04,110,134,2.23
2026-06-10 23:21:04,747,158,2.63
2026-06-10 23:21:04,55,155,2.58
2026-06-10 23:21:04,777,240,4.0
2026-06-10 23:21:04,172,60,1.0
2026-06-10 23:21:04,36,114,1.9
2026-06-10 23:21:04,92,55,0.92
2026-06-10 23:21:04,93,72,1.2
2026-06-10 23:21:04,71,96,1.6
2026-06-10 23:21:04,171,74,1.23
2026-06-10 23:21:04,103,48,0.8
2026-06-10 23:21:04,128,60,1.0
2026-06-10 23:21:04,106,115,1.92
2026-06-10 23:21:04,212,92,1.53
2026-06-10 23:21:04,36,114,1.9
2026-06-10 23:21:04,187,107,1.78
2026-06-10 23:21:04,205,206,3.43
2026-06-10 23:21:04,192,37,0.62
2026-06-10 23:21:04,48,104,1.73
2026-06-10 23:21:04,174,26,0.43
2026-06-10 23:21:04,160,50,0.83
2026-06-10 23:21:04,121,26,0.43
2026-06-10 23:21:04,85,43,0.72
2026-06-10 23:21:04,37,29,0.48
2026-06-10 23:21:04,230,184,3.07
2026-06-10 23:21:04,189,83,1.38
2026-06-10 23:21:04,777,300,5.0
2026-06-10 23:21:04,45,26,0.43
2026-06-10 23:21:04,215,42,0.7
2026-06-10 23:22:05,29,15,0.25
2026-06-10 23:22:05,186,22,0.37
2026-06-10 23:22:05,69,59,0.98
2026-06-10 23:22:05,94,37,0.62
2026-06-10 23:22:05,172,54,0.9
2026-06-10 23:22:05,86,18,0.3
2026-06-10 23:22:05,496,33,0.55
2026-06-10 23:22:05,198,72,1.2
2026-06-10 23:22:05,44,65,1.08
2026-06-10 23:22:05,68,68,1.13
2026-06-10 23:22:05,197,42,0.7
2026-06-10 23:22:05,139,54,0.9
2026-06-10 23:22:05,168,60,1.0
2026-06-10 23:22:05,192,60,1.0
2026-06-10 23:22:05,11,143,2.38
2026-06-10 23:22:05,208,49,0.82
2026-06-10 23:22:05,100,65,1.08
2026-06-10 23:22:05,51,59,0.98
2026-06-10 23:22:05,140,26,0.43
2026-06-10 23:22:05,114,19,0.32
2026-06-10 23:22:05,54,43,0.72
2026-06-10 23:22:05,37,40,0.67
2026-06-10 23:22:05,45,26,0.43
2026-06-10 23:22:05,180,146,2.43
2026-06-10 23:22:05,411,1020,17.0
2026-06-10 23:22:05,69,54,0.9
2026-06-10 23:22:05,187,48,0.8
2026-06-10 23:22:05,97,155,2.58
2026-06-10 23:22:05,24,52,0.87
2026-06-10 23:22:05,197,78,1.3
2026-06-10 23:22:05,67,42,0.7
2026-06-10 23:22:05,193,43,0.72
2026-06-10 23:22:05,197,78,1.3
2026-06-10 23:22:05,86,35,0.58
2026-06-10 23:22:05,121,26,0.43
2026-06-10 23:22:05,166,41,0.68
2026-06-10 23:22:05,161,184,3.07
2026-06-10 23:22:05,125,86,1.43
2026-06-10 23:22:05,230,184,3.07
2026-06-10 23:22:05,22,46,0.77
2026-06-10 23:22:05,56,53,0.88
2026-06-10 23:22:05,209,79,1.32
2026-06-10 23:22:05,186,56,0.93
2026-06-10 23:22:05,74,83,1.38
2026-06-10 23:22:05,177,1,0.02
2026-06-10 23:22:05,100,78,1.3
2026-06-10 23:22:05,57,57,0.95
2026-06-10 23:22:05,49,60,1.0
2026-06-10 23:22:05,106,41,0.68
2026-06-10 23:22:05,211,60,1.0
2026-06-10 23:22:05,139,55,0.92
2026-06-10 23:22:05,38,64,1.07
2026-06-10 23:22:05,103,48,0.8
2026-06-10 23:22:05,112,45,0.75
2026-06-10 23:22:05,203,269,4.48
2026-06-10 23:22:05,189,83,1.38
2026-06-10 23:22:05,113,46,0.77
2026-06-10 23:22:05,164,19,0.32
2026-06-10 23:22:05,105,44,0.73
2026-06-10 23:22:05,747,158,2.63
2026-06-10 23:22:05,777,181,3.02
2026-06-10 23:22:05,34,42,0.7
2026-06-10 23:22:05,204,78,1.3
2026-06-10 23:22:05,70,240,4.0
2026-06-10 23:22:05,107,20,0.33
2026-06-10 23:22:05,43,19,0.32
2026-06-10 23:22:05,47,67,1.12
2026-06-10 23:22:05,37,78,1.3
2026-06-10 23:22:05,230,184,3.07
2026-06-10 23:22:05,123,120,2.0
2026-06-10 23:22:05,141,41,0.68
2026-06-10 23:23:06,136,57,0.95
2026-06-10 23:23:06,177,48,0.8
2026-06-10 23:23:06,174,12,0.2
2026-06-10 23:23:06,198,87,1.45
2026-06-10 23:23:06,97,109,1.82
2026-06-10 23:23:06,439,36,0.6
2026-06-10 23:23:06,61,29,0.48
2026-06-10 23:23:06,110,53,0.88
2026-06-10 23:23:06,103,105,1.75
2026-06-10 23:23:06,215,30,0.5
2026-06-10 23:23:06,123,94,1.57
2026-06-10 23:23:06,57,57,0.95
2026-06-10 23:23:06,209,40,0.67
2026-06-10 23:23:06,439,154,2.57
2026-06-10 23:23:06,28,46,0.77
2026-06-10 23:23:06,18,46,0.77
2026-06-10 23:23:06,105,60,1.0
2026-06-10 23:23:06,110,39,0.65
2026-06-10 23:23:06,230,43,0.72
2026-06-10 23:23:06,10,65,1.08
2026-06-10 23:23:06,48,51,0.85
2026-06-10 23:23:06,37,40,0.67
2026-06-10 23:23:06,129,32,0.53
2026-06-10 23:23:06,38,75,1.25
2026-06-10 23:23:06,85,96,1.6
2026-06-10 23:23:06,80,94,1.57
2026-06-10 23:23:06,55,48,0.8
2026-06-10 23:23:06,141,39,0.65
2026-06-10 23:23:06,496,76,1.27
2026-06-10 23:23:06,74,48,0.8
2026-06-10 23:23:06,496,46,0.77
2026-06-10 23:23:06,225,65,1.08
2026-06-10 23:23:06,68,20,0.33
2026-06-10 23:23:06,66,41,0.68
2026-06-10 23:23:06,192,47,0.78
2026-06-10 23:23:06,218,110,1.83
2026-06-10 23:23:06,104,55,0.92
2026-06-10 23:23:06,198,249,4.15
2026-06-10 23:23:06,211,113,1.88
2026-06-10 23:23:06,211,1020,17.0
2026-06-10 23:23:06,180,103,1.72
2026-06-10 23:23:06,214,138,2.3
2026-06-10 23:23:06,105,94,1.57
2026-06-10 23:23:06,187,107,1.78
2026-06-10 23:23:06,166,60,1.0
2026-06-10 23:23:06,80,105,1.75
2026-06-10 23:23:06,136,66,1.1
2026-06-10 23:23:06,100,28,0.47
2026-06-10 23:23:06,165,37,0.62
2026-06-10 23:23:06,207,34,0.57
2026-06-10 23:23:06,496,84,1.4
2026-06-10 23:23:06,31,208,3.47
2026-06-10 23:23:06,104,55,0.92
2026-06-10 23:23:06,86,35,0.58
2026-06-10 23:23:06,37,29,0.48
2026-06-10 23:23:06,121,26,0.43
2026-06-10 23:23:06,104,55,0.92
2026-06-10 23:23:06,202,227,3.78
2026-06-10 23:23:06,107,20,0.33
2026-06-10 23:23:06,74,83,1.38
2026-06-10 23:23:06,79,60,1.0
2026-06-10 23:23:06,51,39,0.65
2026-06-10 23:23:06,32,57,0.95
2026-06-10 23:23:06,38,360,6.0
2026-06-10 23:23:06,11,14,0.23
2026-06-10 23:23:06,17,40,0.67
2026-06-10 23:23:06,64,70,1.17
2026-06-10 23:23:06,34,71,1.18
2026-06-10 23:23:06,18,181,3.02
2026-06-10 23:23:06,51,39,0.65
2026-06-10 23:23:06,197,78,1.3
2026-06-10 23:23:06,97,155,2.58
2026-06-10 23:23:06,230,50,0.83
2026-06-10 23:23:06,195,151,2.52
2026-06-10 23:23:06,110,134,2.23
2026-06-10 23:23:06,43,19,0.32
2026-06-10 23:23:06,95,67,1.12
2026-06-10 23:23:06,108,33,0.55
2026-06-10 23:23:06,215,126,2.1
2026-06-10 23:23:06,11,14,0.23
2026-06-10 23:23:06,93,72,1.2
2026-06-10 23:23:06,127,49,0.82
2026-06-10 23:23:06,186,60,1.0
2026-06-10 23:24:07,33,27,0.45
2026-06-10 23:24:07,165,37,0.62
2026-06-10 23:24:07,49,40,0.67
2026-06-10 23:24:07,22,28,0.47
2026-06-10 23:24:07,28,23,0.38
2026-06-10 23:24:07,203,57,0.95
2026-06-10 23:24:07,86,22,0.37
2026-06-10 23:24:07,164,88,1.47
2026-06-10 23:24:07,136,63,1.05
2026-06-10 23:24:07,107,20,0.33
2026-06-10 23:24:07,29,43,0.72
2026-06-10 23:24:07,411,54,0.9
2026-06-10 23:24:07,187,39,0.65
2026-06-10 23:24:07,36,35,0.58
2026-06-10 23:24:07,195,18,0.3
2026-06-10 23:24:07,196,32,0.53
2026-06-10 23:24:07,209,33,0.55
2026-06-10 23:24:07,79,24,0.4
2026-06-10 23:24:07,67,53,0.88
2026-06-10 23:24:07,108,64,1.07
2026-06-10 23:24:07,92,39,0.65
2026-06-10 23:24:07,61,46,0.77
2026-06-10 23:24:07,411,164,2.73
2026-06-10 23:24:07,28,46,0.77
2026-06-10 23:24:07,160,41,0.68
2026-06-10 23:24:07,161,35,0.58
2026-06-10 23:24:07,193,37,0.62
2026-06-10 23:24:07,138,48,0.8
2026-06-10 23:24:07,94,37,0.62
2026-06-10 23:24:07,32,69,1.15
2026-06-10 23:24:07,162,86,1.43
2026-06-10 23:24:07,171,118,1.97
2026-06-10 23:24:07,747,398,6.63
2026-06-10 23:24:07,136,66,1.1
2026-06-10 23:24:07,777,108,1.8
2026-06-10 23:24:07,68,86,1.43
2026-06-10 23:24:07,34,71,1.18
2026-06-10 23:24:07,107,20,0.33
2026-06-10 23:24:07,215,126,2.1
2026-06-10 23:24:07,18,68,1.13
2026-06-10 23:24:07,67,42,0.7
2026-06-10 23:24:07,108,33,0.55
2026-06-10 23:24:07,80,40,0.67
2026-06-10 23:24:07,168,67,1.12
2026-06-10 23:24:07,123,18,0.3
2026-06-10 23:24:07,129,61,1.02
2026-06-10 23:24:07,93,111,1.85
2026-06-10 23:24:07,170,51,0.85
2026-06-10 23:24:07,79,84,1.4
2026-06-10 23:24:07,22,68,1.13
2026-06-10 23:24:07,105,44,0.73
2026-06-10 23:24:07,189,49,0.82
2026-06-10 23:24:07,160,50,0.83
2026-06-10 23:24:07,195,151,2.52
2026-06-10 23:24:07,29,45,0.75
2026-06-10 23:24:07,31,208,3.47
2026-06-10 23:24:07,64,102,1.7
2026-06-10 23:24:07,185,65,1.08
2026-06-10 23:24:07,164,108,1.8
2026-06-10 23:24:07,37,29,0.48
2026-06-10 23:24:07,108,47,0.78
2026-06-10 23:24:07,27,46,0.77
2026-06-10 23:24:07,13,53,0.88
2026-06-10 23:24:07,208,186,3.1
2026-06-10 23:25:08,55,29,0.48
2026-06-10 23:25:08,49,26,0.43
2026-06-10 23:25:08,193,157,2.62
2026-06-10 23:25:08,187,48,0.8
2026-06-10 23:25:08,10,50,0.83
2026-06-10 23:25:08,48,55,0.92
2026-06-10 23:25:08,196,79,1.32
2026-06-10 23:25:08,18,104,1.73
2026-06-10 23:25:08,209,53,0.88
2026-06-10 23:25:08,90,48,0.8
2026-06-10 23:25:08,496,45,0.75
2026-06-10 23:25:08,138,48,0.8
2026-06-10 23:25:08,186,56,0.93
2026-06-10 23:25:08,196,29,0.48
2026-06-10 23:25:08,139,27,0.45
2026-06-10 23:25:08,177,42,0.7
2026-06-10 23:25:08,64,69,1.15
2026-06-10 23:25:08,27,46,0.77
2026-06-10 23:25:08,128,41,0.68
2026-06-10 23:25:08,66,33,0.55
2026-06-10 23:25:08,33,42,0.7
2026-06-10 23:25:08,11,14,0.23
2026-06-10 23:25:08,69,80,1.33
2026-06-10 23:25:08,92,259,4.32
2026-06-10 23:25:08,172,54,0.9
2026-06-10 23:25:08,28,27,0.45
2026-06-10 23:25:08,171,118,1.97
2026-06-10 23:25:08,61,145,2.42
2026-06-10 23:25:08,180,33,0.55
2026-06-10 23:25:08,100,28,0.47
2026-06-10 23:25:08,129,44,0.73
2026-06-10 23:25:08,161,184,3.07
2026-06-10 23:25:08,439,81,1.35
2026-06-10 23:25:08,68,86,1.43
2026-06-10 23:25:08,363,67,1.12
2026-06-10 23:25:08,95,54,0.9
2026-06-10 23:25:08,186,56,0.93
2026-06-10 23:25:08,129,79,1.32
2026-06-10 23:25:08,150,59,0.98
2026-06-10 23:25:08,496,857,14.28
2026-06-10 23:25:08,49,106,1.77
2026-06-10 23:25:08,61,37,0.62
2026-06-10 23:25:08,57,59,0.98
2026-06-10 23:25:08,171,120,2.0
2026-06-10 23:25:08,56,53,0.88
2026-06-10 23:25:08,203,269,4.48
2026-06-10 23:25:08,144,49,0.82
2026-06-10 23:25:08,189,83,1.38
2026-06-10 23:25:08,165,59,0.98
2026-06-10 23:25:08,51,39,0.65
2026-06-10 23:25:08,164,19,0.32
2026-06-10 23:25:08,55,155,2.58
2026-06-10 23:25:08,180,103,1.72
2026-06-10 23:25:08,150,236,3.93
2026-06-10 23:25:08,747,158,2.63
2026-06-10 23:25:08,202,74,1.23
2026-06-10 23:25:08,172,60,1.0
2026-06-10 23:25:08,174,26,0.43
2026-06-10 23:25:08,211,60,1.0
2026-06-10 23:25:08,174,26,0.43
2026-06-10 23:25:08,208,186,3.1
2026-06-10 23:25:08,204,68,1.13
2026-06-10 23:26:09,165,26,0.43
2026-06-10 23:26:09,161,46,0.77
2026-06-10 23:26:09,18,45,0.75
2026-06-10 23:26:09,36,59,0.98
2026-06-10 23:26:09,94,14,0.23
2026-06-10 23:26:09,38,54,0.9
2026-06-10 23:26:09,439,153,2.55
2026-06-10 23:26:09,211,18,0.3
2026-06-10 23:26:09,138,63,1.05
2026-06-10 23:26:09,97,71,1.18
2026-06-10 23:26:09,172,57,0.95
2026-06-10 23:26:09,29,26,0.43
2026-06-10 23:26:09,37,44,0.73
2026-06-10 23:26:09,57,114,1.9
2026-06-10 23:26:09,139,28,0.47
2026-06-10 23:26:09,139,93,1.55
2026-06-10 23:26:09,28,35,0.58
2026-06-10 23:26:09,54,27,0.45
2026-06-10 23:26:09,11,75,1.25
2026-06-10 23:26:09,172,50,0.83
2026-06-10 23:26:09,48,99,1.65
2026-06-10 23:26:09,439,115,1.92
2026-06-10 23:26:09,94,42,0.7
2026-06-10 23:26:09,192,34,0.57
2026-06-10 23:26:09,33,28,0.47
2026-06-10 23:26:09,202,50,0.83
2026-06-10 23:26:09,110,32,0.53
2026-06-10 23:26:09,174,26,0.43
2026-06-10 23:26:09,128,57,0.95
2026-06-10 23:26:09,69,44,0.73
2026-06-10 23:26:09,123,18,0.3
2026-06-10 23:26:09,100,78,1.3
2026-06-10 23:26:09,56,86,1.43
2026-06-10 23:26:09,207,34,0.57
2026-06-10 23:26:09,220,154,2.57
2026-06-10 23:26:09,32,69,1.15
2026-06-10 23:26:09,198,109,1.82
2026-06-10 23:26:09,48,104,1.73
2026-06-10 23:26:09,27,46,0.77
2026-06-10 23:26:09,71,41,0.68
2026-06-10 23:26:09,171,118,1.97
2026-06-10 23:26:09,61,145,2.42
2026-06-10 23:26:09,777,300,5.0
2026-06-10 23:26:09,747,398,6.63
2026-06-10 23:26:09,179,18,0.3
2026-06-10 23:26:09,97,155,2.58
2026-06-10 23:26:09,189,37,0.62
2026-06-10 23:26:09,777,240,4.0
2026-06-10 23:26:09,195,143,2.38
2026-06-10 23:26:09,31,208,3.47
2026-06-10 23:26:09,97,31,0.52
2026-06-10 23:26:09,160,50,0.83
2026-06-10 23:26:09,125,86,1.43
2026-06-10 23:26:09,54,43,0.72
2026-06-10 23:26:09,79,60,1.0
2026-06-10 23:26:09,51,39,0.65
2026-06-10 23:26:09,44,70,1.17
2026-06-10 23:26:09,32,57,0.95
2026-06-10 23:26:09,47,99,1.65
2026-06-10 23:26:09,108,47,0.78
2026-06-10 23:26:09,211,60,1.0
2026-06-10 23:26:09,38,360,6.0
2026-06-10 23:26:09,64,70,1.17
2026-06-10 23:26:09,57,59,0.98
2026-06-10 23:26:09,61,145,2.42
2026-06-10 23:26:09,165,59,0.98
2026-06-10 23:26:09,113,46,0.77
2026-06-10 23:26:09,10,49,0.82
2026-06-10 23:26:09,33,38,0.63
2026-06-10 23:26:09,193,63,1.05
2026-06-10 23:26:09,94,48,0.8
2026-06-10 23:26:09,64,102,1.7
2026-06-10 23:26:09,86,35,0.58
2026-06-10 23:26:09,110,32,0.53
2026-06-10 23:26:09,47,99,1.65
2026-06-10 23:26:09,95,67,1.12
2026-06-10 23:26:09,141,41,0.68
2026-06-10 23:26:09,44,70,1.17
2026-06-10 23:26:09,189,83,1.38
2026-06-10 23:26:09,207,227,3.78
2026-06-10 23:26:09,18,68,1.13
2026-06-10 23:27:10,496,25,0.42
2026-06-10 23:27:10,10,82,1.37
2026-06-10 23:27:10,106,65,1.08
2026-06-10 23:27:10,49,42,0.7
2026-06-10 23:27:10,95,46,0.77
2026-06-10 23:27:10,124,19,0.32
2026-06-10 23:27:10,10,19,0.32
2026-06-10 23:27:10,51,49,0.82
2026-06-10 23:27:10,90,83,1.38
2026-06-10 23:27:10,208,26,0.43
2026-06-10 23:27:10,44,49,0.82
2026-06-10 23:27:10,61,23,0.38
2026-06-10 23:27:10,86,53,0.88
2026-06-10 23:27:10,140,28,0.47
2026-06-10 23:27:10,180,103,1.72
2026-06-10 23:27:10,411,34,0.57
2026-06-10 23:27:10,33,26,0.43
2026-06-10 23:27:10,17,62,1.03
2026-06-10 23:27:10,94,38,0.63
2026-06-10 23:27:10,33,43,0.72
2026-06-10 23:27:10,49,13,0.22
2026-06-10 23:27:10,24,95,1.58
2026-06-10 23:27:10,66,109,1.82
2026-06-10 23:27:10,206,41,0.68
2026-06-10 23:27:10,189,17,0.28
2026-06-10 23:27:10,31,56,0.93
2026-06-10 23:27:10,43,19,0.32
2026-06-10 23:27:10,141,31,0.52
2026-06-10 23:27:10,67,91,1.52
2026-06-10 23:27:10,128,60,1.0
2026-06-10 23:27:10,180,146,2.43
2026-06-10 23:27:10,100,78,1.3
2026-06-10 23:27:10,22,46,0.77
2026-06-10 23:27:10,55,124,2.07
2026-06-10 23:27:10,187,48,0.8
2026-06-10 23:27:10,92,259,4.32
2026-06-10 23:27:10,44,120,2.0
2026-06-10 23:27:10,136,13,0.22
2026-06-10 23:27:10,128,22,0.37
2026-06-10 23:27:10,172,54,0.9
2026-06-10 23:27:10,24,44,0.73
2026-06-10 23:27:10,57,57,0.95
2026-06-10 23:27:10,71,41,0.68
2026-06-10 23:27:10,192,37,0.62
2026-06-10 23:27:10,129,44,0.73
2026-06-10 23:27:10,161,184,3.07
2026-06-10 23:27:10,411,75,1.25
2026-06-10 23:27:10,37,29,0.48
2026-06-10 23:27:10,411,1020,17.0
2026-06-10 23:27:10,18,68,1.13
2026-06-10 23:27:10,161,184,3.07
2026-06-10 23:27:10,125,137,2.28
2026-06-10 23:27:10,44,54,0.9
2026-06-10 23:27:10,51,39,0.65
2026-06-10 23:27:10,44,70,1.17
2026-06-10 23:27:10,100,78,1.3
2026-06-10 23:27:10,206,215,3.58
2026-06-10 23:27:10,131,21,0.35
2026-06-10 23:27:10,150,236,3.93
2026-06-10 23:27:10,123,120,2.0
2026-06-10 23:27:10,57,59,0.98
2026-06-10 23:27:10,144,49,0.82
2026-06-10 23:27:10,106,115,1.92
2026-06-10 23:27:10,197,78,1.3
2026-06-10 23:27:10,164,19,0.32
2026-06-10 23:27:10,105,94,1.57
2026-06-10 23:27:10,80,105,1.75
2026-06-10 23:27:10,161,23,0.38
2026-06-10 23:27:10,94,45,0.75
2026-06-10 23:27:10,140,120,2.0
2026-06-10 23:27:10,105,44,0.73
2026-06-10 23:27:10,94,48,0.8
2026-06-10 23:27:10,166,60,1.0
2026-06-10 23:27:10,195,143,2.38
2026-06-10 23:27:10,90,75,1.25
2026-06-10 23:27:10,141,41,0.68
2026-06-10 23:27:10,208,186,3.1
2026-06-10 23:27:10,170,40,0.67
2026-06-10 23:27:10,18,68,1.13
2026-06-10 23:27:10,215,42,0.7
2026-06-10 23:27:58,95,16,0.27
2026-06-10 23:27:58,204,55,0.92
2026-06-10 23:27:58,777,240,4.0
2026-06-10 23:27:58,138,47,0.78
2026-06-10 23:27:58,140,22,0.37
2026-06-10 23:27:58,205,90,1.5
2026-06-10 23:27:58,28,35,0.58
2026-06-10 23:27:58,439,68,1.13
2026-06-10 23:27:58,204,37,0.62
2026-06-10 23:27:58,195,49,0.82
2026-06-10 23:27:58,177,27,0.45
2026-06-10 23:27:58,192,64,1.07
2026-06-10 23:27:58,198,44,0.73
2026-06-10 23:27:58,45,62,1.03
2026-06-10 23:27:58,114,42,0.7
2026-06-10 23:27:58,208,26,0.43
2026-06-10 23:27:58,202,41,0.68
2026-06-10 23:27:58,123,64,1.07
2026-06-10 23:27:58,139,24,0.4
2026-06-10 23:27:58,31,56,0.93
2026-06-10 23:27:58,22,434,7.23
2026-06-10 23:27:58,48,30,0.5
2026-06-10 23:27:58,33,36,0.6
2026-06-10 23:27:58,198,317,5.28
2026-06-10 23:27:58,172,22,0.37
2026-06-10 23:27:58,95,33,0.55
2026-06-10 23:27:58,230,147,2.45
2026-06-10 23:27:58,10,59,0.98
2026-06-10 23:27:58,411,164,2.73
2026-06-10 23:27:58,64,70,1.17
2026-06-10 23:27:58,127,110,1.83
2026-06-10 23:27:58,22,46,0.77
2026-06-10 23:27:58,230,50,0.83
2026-06-10 23:27:58,141,41,0.68
2026-06-10 23:27:58,33,32,0.53
2026-06-10 23:27:58,128,22,0.37
2026-06-10 23:27:58,68,77,1.28
2026-06-10 23:27:58,747,398,6.63
2026-06-10 23:27:58,179,18,0.3
2026-06-10 23:27:58,138,17,0.28
2026-06-10 23:27:58,747,900,15.0
2026-06-10 23:27:58,195,151,2.52
2026-06-10 23:27:58,104,55,0.92
2026-06-10 23:27:58,110,134,2.23
2026-06-10 23:27:58,164,108,1.8
2026-06-10 23:27:58,70,29,0.48
2026-06-10 23:27:58,18,68,1.13
2026-06-10 23:27:58,150,59,0.98
2026-06-10 23:27:58,64,102,1.7
2026-06-10 23:27:58,100,28,0.47
2026-06-10 23:27:58,172,60,1.0
2026-06-10 23:27:58,36,114,1.9
2026-06-10 23:27:58,131,21,0.35
2026-06-10 23:27:58,64,52,0.87
2026-06-10 23:27:58,56,53,0.88
2026-06-10 23:27:58,127,110,1.83
2026-06-10 23:27:58,61,145,2.42
2026-06-10 23:27:58,129,61,1.02
2026-06-10 23:27:58,90,16,0.27
2026-06-10 23:27:58,79,60,1.0
2026-06-10 23:27:58,55,155,2.58
2026-06-10 23:27:58,71,96,1.6
2026-06-10 23:27:58,777,240,4.0
2026-06-10 23:27:58,55,47,0.78
2026-06-10 23:27:58,131,21,0.35
2026-06-10 23:27:58,31,208,3.47
2026-06-10 23:27:58,64,102,1.7
2026-06-10 23:27:58,185,65,1.08
2026-06-10 23:27:58,85,43,0.72
2026-06-10 23:27:58,162,27,0.45
2026-06-10 23:28:11,97,63,1.05
2026-06-10 23:28:11,17,41,0.68
2026-06-10 23:28:11,57,26,0.43
2026-06-10 23:28:11,18,35,0.58
2026-06-10 23:28:11,33,26,0.43
2026-06-10 23:28:11,747,114,1.9
2026-06-10 23:28:11,51,36,0.6
2026-06-10 23:28:11,186,31,0.52
2026-06-10 23:28:11,179,43,0.72
2026-06-10 23:28:11,128,49,0.82
2026-06-10 23:28:11,136,35,0.58
2026-06-10 23:28:11,193,52,0.87
2026-06-10 23:28:11,105,105,1.75
2026-06-10 23:28:11,150,31,0.52
2026-06-10 23:28:11,54,90,1.5
2026-06-10 23:28:11,411,46,0.77
2026-06-10 23:28:11,113,118,1.97
2026-06-10 23:28:11,170,78,1.3
2026-06-10 23:28:11,136,41,0.68
2026-06-10 23:28:11,86,44,0.73
2026-06-10 23:28:11,129,45,0.75
2026-06-10 23:28:11,64,70,1.17
2026-06-10 23:28:11,127,49,0.82
2026-06-10 23:28:11,27,46,0.77
2026-06-10 23:28:11,168,67,1.12
2026-06-10 23:28:11,166,41,0.68
2026-06-10 23:28:11,187,48,0.8
2026-06-10 23:28:11,57,57,0.95
2026-06-10 23:28:11,185,53,0.88
2026-06-10 23:28:11,170,40,0.67
2026-06-10 23:28:11,49,60,1.0
2026-06-10 23:28:11,161,23,0.38
2026-06-10 23:28:11,162,27,0.45
2026-06-10 23:28:11,161,23,0.38
2026-06-10 23:28:11,107,20,0.33
2026-06-10 23:28:11,179,19,0.32
2026-06-10 23:28:11,141,41,0.68
2026-06-10 23:28:11,51,23,0.38
2026-06-10 23:28:11,64,102,1.7
2026-06-10 23:28:11,177,35,0.58
2026-06-10 23:28:11,64,52,0.87
2026-06-10 23:28:11,13,53,0.88
2026-06-10 23:28:11,150,236,3.93
2026-06-10 23:28:11,17,40,0.67
2026-06-10 23:28:11,66,46,0.77
2026-06-10 23:28:11,38,64,1.07
2026-06-10 23:28:11,92,222,3.7
2026-06-10 23:28:11,113,46,0.77
2026-06-10 23:28:11,202,227,3.78
2026-06-10 23:28:11,197,78,1.3
2026-06-10 23:28:11,187,107,1.78
2026-06-10 23:28:11,198,249,4.15
2026-06-10 23:28:11,110,134,2.23
2026-06-10 23:28:11,121,26,0.43
2026-06-10 23:28:11,174,26,0.43
2026-06-10 23:28:11,85,43,0.72
2026-06-10 23:28:11,38,64,1.07
2026-06-10 23:28:11,141,41,0.68
2026-06-10 23:29:12,195,46,0.77
2026-06-10 23:29:12,121,52,0.87
2026-06-10 23:29:12,114,76,1.27
2026-06-10 23:29:12,128,11,0.18
2026-06-10 23:29:12,139,44,0.73
2026-06-10 23:29:12,196,34,0.57
2026-06-10 23:29:12,139,91,1.52
2026-06-10 23:29:12,202,85,1.42
2026-06-10 23:29:12,100,20,0.33
2026-06-10 23:29:12,32,94,1.57
2026-06-10 23:29:12,187,68,1.13
2026-06-10 23:29:12,140,44,0.73
2026-06-10 23:29:12,44,42,0.7
2026-06-10 23:29:12,36,45,0.75
2026-06-10 23:29:12,66,55,0.92
2026-06-10 23:29:12,195,28,0.47
2026-06-10 23:29:12,124,23,0.38
2026-06-10 23:29:12,112,58,0.97
2026-06-10 23:29:12,192,43,0.72
2026-06-10 23:29:12,125,35,0.58
2026-06-10 23:29:12,439,68,1.13
2026-06-10 23:29:12,230,147,2.45
2026-06-10 23:29:12,215,131,2.18
2026-06-10 23:29:12,206,35,0.58
2026-06-10 23:29:12,34,71,1.18
2026-06-10 23:29:12,110,157,2.62
2026-06-10 23:29:12,54,32,0.53
2026-06-10 23:29:12,74,83,1.38
2026-06-10 23:29:12,205,36,0.6
2026-06-10 23:29:12,44,120,2.0
2026-06-10 23:29:12,103,48,0.8
2026-06-10 23:29:12,28,27,0.45
2026-06-10 23:29:12,180,103,1.72
2026-06-10 23:29:12,171,74,1.23
2026-06-10 23:29:12,192,37,0.62
2026-06-10 23:29:12,777,108,1.8
2026-06-10 23:29:12,215,131,2.18
2026-06-10 23:29:12,67,55,0.92
2026-06-10 23:29:12,18,181,3.02
2026-06-10 23:29:12,28,27,0.45
2026-06-10 23:29:12,54,32,0.53
2026-06-10 23:29:12,104,55,0.92
2026-06-10 23:29:12,95,34,0.57
2026-06-10 23:29:12,37,29,0.48
2026-06-10 23:29:12,104,55,0.92
2026-06-10 23:29:12,47,67,1.12
2026-06-10 23:29:12,100,78,1.3
2026-06-10 23:29:12,100,28,0.47
2026-06-10 23:29:12,172,60,1.0
2026-06-10 23:29:12,131,21,0.35
2026-06-10 23:29:12,11,14,0.23
2026-06-10 23:29:12,61,37,0.62
2026-06-10 23:29:12,171,74,1.23
2026-06-10 23:29:12,38,64,1.07
2026-06-10 23:29:12,112,45,0.75
2026-06-10 23:29:12,138,55,0.92
2026-06-10 23:29:12,127,110,1.83
2026-06-10 23:29:12,170,51,0.85
2026-06-10 23:29:12,141,41,0.68
2026-06-10 23:29:12,124,60,1.0
2026-06-10 23:29:12,55,155,2.58
2026-06-10 23:29:12,33,38,0.63
2026-06-10 23:29:12,80,105,1.75
2026-06-10 23:29:12,230,50,0.83
2026-06-10 23:29:12,160,50,0.83
2026-06-10 23:29:12,203,96,1.6
2026-06-10 23:29:12,166,60,1.0
2026-06-10 23:29:12,110,134,2.23
2026-06-10 23:29:12,70,240,4.0
2026-06-10 23:29:12,43,19,0.32
2026-06-10 23:29:12,47,99,1.65
2026-06-10 23:29:12,108,47,0.78
2026-06-10 23:29:12,44,70,1.17
2026-06-10 23:29:12,204,68,1.13
2026-06-10 23:30:13,187,28,0.47
2026-06-10 23:30:13,144,108,1.8
2026-06-10 23:30:13,10,8,0.13
2026-06-10 23:30:13,121,67,1.12
2026-06-10 23:30:13,747,22,0.37
2026-06-10 23:30:13,86,33,0.55
2026-06-10 23:30:13,33,27,0.45
2026-06-10 23:30:13,140,30,0.5
2026-06-10 23:30:13,198,46,0.77
2026-06-10 23:30:13,215,31,0.52
2026-06-10 23:30:13,195,18,0.3
2026-06-10 23:30:13,86,58,0.97
2026-06-10 23:30:13,207,32,0.53
2026-06-10 23:30:13,44,55,0.92
2026-06-10 23:30:13,69,77,1.28
2026-06-10 23:30:13,174,490,8.17
2026-06-10 23:30:13,187,83,1.38
2026-06-10 23:30:13,55,22,0.37
2026-06-10 23:30:13,162,30,0.5
2026-06-10 23:30:13,139,91,1.52
2026-06-10 23:30:13,34,47,0.78
2026-06-10 23:30:13,209,240,4.0
2026-06-10 23:30:13,208,71,1.18
2026-06-10 23:30:13,127,56,0.93
2026-06-10 23:30:13,174,26,0.43
2026-06-10 23:30:13,79,84,1.4
2026-06-10 23:30:13,85,58,0.97
2026-06-10 23:30:13,127,31,0.52
2026-06-10 23:30:13,104,55,0.92
2026-06-10 23:30:13,110,32,0.53
2026-06-10 23:30:13,100,78,1.3
2026-06-10 23:30:13,54,32,0.53
2026-06-10 23:30:13,166,41,0.68
2026-06-10 23:30:13,57,57,0.95
2026-06-10 23:30:13,54,43,0.72
2026-06-10 23:30:13,102,121,2.02
2026-06-10 23:30:13,105,94,1.57
2026-06-10 23:30:13,193,63,1.05
2026-06-10 23:30:13,777,108,1.8
2026-06-10 23:30:13,100,28,0.47
2026-06-10 23:30:13,67,55,0.92
2026-06-10 23:30:13,170,40,0.67
2026-06-10 23:30:13,162,27,0.45
2026-06-10 23:30:13,37,29,0.48
2026-06-10 23:30:13,411,1020,17.0
2026-06-10 23:30:13,164,108,1.8
2026-06-10 23:30:13,747,900,15.0
2026-06-10 23:30:13,125,83,1.38
2026-06-10 23:30:13,112,59,0.98
2026-06-10 23:30:13,150,59,0.98
2026-06-10 23:30:13,108,33,0.55
2026-06-10 23:30:13,11,14,0.23
2026-06-10 23:30:13,86,33,0.55
2026-06-10 23:30:13,209,240,4.0
2026-06-10 23:30:13,113,71,1.18
2026-06-10 23:30:13,165,59,0.98
2026-06-10 23:30:13,79,60,1.0
2026-06-10 23:30:13,97,155,2.58
2026-06-10 23:30:13,192,37,0.62
2026-06-10 23:30:13,496,84,1.4
2026-06-10 23:30:13,94,48,0.8
2026-06-10 23:30:13,195,151,2.52
2026-06-10 23:30:13,202,74,1.23
2026-06-10 23:30:13,204,78,1.3
2026-06-10 23:30:13,95,34,0.57
2026-06-10 23:30:13,110,134,2.23
2026-06-10 23:30:13,186,56,0.93
2026-06-10 23:30:13,37,78,1.3
2026-06-10 23:30:13,108,33,0.55
2026-06-10 23:30:13,177,35,0.58
2026-06-10 23:30:13,189,83,1.38
2026-06-10 23:30:13,204,30,0.5
2026-06-10 23:31:14,47,57,0.95
2026-06-10 23:31:14,140,40,0.67
2026-06-10 23:31:14,86,47,0.78
2026-06-10 23:31:14,185,39,0.65
2026-06-10 23:31:14,48,23,0.38
2026-06-10 23:31:14,202,46,0.77
2026-06-10 23:31:14,79,44,0.73
2026-06-10 23:31:14,66,30,0.5
2026-06-10 23:31:14,56,53,0.88
2026-06-10 23:31:14,44,26,0.43
2026-06-10 23:31:14,92,40,0.67
2026-06-10 23:31:14,128,61,1.02
2026-06-10 23:31:14,192,17,0.28
2026-06-10 23:31:14,164,57,0.95
2026-06-10 23:31:14,28,30,0.5
2026-06-10 23:31:14,209,36,0.6
2026-06-10 23:31:14,747,20,0.33
2026-06-10 23:31:14,18,59,0.98
2026-06-10 23:31:14,139,20,0.33
2026-06-10 23:31:14,211,60,1.0
2026-06-10 23:31:14,90,72,1.2
2026-06-10 23:31:14,127,31,0.52
2026-06-10 23:31:14,187,28,0.47
2026-06-10 23:31:14,128,44,0.73
2026-06-10 23:31:14,97,31,0.52
2026-06-10 23:31:14,198,95,1.58
2026-06-10 23:31:14,103,48,0.8
2026-06-10 23:31:14,125,75,1.25
2026-06-10 23:31:14,57,83,1.38
2026-06-10 23:31:14,129,28,0.47
2026-06-10 23:31:14,67,55,0.92
2026-06-10 23:31:14,129,61,1.02
2026-06-10 23:31:14,141,41,0.68
2026-06-10 23:31:14,80,95,1.58
2026-06-10 23:31:14,211,60,1.0
2026-06-10 23:31:14,64,70,1.17
2026-06-10 23:31:14,93,81,1.35
2026-06-10 23:31:14,193,43,0.72
2026-06-10 23:31:14,10,39,0.65
2026-06-10 23:31:14,27,46,0.77
2026-06-10 23:31:14,166,60,1.0
2026-06-10 23:31:14,192,37,0.62
2026-06-10 23:31:14,193,43,0.72
2026-06-10 23:31:14,197,78,1.3
2026-06-10 23:31:14,204,78,1.3
2026-06-10 23:31:14,121,26,0.43
2026-06-10 23:31:14,160,50,0.83
2026-06-10 23:31:14,185,65,1.08
2026-06-10 23:31:14,32,57,0.95
2026-06-10 23:31:14,66,55,0.92
2026-06-10 23:31:14,56,86,1.43
2026-06-10 23:31:14,99,100,1.67
2026-06-10 23:31:14,71,96,1.6
2026-06-10 23:31:14,38,64,1.07
2026-06-10 23:31:14,24,21,0.35
2026-06-10 23:31:14,162,86,1.43
2026-06-10 23:31:14,209,240,4.0
2026-06-10 23:31:14,123,18,0.3
2026-06-10 23:31:14,45,26,0.43
2026-06-10 23:31:14,212,92,1.53
2026-06-10 23:31:14,205,206,3.43
2026-06-10 23:31:14,230,50,0.83
2026-06-10 23:31:14,777,181,3.02
2026-06-10 23:31:14,195,143,2.38
2026-06-10 23:31:14,37,78,1.3
2026-06-10 23:31:14,38,64,1.07
2026-06-10 23:32:15,411,55,0.92
2026-06-10 23:32:15,67,64,1.07
2026-06-10 23:32:15,205,53,0.88
2026-06-10 23:32:15,80,56,0.93
2026-06-10 23:32:15,139,59,0.98
2026-06-10 23:32:15,193,49,0.82
2026-06-10 23:32:15,204,60,1.0
2026-06-10 23:32:15,172,46,0.77
2026-06-10 23:32:15,208,33,0.55
2026-06-10 23:32:15,166,59,0.98
2026-06-10 23:32:15,49,27,0.45
2026-06-10 23:32:15,113,41,0.68
2026-06-10 23:32:15,24,39,0.65
2026-06-10 23:32:15,161,35,0.58
2026-06-10 23:32:15,211,197,3.28
2026-06-10 23:32:15,48,37,0.62
2026-06-10 23:32:15,439,165,2.75
2026-06-10 23:32:15,202,47,0.78
2026-06-10 23:32:15,67,148,2.47
2026-06-10 23:32:15,168,17,0.28
2026-06-10 23:32:15,189,29,0.48
2026-06-10 23:32:15,28,37,0.62
2026-06-10 23:32:15,100,124,2.07
2026-06-10 23:32:15,11,131,2.18
2026-06-10 23:32:15,54,90,1.5
2026-06-10 23:32:15,209,35,0.58
2026-06-10 23:32:15,439,271,4.52
2026-06-10 23:32:15,171,25,0.42
2026-06-10 23:32:15,38,64,1.07
2026-06-10 23:32:15,187,48,0.8
2026-06-10 23:32:15,45,36,0.6
2026-06-10 23:32:15,198,95,1.58
2026-06-10 23:32:15,90,16,0.27
2026-06-10 23:32:15,24,18,0.3
2026-06-10 23:32:15,138,47,0.78
2026-06-10 23:32:15,161,184,3.07
2026-06-10 23:32:15,48,104,1.73
2026-06-10 23:32:15,174,26,0.43
2026-06-10 23:32:15,51,23,0.38
2026-06-10 23:32:15,198,249,4.15
2026-06-10 23:32:15,57,57,0.95
2026-06-10 23:32:15,10,39,0.65
2026-06-10 23:32:15,211,1020,17.0
2026-06-10 23:32:15,102,51,0.85
2026-06-10 23:32:15,69,54,0.9
2026-06-10 23:32:15,105,44,0.73
2026-06-10 23:32:15,97,155,2.58
2026-06-10 23:32:15,170,40,0.67
2026-06-10 23:32:15,439,81,1.35
2026-06-10 23:32:15,121,26,0.43
2026-06-10 23:32:15,104,55,0.92
2026-06-10 23:32:15,164,108,1.8
2026-06-10 23:32:15,747,158,2.63
2026-06-10 23:32:15,209,79,1.32
2026-06-10 23:32:15,66,55,0.92
2026-06-10 23:32:15,172,60,1.0
2026-06-10 23:32:15,211,1020,17.0
2026-06-10 23:32:15,38,360,6.0
2026-06-10 23:32:15,71,96,1.6
2026-06-10 23:32:15,198,95,1.58
2026-06-10 23:32:15,203,269,4.48
2026-06-10 23:32:15,10,49,0.82
2026-06-10 23:32:15,55,47,0.78
2026-06-10 23:32:15,218,96,1.6
2026-06-10 23:32:15,777,181,3.02
2026-06-10 23:32:15,202,74,1.23
2026-06-10 23:32:15,185,65,1.08
2026-06-10 23:32:15,110,134,2.23
2026-06-10 23:32:15,195,143,2.38
2026-06-10 23:32:15,68,86,1.43
2026-06-10 23:32:15,214,55,0.92
2026-06-10 23:33:16,64,47,0.78
2026-06-10 23:33:16,197,22,0.37
2026-06-10 23:33:16,85,39,0.65
2026-06-10 23:33:16,172,74,1.23
2026-06-10 23:33:16,165,43,0.72
2026-06-10 23:33:16,18,54,0.9
2026-06-10 23:33:16,162,33,0.55
2026-06-10 23:33:16,86,40,0.67
2026-06-10 23:33:16,161,33,0.55
2026-06-10 23:33:16,121,38,0.63
2026-06-10 23:33:16,69,47,0.78
2026-06-10 23:33:16,128,42,0.7
2026-06-10 23:33:16,55,55,0.92
2026-06-10 23:33:16,208,78,1.3
2026-06-10 23:33:16,24,94,1.57
2026-06-10 23:33:16,93,72,1.2
2026-06-10 23:33:16,112,59,0.98
2026-06-10 23:33:16,185,58,0.97
2026-06-10 23:33:16,166,51,0.85
2026-06-10 23:33:16,198,48,0.8
2026-06-10 23:33:16,36,70,1.17
2026-06-10 23:33:16,195,39,0.65
2026-06-10 23:33:16,18,36,0.6
2026-06-10 23:33:16,102,45,0.75
2026-06-10 23:33:16,218,86,1.43
2026-06-10 23:33:16,90,17,0.28
2026-06-10 23:33:16,128,61,1.02
2026-06-10 23:33:16,150,19,0.32
2026-06-10 23:33:16,18,59,0.98
2026-06-10 23:33:16,180,34,0.57
2026-06-10 23:33:16,45,26,0.43
2026-06-10 23:33:16,179,38,0.63
2026-06-10 23:33:16,165,41,0.68
2026-06-10 23:33:16,11,14,0.23
2026-06-10 23:33:16,211,60,1.0
2026-06-10 23:33:16,79,60,1.0
2026-06-10 23:33:16,92,161,2.68
2026-06-10 23:33:16,127,110,1.83
2026-06-10 23:33:16,86,35,0.58
2026-06-10 23:33:16,24,18,0.3
2026-06-10 23:33:16,150,59,0.98
2026-06-10 23:33:16,141,41,0.68
2026-06-10 23:33:16,150,236,3.93
2026-06-10 23:33:16,209,240,4.0
2026-06-10 23:33:16,170,51,0.85
2026-06-10 23:33:16,110,157,2.62
2026-06-10 23:33:16,51,23,0.38
2026-06-10 23:33:16,207,34,0.57
2026-06-10 23:33:16,57,57,0.95
2026-06-10 23:33:16,54,43,0.72
2026-06-10 23:33:16,193,63,1.05
2026-06-10 23:33:16,192,37,0.62
2026-06-10 23:33:16,161,184,3.07
2026-06-10 23:33:16,193,43,0.72
2026-06-10 23:33:16,218,96,1.6
2026-06-10 23:33:16,95,34,0.57
2026-06-10 23:33:16,51,39,0.65
2026-06-10 23:33:16,179,19,0.32
2026-06-10 23:33:16,47,99,1.65
2026-06-10 23:33:16,211,60,1.0
2026-06-10 23:33:16,123,18,0.3
2026-06-10 23:33:16,197,78,1.3
2026-06-10 23:33:16,439,81,1.35
2026-06-10 23:33:16,48,104,1.73
2026-06-10 23:33:16,172,54,0.9
2026-06-10 23:33:16,44,54,0.9
2026-06-10 23:34:17,57,58,0.97
2026-06-10 23:34:17,48,37,0.62
2026-06-10 23:34:17,95,51,0.85
2026-06-10 23:34:17,218,240,4.0
2026-06-10 23:34:17,439,129,2.15
2026-06-10 23:34:17,187,23,0.38
2026-06-10 23:34:17,17,41,0.68
2026-06-10 23:34:17,215,30,0.5
2026-06-10 23:34:17,31,54,0.9
2026-06-10 23:34:17,90,45,0.75
2026-06-10 23:34:17,165,37,0.62
2026-06-10 23:34:17,192,24,0.4
2026-06-10 23:34:17,206,85,1.42
2026-06-10 23:34:17,38,66,1.1
2026-06-10 23:34:17,61,45,0.75
2026-06-10 23:34:17,85,83,1.38
2026-06-10 23:34:17,161,33,0.55
2026-06-10 23:34:17,160,15,0.25
2026-06-10 23:34:17,128,36,0.6
2026-06-10 23:34:17,204,311,5.18
2026-06-10 23:34:17,86,3,0.05
2026-06-10 23:34:17,94,32,0.53
2026-06-10 23:34:17,110,52,0.87
2026-06-10 23:34:17,104,55,0.92
2026-06-10 23:34:17,18,59,0.98
2026-06-10 23:34:17,108,47,0.78
2026-06-10 23:34:17,112,59,0.98
2026-06-10 23:34:17,180,92,1.53
2026-06-10 23:34:17,179,127,2.12
2026-06-10 23:34:17,64,102,1.7
2026-06-10 23:34:17,106,115,1.92
2026-06-10 23:34:17,48,104,1.73
2026-06-10 23:34:17,51,39,0.65
2026-06-10 23:34:17,186,60,1.0
2026-06-10 23:34:17,180,146,2.43
2026-06-10 23:34:17,230,184,3.07
2026-06-10 23:34:17,165,37,0.62
2026-06-10 23:34:17,100,61,1.02
2026-06-10 23:34:17,56,86,1.43
2026-06-10 23:34:17,136,13,0.22
2026-06-10 23:34:17,10,39,0.65
2026-06-10 23:34:17,180,103,1.72
2026-06-10 23:34:17,131,80,1.33
2026-06-10 23:34:17,187,48,0.8
2026-06-10 23:34:17,100,28,0.47
2026-06-10 23:34:17,129,44,0.73
2026-06-10 23:34:17,777,240,4.0
2026-06-10 23:34:17,747,900,15.0
2026-06-10 23:34:17,197,78,1.3
2026-06-10 23:34:17,186,56,0.93
2026-06-10 23:34:17,211,1020,17.0
2026-06-10 23:34:17,171,74,1.23
2026-06-10 23:34:17,68,77,1.28
2026-06-10 23:34:17,172,54,0.9
2026-06-10 23:34:17,38,64,1.07
2026-06-10 23:34:17,198,95,1.58
2026-06-10 23:34:17,138,55,0.92
2026-06-10 23:34:17,86,33,0.55
2026-06-10 23:34:17,209,240,4.0
2026-06-10 23:34:17,127,110,1.83
2026-06-10 23:34:17,32,69,1.15
2026-06-10 23:34:17,79,84,1.4
2026-06-10 23:34:17,55,155,2.58
2026-06-10 23:34:17,411,75,1.25
2026-06-10 23:34:17,80,105,1.75
2026-06-10 23:34:17,496,84,1.4
2026-06-10 23:34:17,218,96,1.6
2026-06-10 23:34:17,31,208,3.47
2026-06-10 23:34:17,64,102,1.7
2026-06-10 23:34:17,32,57,0.95
2026-06-10 23:34:17,189,83,1.38
2026-06-10 23:34:17,13,53,0.88
2026-06-10 23:35:18,22,24,0.4
2026-06-10 23:35:18,90,23,0.38
2026-06-10 23:35:18,141,18,0.3
2026-06-10 23:35:18,97,23,0.38
2026-06-10 23:35:18,165,59,0.98
2026-06-10 23:35:18,496,63,1.05
2026-06-10 23:35:18,209,45,0.75
2026-06-10 23:35:18,51,24,0.4
2026-06-10 23:35:18,496,72,1.2
2026-06-10 23:35:18,205,22,0.37
2026-06-10 23:35:18,31,66,1.1
2026-06-10 23:35:18,128,22,0.37
2026-06-10 23:35:18,439,129,2.15
2026-06-10 23:35:18,204,311,5.18
2026-06-10 23:35:18,439,72,1.2
2026-06-10 23:35:18,198,40,0.67
2026-06-10 23:35:18,208,78,1.3
2026-06-10 23:35:18,166,113,1.88
2026-06-10 23:35:18,36,74,1.23
2026-06-10 23:35:18,79,60,1.0
2026-06-10 23:35:18,209,240,4.0
2026-06-10 23:35:18,64,70,1.17
2026-06-10 23:35:18,93,53,0.88
2026-06-10 23:35:18,170,51,0.85
2026-06-10 23:35:18,110,32,0.53
2026-06-10 23:35:18,44,120,2.0
2026-06-10 23:35:18,92,36,0.6
2026-06-10 23:35:18,129,44,0.73
2026-06-10 23:35:18,189,37,0.62
2026-06-10 23:35:18,204,78,1.3
2026-06-10 23:35:18,17,78,1.3
2026-06-10 23:35:18,104,17,0.28
2026-06-10 23:35:18,186,56,0.93
2026-06-10 23:35:18,206,215,3.58
2026-06-10 23:35:18,80,40,0.67
2026-06-10 23:35:18,139,55,0.92
2026-06-10 23:35:18,68,77,1.28
2026-06-10 23:35:18,123,120,2.0
2026-06-10 23:35:18,124,104,1.73
2026-06-10 23:35:18,144,127,2.12
2026-06-10 23:35:18,32,69,1.15
2026-06-10 23:35:18,61,145,2.42
2026-06-10 23:35:18,93,111,1.85
2026-06-10 23:35:18,161,23,0.38
2026-06-10 23:35:18,55,47,0.78
2026-06-10 23:35:18,496,84,1.4
2026-06-10 23:35:18,193,63,1.05
2026-06-10 23:35:18,37,29,0.48
2026-06-10 23:35:18,108,47,0.78
2026-06-10 23:36:19,48,51,0.85
2026-06-10 23:36:19,125,55,0.92
2026-06-10 23:36:19,44,120,2.0
2026-06-10 23:36:19,95,60,1.0
2026-06-10 23:36:19,205,27,0.45
2026-06-10 23:36:19,138,48,0.8
2026-06-10 23:36:19,18,117,1.95
2026-06-10 23:36:19,71,96,1.6
2026-06-10 23:36:19,208,48,0.8
2026-06-10 23:36:19,202,28,0.47
2026-06-10 23:36:19,198,249,4.15
2026-06-10 23:36:19,43,47,0.78
2026-06-10 23:36:19,114,59,0.98
2026-06-10 23:36:19,32,40,0.67
2026-06-10 23:36:19,138,29,0.48
2026-06-10 23:36:19,90,54,0.9
2026-06-10 23:36:19,48,39,0.65
2026-06-10 23:36:19,90,75,1.25
2026-06-10 23:36:19,79,49,0.82
2026-06-10 23:36:19,198,18,0.3
2026-06-10 23:36:19,121,41,0.68
2026-06-10 23:36:19,150,20,0.33
2026-06-10 23:36:19,47,99,1.65
2026-06-10 23:36:19,97,31,0.52
2026-06-10 23:36:19,49,60,1.0
2026-06-10 23:36:19,192,33,0.55
2026-06-10 23:36:19,195,151,2.52
2026-06-10 23:36:19,179,38,0.63
2026-06-10 23:36:19,48,47,0.78
2026-06-10 23:36:19,38,360,6.0
2026-06-10 23:36:19,74,83,1.38
2026-06-10 23:36:19,198,95,1.58
2026-06-10 23:36:19,171,120,2.0
2026-06-10 23:36:19,106,115,1.92
2026-06-10 23:36:19,48,104,1.73
2026-06-10 23:36:19,64,47,0.78
2026-06-10 23:36:19,110,32,0.53
2026-06-10 23:36:19,36,74,1.23
2026-06-10 23:36:19,141,41,0.68
2026-06-10 23:36:19,361,69,1.15
2026-06-10 23:36:19,57,59,0.98
2026-06-10 23:36:19,28,27,0.45
2026-06-10 23:36:19,92,36,0.6
2026-06-10 23:36:19,777,108,1.8
2026-06-10 23:36:19,207,34,0.57
2026-06-10 23:36:19,166,41,0.68
2026-06-10 23:36:19,411,75,1.25
2026-06-10 23:36:19,28,27,0.45
2026-06-10 23:36:19,747,158,2.63
2026-06-10 23:36:19,100,78,1.3
2026-06-10 23:36:19,90,75,1.25
2026-06-10 23:36:19,56,86,1.43
2026-06-10 23:36:19,28,20,0.33
2026-06-10 23:36:19,114,62,1.03
2026-06-10 23:36:19,38,64,1.07
2026-06-10 23:36:19,144,127,2.12
2026-06-10 23:36:19,61,145,2.42
2026-06-10 23:36:19,129,61,1.02
2026-06-10 23:36:19,55,155,2.58
2026-06-10 23:36:19,114,33,0.55
2026-06-10 23:36:19,138,17,0.28
2026-06-10 23:36:19,55,47,0.78
2026-06-10 23:36:19,95,67,1.12
2026-06-10 23:37:20,24,58,0.97
2026-06-10 23:37:20,121,49,0.82
2026-06-10 23:37:20,86,60,1.0
2026-06-10 23:37:20,33,1,0.02
2026-06-10 23:37:20,36,32,0.53
2026-06-10 23:37:20,777,44,0.73
2026-06-10 23:37:20,127,83,1.38
2026-06-10 23:37:20,777,240,4.0
2026-06-10 23:37:20,208,32,0.53
2026-06-10 23:37:20,202,34,0.57
2026-06-10 23:37:20,198,58,0.97
2026-06-10 23:37:20,205,21,0.35
2026-06-10 23:37:20,168,16,0.27
2026-06-10 23:37:20,95,60,1.0
2026-06-10 23:37:20,198,31,0.52
2026-06-10 23:37:20,162,33,0.55
2026-06-10 23:37:20,160,50,0.83
2026-06-10 23:37:20,164,21,0.35
2026-06-10 23:37:20,121,147,2.45
2026-06-10 23:37:20,28,52,0.87
2026-06-10 23:37:20,79,37,0.62
2026-06-10 23:37:20,129,42,0.7
2026-06-10 23:37:20,66,27,0.45
2026-06-10 23:37:20,202,68,1.13
2026-06-10 23:37:20,51,52,0.87
2026-06-10 23:37:20,161,23,0.38
2026-06-10 23:37:20,138,34,0.57
2026-06-10 23:37:20,32,53,0.88
2026-06-10 23:37:20,177,38,0.63
2026-06-10 23:37:20,18,46,0.77
2026-06-10 23:37:20,44,32,0.53
2026-06-10 23:37:20,94,48,0.8
2026-06-10 23:37:20,104,55,0.92
2026-06-10 23:37:20,93,111,1.85
2026-06-10 23:37:20,47,99,1.65
2026-06-10 23:37:20,37,78,1.3
2026-06-10 23:37:20,61,37,0.62
2026-06-10 23:37:20,195,143,2.38
2026-06-10 23:37:20,97,31,0.52
2026-06-10 23:37:20,28,37,0.62
2026-06-10 23:37:20,66,30,0.5
2026-06-10 23:37:20,125,75,1.25
2026-06-10 23:37:20,86,35,0.58
2026-06-10 23:37:20,110,32,0.53
2026-06-10 23:37:20,140,120,2.0
2026-06-10 23:37:20,140,111,1.85
2026-06-10 23:37:20,34,71,1.18
2026-06-10 23:37:20,34,42,0.7
2026-06-10 23:37:20,57,59,0.98
2026-06-10 23:37:20,102,51,0.85
2026-06-10 23:37:20,80,105,1.75
2026-06-10 23:37:20,192,37,0.62
2026-06-10 23:37:20,187,48,0.8
2026-06-10 23:37:20,496,84,1.4
2026-06-10 23:37:20,129,44,0.73
2026-06-10 23:37:20,162,27,0.45
2026-06-10 23:37:20,86,35,0.58
2026-06-10 23:37:20,179,19,0.32
2026-06-10 23:37:20,100,78,1.3
2026-06-10 23:37:20,32,57,0.95
2026-06-10 23:37:20,64,52,0.87
2026-06-10 23:37:20,108,47,0.78
2026-06-10 23:37:20,38,360,6.0
2026-06-10 23:37:20,172,54,0.9
2026-06-10 23:37:20,177,15,0.25
2026-06-10 23:37:20,144,127,2.12
2026-06-10 23:37:20,161,23,0.38
2026-06-10 23:37:20,94,45,0.75
2026-06-10 23:37:20,439,81,1.35
2026-06-10 23:37:20,48,104,1.73
2026-06-10 23:37:20,64,102,1.7
2026-06-10 23:37:59,202,28,0.47
2026-06-10 23:37:59,43,45,0.75
2026-06-10 23:37:59,138,47,0.78
2026-06-10 23:37:59,439,255,4.25
2026-06-10 23:37:59,44,45,0.75
2026-06-10 23:37:59,90,192,3.2
2026-06-10 23:37:59,230,191,3.18
2026-06-10 23:37:59,102,37,0.62
2026-06-10 23:37:59,186,56,0.93
2026-06-10 23:37:59,139,67,1.12
2026-06-10 23:37:59,22,22,0.37
2026-06-10 23:37:59,141,37,0.62
2026-06-10 23:37:59,160,85,1.42
2026-06-10 23:37:59,61,38,0.63
2026-06-10 23:37:59,45,35,0.58
2026-06-10 23:37:59,127,45,0.75
2026-06-10 23:37:59,189,35,0.58
2026-06-10 23:37:59,205,31,0.52
2026-06-10 23:37:59,33,26,0.43
2026-06-10 23:37:59,54,31,0.52
2026-06-10 23:37:59,439,101,1.68
2026-06-10 23:37:59,38,51,0.85
2026-06-10 23:37:59,113,24,0.4
2026-06-10 23:37:59,209,79,1.32
2026-06-10 23:37:59,777,181,3.02
2026-06-10 23:37:59,100,33,0.55
2026-06-10 23:37:59,411,75,1.25
2026-06-10 23:37:59,66,36,0.6
2026-06-10 23:37:59,85,43,0.72
2026-06-10 23:37:59,110,134,2.23
2026-06-10 23:37:59,125,137,2.28
2026-06-10 23:37:59,165,37,0.62
2026-06-10 23:37:59,69,54,0.9
2026-06-10 23:37:59,131,18,0.3
2026-06-10 23:37:59,124,60,1.0
2026-06-10 23:37:59,112,59,0.98
2026-06-10 23:37:59,105,94,1.57
2026-06-10 23:37:59,71,41,0.68
2026-06-10 23:37:59,18,181,3.02
2026-06-10 23:37:59,171,120,2.0
2026-06-10 23:37:59,358,118,1.97
2026-06-10 23:37:59,180,42,0.7
2026-06-10 23:37:59,208,71,1.18
2026-06-10 23:37:59,215,131,2.18
2026-06-10 23:37:59,110,32,0.53
2026-06-10 23:37:59,193,43,0.72
2026-06-10 23:37:59,172,60,1.0
2026-06-10 23:37:59,102,51,0.85
2026-06-10 23:37:59,218,96,1.6
2026-06-10 23:37:59,54,32,0.53
2026-06-10 23:37:59,11,14,0.23
2026-06-10 23:37:59,125,137,2.28
2026-06-10 23:37:59,24,21,0.35
2026-06-10 23:37:59,103,48,0.8
2026-06-10 23:37:59,112,45,0.75
2026-06-10 23:37:59,128,60,1.0
2026-06-10 23:37:59,138,55,0.92
2026-06-10 23:37:59,144,49,0.82
2026-06-10 23:37:59,113,71,1.18
2026-06-10 23:37:59,747,900,15.0
2026-06-10 23:37:59,777,300,5.0
2026-06-10 23:37:59,136,66,1.1
2026-06-10 23:37:59,230,50,0.83
2026-06-10 23:37:59,29,45,0.75
2026-06-10 23:37:59,37,29,0.48
2026-06-10 23:38:21,32,40,0.67
2026-06-10 23:38:21,100,55,0.92
2026-06-10 23:38:21,28,40,0.67
2026-06-10 23:38:21,215,45,0.75
2026-06-10 23:38:21,180,22,0.37
2026-06-10 23:38:21,128,28,0.47
2026-06-10 23:38:21,139,67,1.12
2026-06-10 23:38:21,51,23,0.38
2026-06-10 23:38:21,86,14,0.23
2026-06-10 23:38:21,34,63,1.05
2026-06-10 23:38:21,86,25,0.42
2026-06-10 23:38:21,197,39,0.65
2026-06-10 23:38:21,209,62,1.03
2026-06-10 23:38:21,129,59,0.98
2026-06-10 23:38:21,215,131,2.18
2026-06-10 23:38:21,189,35,0.58
2026-06-10 23:38:21,114,33,0.55
2026-06-10 23:38:21,161,45,0.75
2026-06-10 23:38:21,85,25,0.42
2026-06-10 23:38:21,136,59,0.98
2026-06-10 23:38:21,777,181,3.02
2026-06-10 23:38:21,71,41,0.68
2026-06-10 23:38:21,139,31,0.52
2026-06-10 23:38:21,43,19,0.32
2026-06-10 23:38:21,202,74,1.23
2026-06-10 23:38:21,165,59,0.98
2026-06-10 23:38:21,112,45,0.75
2026-06-10 23:38:21,37,49,0.82
2026-06-10 23:38:21,64,52,0.87
2026-06-10 23:38:21,68,77,1.28
2026-06-10 23:38:21,79,60,1.0
2026-06-10 23:38:21,18,181,3.02
2026-06-10 23:38:21,70,33,0.55
2026-06-10 23:38:21,215,131,2.18
2026-06-10 23:38:21,49,106,1.77
2026-06-10 23:38:21,168,67,1.12
2026-06-10 23:38:21,54,32,0.53
2026-06-10 23:38:21,207,34,0.57
2026-06-10 23:38:21,55,124,2.07
2026-06-10 23:38:21,198,249,4.15
2026-06-10 23:38:21,57,57,0.95
2026-06-10 23:38:21,180,103,1.72
2026-06-10 23:38:21,164,19,0.32
2026-06-10 23:38:21,80,105,1.75
2026-06-10 23:38:21,67,42,0.7
2026-06-10 23:38:21,47,67,1.12
2026-06-10 23:38:21,141,41,0.68
2026-06-10 23:38:21,165,59,0.98
2026-06-10 23:38:21,56,86,1.43
2026-06-10 23:38:21,114,62,1.03
2026-06-10 23:38:21,11,14,0.23
2026-06-10 23:38:21,214,138,2.3
2026-06-10 23:38:21,113,46,0.77
2026-06-10 23:38:21,136,66,1.1
2026-06-10 23:38:21,140,111,1.85
2026-06-10 23:38:21,193,63,1.05
2026-06-10 23:38:21,185,65,1.08
2026-06-10 23:39:23,230,89,1.48
2026-06-10 23:39:23,24,51,0.85
2026-06-10 23:39:23,193,51,0.85
2026-06-10 23:39:23,100,21,0.35
2026-06-10 23:39:23,203,142,2.37
2026-06-10 23:39:23,67,55,0.92
2026-06-10 23:39:23,128,20,0.33
2026-06-10 23:39:23,198,62,1.03
2026-06-10 23:39:23,108,40,0.67
2026-06-10 23:39:23,208,38,0.63
2026-06-10 23:39:23,51,27,0.45
2026-06-10 23:39:23,44,54,0.9
2026-06-10 23:39:23,93,37,0.62
2026-06-10 23:39:23,179,38,0.63
2026-06-10 23:39:23,138,12,0.2
2026-06-10 23:39:23,45,22,0.37
2026-06-10 23:39:23,209,16,0.27
2026-06-10 23:39:23,138,17,0.28
2026-06-10 23:39:23,66,32,0.53
2026-06-10 23:39:23,186,56,0.93
2026-06-10 23:39:23,439,81,1.35
2026-06-10 23:39:23,177,35,0.58
2026-06-10 23:39:23,192,33,0.55
2026-06-10 23:39:23,165,37,0.62
2026-06-10 23:39:23,11,14,0.23
2026-06-10 23:39:23,61,37,0.62
2026-06-10 23:39:23,45,26,0.43
2026-06-10 23:39:23,71,41,0.68
2026-06-10 23:39:23,38,360,6.0
2026-06-10 23:39:23,171,120,2.0
2026-06-10 23:39:23,358,118,1.97
2026-06-10 23:39:23,94,48,0.8
2026-06-10 23:39:23,161,184,3.07
2026-06-10 23:39:23,34,71,1.18
2026-06-10 23:39:23,141,41,0.68
2026-06-10 23:39:23,55,124,2.07
2026-06-10 23:39:23,57,57,0.95
2026-06-10 23:39:23,10,39,0.65
2026-06-10 23:39:23,180,103,1.72
2026-06-10 23:39:23,105,94,1.57
2026-06-10 23:39:23,193,63,1.05
2026-06-10 23:39:23,97,155,2.58
2026-06-10 23:39:23,207,34,0.57
2026-06-10 23:39:23,170,40,0.67
2026-06-10 23:39:23,777,240,4.0
2026-06-10 23:39:23,138,17,0.28
2026-06-10 23:39:23,363,67,1.12
2026-06-10 23:39:23,114,62,1.03
2026-06-10 23:39:23,68,77,1.28
2026-06-10 23:39:23,168,52,0.87
2026-06-10 23:39:23,121,55,0.92
2026-06-10 23:39:23,186,60,1.0
2026-06-10 23:39:23,79,84,1.4
2026-06-10 23:39:23,777,300,5.0
2026-06-10 23:40:24,197,52,0.87
2026-06-10 23:40:24,110,35,0.58
2026-06-10 23:40:24,32,17,0.28
2026-06-10 23:40:24,215,26,0.43
2026-06-10 23:40:24,79,92,1.53
2026-06-10 23:40:24,211,71,1.18
2026-06-10 23:40:24,86,17,0.28
2026-06-10 23:40:24,55,38,0.63
2026-06-10 23:40:24,205,22,0.37
2026-06-10 23:40:24,49,60,1.0
2026-06-10 23:40:24,28,42,0.7
2026-06-10 23:40:24,71,39,0.65
2026-06-10 23:40:24,150,147,2.45
2026-06-10 23:40:24,22,64,1.07
2026-06-10 23:40:24,211,53,0.88
2026-06-10 23:40:24,106,62,1.03
2026-06-10 23:40:24,107,50,0.83
2026-06-10 23:40:24,192,54,0.9
2026-06-10 23:40:24,189,27,0.45
2026-06-10 23:40:24,139,43,0.72
2026-06-10 23:40:24,56,47,0.78
2026-06-10 23:40:24,22,68,1.13
2026-06-10 23:40:24,777,240,4.0
2026-06-10 23:40:24,104,17,0.28
2026-06-10 23:40:24,10,34,0.57
2026-06-10 23:40:24,150,59,0.98
2026-06-10 23:40:24,18,68,1.13
2026-06-10 23:40:24,215,131,2.18
2026-06-10 23:40:24,67,55,0.92
2026-06-10 23:40:24,192,33,0.55
2026-06-10 23:40:24,93,72,1.2
2026-06-10 23:40:24,162,27,0.45
2026-06-10 23:40:24,121,55,0.92
2026-06-10 23:40:24,198,95,1.58
2026-06-10 23:40:24,113,71,1.18
2026-06-10 23:40:24,90,16,0.27
2026-06-10 23:40:24,24,18,0.3
2026-06-10 23:40:24,48,104,1.73
2026-06-10 23:40:24,193,43,0.72
2026-06-10 23:40:24,113,46,0.77
2026-06-10 23:40:24,747,44,0.73
2026-06-10 23:40:24,22,46,0.77
2026-06-10 23:40:24,54,32,0.53
2026-06-10 23:40:24,361,69,1.15
2026-06-10 23:40:24,24,44,0.73
2026-06-10 23:40:24,205,206,3.43
2026-06-10 23:40:24,57,57,0.95
2026-06-10 23:40:24,411,1020,17.0
2026-06-10 23:40:24,105,44,0.73
2026-06-10 23:40:24,104,55,0.92
2026-06-10 23:40:24,123,120,2.0
2026-06-10 23:40:24,128,60,1.0
2026-06-10 23:40:24,125,75,1.25
2026-06-10 23:40:24,209,240,4.0
2026-06-10 23:40:24,90,16,0.27
2026-06-10 23:40:24,186,60,1.0
2026-06-10 23:40:24,212,92,1.53
2026-06-10 23:40:24,80,105,1.75
2026-06-10 23:40:24,218,48,0.8
2026-06-10 23:40:24,55,47,0.78
2026-06-10 23:40:24,195,151,2.52
2026-06-10 23:41:26,123,31,0.52
2026-06-10 23:41:26,209,42,0.7
2026-06-10 23:41:26,67,75,1.25
2026-06-10 23:41:26,170,17,0.28
2026-06-10 23:41:26,80,148,2.47
2026-06-10 23:41:26,38,50,0.83
2026-06-10 23:41:26,103,60,1.0
2026-06-10 23:41:26,203,83,1.38
2026-06-10 23:41:26,45,52,0.87
2026-06-10 23:41:26,47,32,0.53
2026-06-10 23:41:26,11,23,0.38
2026-06-10 23:41:26,33,33,0.55
2026-06-10 23:41:26,187,34,0.57
2026-06-10 23:41:26,100,124,2.07
2026-06-10 23:41:26,38,44,0.73
2026-06-10 23:41:26,209,79,1.32
2026-06-10 23:41:26,113,95,1.58
2026-06-10 23:41:26,108,36,0.6
2026-06-10 23:41:26,189,37,0.62
2026-06-10 23:41:26,211,1260,21.0
2026-06-10 23:41:26,110,16,0.27
2026-06-10 23:41:26,85,40,0.67
2026-06-10 23:41:26,36,64,1.07
2026-06-10 23:41:26,43,31,0.52
2026-06-10 23:41:26,48,22,0.37
2026-06-10 23:41:26,95,55,0.92
2026-06-10 23:41:26,104,55,0.92
2026-06-10 23:41:26,104,17,0.28
2026-06-10 23:41:26,93,34,0.57
2026-06-10 23:41:26,110,32,0.53
2026-06-10 23:41:26,51,56,0.93
2026-06-10 23:41:26,49,147,2.45
2026-06-10 23:41:26,57,59,0.98
2026-06-10 23:41:26,138,17,0.28
2026-06-10 23:41:26,150,236,3.93
2026-06-10 23:41:26,777,240,4.0
2026-06-10 23:41:26,209,159,2.65
2026-06-10 23:41:26,179,19,0.32
2026-06-10 23:41:26,161,184,3.07
2026-06-10 23:41:26,166,60,1.0
2026-06-10 23:41:26,189,49,0.82
2026-06-10 23:41:26,125,137,2.28
2026-06-10 23:41:26,179,19,0.32
2026-06-10 23:41:26,180,103,1.72
2026-06-10 23:41:26,74,83,1.38
2026-06-10 23:41:26,94,48,0.8
2026-06-10 23:41:26,140,120,2.0
2026-06-10 23:41:26,180,146,2.43
2026-06-10 23:41:26,187,48,0.8
2026-06-10 23:41:26,172,54,0.9
2026-06-10 23:41:26,57,57,0.95
2026-06-10 23:41:26,192,37,0.62
2026-06-10 23:41:26,49,60,1.0
2026-06-10 23:41:26,439,81,1.35
2026-06-10 23:41:26,54,32,0.53
2026-06-10 23:41:26,37,29,0.48
2026-06-10 23:41:26,44,54,0.9
2026-06-10 23:41:26,777,240,4.0
2026-06-10 23:41:26,165,59,0.98
2026-06-10 23:41:26,174,26,0.43
2026-06-10 23:41:26,71,96,1.6
2026-06-10 23:41:26,123,120,2.0
2026-06-10 23:41:26,103,48,0.8
2026-06-10 23:41:26,189,83,1.38
2026-06-10 23:41:26,79,84,1.4
2026-06-10 23:41:26,131,80,1.33
2026-06-10 23:41:26,94,45,0.75
2026-06-10 23:41:26,11,55,0.92
2026-06-10 23:42:27,79,28,0.47
2026-06-10 23:42:27,86,21,0.35
2026-06-10 23:42:27,43,33,0.55
2026-06-10 23:42:27,204,30,0.5
2026-06-10 23:42:27,128,38,0.63
2026-06-10 23:42:27,162,24,0.4
2026-06-10 23:42:27,61,64,1.07
2026-06-10 23:42:27,196,34,0.57
2026-06-10 23:42:27,209,47,0.78
2026-06-10 23:42:27,51,47,0.78
2026-06-10 23:42:27,208,31,0.52
2026-06-10 23:42:27,110,56,0.93
2026-06-10 23:42:27,139,91,1.52
2026-06-10 23:42:27,34,71,1.18
2026-06-10 23:42:27,747,74,1.23
2026-06-10 23:42:27,108,39,0.65
2026-06-10 23:42:27,18,68,1.13
2026-06-10 23:42:27,61,38,0.63
2026-06-10 23:42:27,54,85,1.42
2026-06-10 23:42:27,61,27,0.45
2026-06-10 23:42:27,43,37,0.62
2026-06-10 23:42:27,777,240,4.0
2026-06-10 23:42:27,777,240,4.0
2026-06-10 23:42:27,24,42,0.7
2026-06-10 23:42:27,64,30,0.5
2026-06-10 23:42:27,90,75,1.25
2026-06-10 23:42:27,139,68,1.13
2026-06-10 23:42:27,747,820,13.67
2026-06-10 23:42:27,136,66,1.1
2026-06-10 23:42:27,97,155,2.58
2026-06-10 23:42:27,17,53,0.88
2026-06-10 23:42:27,110,134,2.23
2026-06-10 23:42:27,125,53,0.88
2026-06-10 23:42:27,90,166,2.77
2026-06-10 23:42:27,168,80,1.33
2026-06-10 23:42:27,128,18,0.3
2026-06-10 23:42:27,90,60,1.0
2026-06-10 23:42:27,777,240,4.0
2026-06-10 23:42:27,44,70,1.17
2026-06-10 23:42:27,172,60,1.0
2026-06-10 23:42:27,165,59,0.98
2026-06-10 23:42:27,165,37,0.62
2026-06-10 23:42:27,123,18,0.3
2026-06-10 23:42:27,195,151,2.52
2026-06-10 23:42:27,38,64,1.07
2026-06-10 23:42:27,18,181,3.02
2026-06-10 23:42:27,24,18,0.3
2026-06-10 23:42:27,79,60,1.0
2026-06-10 23:42:27,33,32,0.53
2026-06-10 23:42:27,44,120,2.0
2026-06-10 23:42:27,94,37,0.62
2026-06-10 23:42:27,24,44,0.73
2026-06-10 23:42:27,105,94,1.57
2026-06-10 23:42:27,80,105,1.75
2026-06-10 23:42:27,215,126,2.1
2026-06-10 23:42:27,211,60,1.0
2026-06-10 23:42:27,38,360,6.0
2026-06-10 23:42:27,66,46,0.77
2026-06-10 23:42:27,208,186,3.1
2026-06-10 23:42:27,209,240,4.0
2026-06-10 23:42:27,127,110,1.83
2026-06-10 23:42:27,51,39,0.65
2026-06-10 23:42:27,186,60,1.0
2026-06-10 23:42:27,212,92,1.53
2026-06-10 23:42:27,131,80,1.33
2026-06-10 23:42:27,11,55,0.92
2026-06-10 23:43:28,124,29,0.48
2026-06-10 23:43:28,138,38,0.63
2026-06-10 23:43:28,174,40,0.67
2026-06-10 23:43:28,32,37,0.62
2026-06-10 23:43:28,121,32,0.53
2026-06-10 23:43:28,162,38,0.63
2026-06-10 23:43:28,747,398,6.63
2026-06-10 23:43:28,79,20,0.33
2026-06-10 23:43:28,165,22,0.37
2026-06-10 23:43:28,202,41,0.68
2026-06-10 23:43:28,139,39,0.65
2026-06-10 23:43:28,172,57,0.95
2026-06-10 23:43:28,68,35,0.58
2026-06-10 23:43:28,48,16,0.27
2026-06-10 23:43:28,207,44,0.73
2026-06-10 23:43:28,174,28,0.47
2026-06-10 23:43:28,230,46,0.77
2026-06-10 23:43:28,439,52,0.87
2026-06-10 23:43:28,747,900,15.0
2026-06-10 23:43:28,33,38,0.63
2026-06-10 23:43:28,139,91,1.52
2026-06-10 23:43:28,161,23,0.38
2026-06-10 23:43:28,230,22,0.37
2026-06-10 23:43:28,209,79,1.32
2026-06-10 23:43:28,10,114,1.9
2026-06-10 23:43:28,90,60,1.0
2026-06-10 23:43:28,496,857,14.28
2026-06-10 23:43:28,17,40,0.67
2026-06-10 23:43:28,150,236,3.93
2026-06-10 23:43:28,180,146,2.43
2026-06-10 23:43:28,67,55,0.92
2026-06-10 23:43:28,179,19,0.32
2026-06-10 23:43:28,71,41,0.68
2026-06-10 23:43:28,124,60,1.0
2026-06-10 23:43:28,105,94,1.57
2026-06-10 23:43:28,48,47,0.78
2026-06-10 23:43:28,38,64,1.07
2026-06-10 23:43:28,66,30,0.5
2026-06-10 23:43:28,121,55,0.92
2026-06-10 23:43:28,79,60,1.0
2026-06-10 23:43:28,86,33,0.55
2026-06-10 23:43:28,125,75,1.25
2026-06-10 23:43:28,127,110,1.83
2026-06-10 23:43:28,18,68,1.13
2026-06-10 23:43:28,215,131,2.18
2026-06-10 23:43:28,170,51,0.85
2026-06-10 23:43:28,168,67,1.12
2026-06-10 23:43:28,33,32,0.53
2026-06-10 23:43:28,187,48,0.8
2026-06-10 23:43:28,131,80,1.33
2026-06-10 23:43:28,80,105,1.75
2026-06-10 23:43:28,189,37,0.62
2026-06-10 23:43:28,170,40,0.67
2026-06-10 23:43:28,104,55,0.92
2026-06-10 23:43:28,411,1020,17.0
2026-06-10 23:43:28,164,108,1.8
2026-06-10 23:43:28,38,360,6.0
2026-06-10 23:43:28,56,53,0.88
2026-06-10 23:43:28,92,222,3.7
2026-06-10 23:43:28,209,240,4.0
2026-06-10 23:43:28,93,111,1.85
2026-06-10 23:43:28,51,39,0.65
2026-06-10 23:43:28,103,87,1.45
2026-06-10 23:43:28,92,36,0.6
2026-06-10 23:43:28,218,48,0.8
2026-06-10 23:44:30,131,79,1.32
2026-06-10 23:44:30,34,41,0.68
2026-06-10 23:44:30,113,25,0.42
2026-06-10 23:44:30,51,47,0.78
2026-06-10 23:44:30,55,32,0.53
2026-06-10 23:44:30,61,48,0.8
2026-06-10 23:44:30,105,105,1.75
2026-06-10 23:44:30,439,121,2.02
2026-06-10 23:44:30,54,57,0.95
2026-06-10 23:44:30,104,17,0.28
2026-06-10 23:44:30,230,184,3.07
2026-06-10 23:44:30,71,39,0.65
2026-06-10 23:44:30,140,23,0.38
2026-06-10 23:44:30,139,91,1.52
2026-06-10 23:44:30,150,96,1.6
2026-06-10 23:44:30,138,21,0.35
2026-06-10 23:44:30,33,71,1.18
2026-06-10 23:44:30,64,102,1.7
2026-06-10 23:44:30,214,55,0.92
2026-06-10 23:44:30,68,29,0.48
2026-06-10 23:44:30,777,240,4.0
2026-06-10 23:44:30,161,23,0.38
2026-06-10 23:44:30,104,55,0.92
2026-06-10 23:44:30,29,45,0.75
2026-06-10 23:44:30,180,146,2.43
2026-06-10 23:44:30,44,70,1.17
2026-06-10 23:44:30,108,33,0.55
2026-06-10 23:44:30,777,145,2.42
2026-06-10 23:44:30,165,37,0.62
2026-06-10 23:44:30,161,184,3.07
2026-06-10 23:44:30,179,32,0.53
2026-06-10 23:44:30,68,2,0.03
2026-06-10 23:44:30,64,52,0.87
2026-06-10 23:44:30,108,47,0.78
2026-06-10 23:44:30,93,72,1.2
2026-06-10 23:44:30,121,55,0.92
2026-06-10 23:44:30,18,68,1.13
2026-06-10 23:44:30,18,68,1.13
2026-06-10 23:44:30,180,146,2.43
2026-06-10 23:44:30,166,60,1.0
2026-06-10 23:44:30,187,48,0.8
2026-06-10 23:44:30,189,37,0.62
2026-06-10 23:44:30,411,75,1.25
2026-06-10 23:44:30,439,81,1.35
2026-06-10 23:44:30,34,71,1.18
2026-06-10 23:44:30,106,41,0.68
2026-06-10 23:44:30,47,99,1.65
2026-06-10 23:44:30,36,114,1.9
2026-06-10 23:44:30,171,74,1.23
2026-06-10 23:44:30,162,86,1.43
2026-06-10 23:44:30,32,69,1.15
2026-06-10 23:44:30,93,111,1.85
2026-06-10 23:44:30,212,92,1.53
2026-06-10 23:44:30,79,84,1.4
2026-06-10 23:44:30,218,96,1.6
2026-06-10 23:45:31,37,40,0.67
2026-06-10 23:45:31,43,71,1.18
2026-06-10 23:45:31,128,30,0.5
2026-06-10 23:45:31,439,149,2.48
2026-06-10 23:45:31,121,24,0.4
2026-06-10 23:45:31,171,14,0.23
2026-06-10 23:45:31,86,54,0.9
2026-06-10 23:45:31,66,26,0.43
2026-06-10 23:45:31,70,60,1.0
2026-06-10 23:45:31,110,33,0.55
2026-06-10 23:45:31,90,43,0.72
2026-06-10 23:45:31,61,130,2.17
2026-06-10 23:45:31,49,22,0.37
2026-06-10 23:45:31,100,117,1.95
2026-06-10 23:45:31,205,19,0.32
2026-06-10 23:45:31,439,101,1.68
2026-06-10 23:45:31,33,39,0.65
2026-06-10 23:45:31,69,68,1.13
2026-06-10 23:45:31,125,137,2.28
2026-06-10 23:45:31,186,60,1.0
2026-06-10 23:45:31,51,41,0.68
2026-06-10 23:45:31,97,155,2.58
2026-06-10 23:45:31,140,111,1.85
2026-06-10 23:45:31,215,126,2.1
2026-06-10 23:45:31,197,78,1.3
2026-06-10 23:45:31,138,17,0.28
2026-06-10 23:45:31,168,120,2.0
2026-06-10 23:45:31,198,32,0.53
2026-06-10 23:45:31,496,84,1.4
2026-06-10 23:45:31,125,75,1.25
2026-06-10 23:45:31,150,59,0.98
2026-06-10 23:45:31,108,33,0.55
2026-06-10 23:45:31,68,77,1.28
2026-06-10 23:45:31,38,64,1.07
2026-06-10 23:45:31,18,181,3.02
2026-06-10 23:45:31,171,120,2.0
2026-06-10 23:45:31,103,48,0.8
2026-06-10 23:45:31,113,71,1.18
2026-06-10 23:45:31,127,110,1.83
2026-06-10 23:45:31,140,120,2.0
2026-06-10 23:45:31,49,106,1.77
2026-06-10 23:45:31,22,46,0.77
2026-06-10 23:45:31,361,69,1.15
2026-06-10 23:45:31,44,120,2.0
2026-06-10 23:45:31,136,13,0.22
2026-06-10 23:45:31,94,37,0.62
2026-06-10 23:45:31,105,94,1.57
2026-06-10 23:45:31,193,63,1.05
2026-06-10 23:45:31,166,60,1.0
2026-06-10 23:45:31,136,66,1.1
2026-06-10 23:45:31,105,44,0.73
2026-06-10 23:45:31,189,37,0.62
2026-06-10 23:45:31,28,27,0.45
2026-06-10 23:45:31,112,59,0.98
2026-06-10 23:45:31,51,23,0.38
2026-06-10 23:45:31,47,99,1.65
2026-06-10 23:45:31,13,53,0.88
2026-06-10 23:45:31,211,60,1.0
2026-06-10 23:45:31,71,96,1.6
2026-06-10 23:45:31,198,95,1.58
2026-06-10 23:45:31,189,83,1.38
2026-06-10 23:45:31,170,51,0.85
2026-06-10 23:45:31,212,92,1.53
2026-06-10 23:45:31,79,84,1.4
2026-06-10 23:45:31,141,41,0.68
2026-06-10 23:45:31,11,55,0.92
2026-06-10 23:46:32,165,20,0.33
2026-06-10 23:46:32,67,68,1.13
2026-06-10 23:46:32,197,49,0.82
2026-06-10 23:46:32,13,35,0.58
2026-06-10 23:46:32,197,48,0.8
2026-06-10 23:46:32,161,42,0.7
2026-06-10 23:46:32,33,19,0.32
2026-06-10 23:46:32,32,55,0.92
2026-06-10 23:46:32,27,30,0.5
2026-06-10 23:46:32,32,75,1.25
2026-06-10 23:46:32,180,45,0.75
2026-06-10 23:46:32,13,117,1.95
2026-06-10 23:46:32,34,41,0.68
2026-06-10 23:46:32,79,17,0.28
2026-06-10 23:46:32,196,224,3.73
2026-06-10 23:46:32,198,57,0.95
2026-06-10 23:46:32,64,69,1.15
2026-06-10 23:46:32,202,41,0.68
2026-06-10 23:46:32,33,33,0.55
2026-06-10 23:46:32,18,38,0.63
2026-06-10 23:46:32,106,115,1.92
2026-06-10 23:46:32,86,35,0.58
2026-06-10 23:46:32,192,34,0.57
2026-06-10 23:46:32,203,42,0.7
2026-06-10 23:46:32,47,70,1.17
2026-06-10 23:46:32,56,22,0.37
2026-06-10 23:46:32,61,40,0.67
2026-06-10 23:46:32,376,9,0.15
2026-06-10 23:46:32,195,151,2.52
2026-06-10 23:46:32,99,32,0.53
2026-06-10 23:46:32,197,78,1.3
2026-06-10 23:46:32,57,57,0.95
2026-06-10 23:46:32,45,26,0.43
2026-06-10 23:46:32,197,45,0.75
2026-06-10 23:46:32,104,55,0.92
2026-06-10 23:46:32,104,17,0.28
2026-06-10 23:46:32,138,17,0.28
2026-06-10 23:46:32,29,34,0.57
2026-06-10 23:46:32,439,81,1.35
2026-06-10 23:46:32,177,35,0.58
2026-06-10 23:46:32,125,137,2.28
2026-06-10 23:46:32,93,72,1.2
2026-06-10 23:46:32,71,41,0.68
2026-06-10 23:46:32,38,360,6.0
2026-06-10 23:46:32,38,64,1.07
2026-06-10 23:46:32,121,55,0.92
2026-06-10 23:46:32,171,120,2.0
2026-06-10 23:46:32,103,48,0.8
2026-06-10 23:46:32,106,115,1.92
2026-06-10 23:46:32,113,46,0.77
2026-06-10 23:46:32,136,13,0.22
2026-06-10 23:46:32,94,37,0.62
2026-06-10 23:46:32,24,44,0.73
2026-06-10 23:46:32,69,54,0.9
2026-06-10 23:46:32,195,143,2.38
2026-06-10 23:46:32,439,81,1.35
2026-06-10 23:46:32,218,96,1.6
2026-06-10 23:46:32,95,54,0.9
2026-06-10 23:46:32,230,184,3.07
2026-06-10 23:46:32,112,59,0.98
2026-06-10 23:46:32,47,67,1.12
2026-06-10 23:46:32,179,19,0.32
2026-06-10 23:46:32,38,64,1.07
2026-06-10 23:46:32,24,21,0.35
2026-06-10 23:46:32,171,120,2.0
2026-06-10 23:46:32,51,39,0.65
2026-06-10 23:46:32,141,41,0.68
2026-06-10 23:46:32,33,38,0.63
2026-06-10 23:47:34,195,22,0.37
2026-06-10 23:47:34,136,65,1.08
2026-06-10 23:47:34,104,17,0.28
2026-06-10 23:47:34,202,56,0.93
2026-06-10 23:47:34,33,36,0.6
2026-06-10 23:47:34,162,30,0.5
2026-06-10 23:47:34,66,62,1.03
2026-06-10 23:47:34,94,5,0.08
2026-06-10 23:47:34,44,54,0.9
2026-06-10 23:47:34,138,27,0.45
2026-06-10 23:47:34,165,41,0.68
2026-06-10 23:47:34,11,84,1.4
2026-06-10 23:47:34,51,27,0.45
2026-06-10 23:47:34,11,23,0.38
2026-06-10 23:47:34,125,45,0.75
2026-06-10 23:47:34,71,104,1.73
2026-06-10 23:47:34,67,85,1.42
2026-06-10 23:47:34,128,61,1.02
2026-06-10 23:47:34,100,69,1.15
2026-06-10 23:47:34,193,35,0.58
2026-06-10 23:47:34,45,48,0.8
2026-06-10 23:47:34,411,83,1.38
2026-06-10 23:47:34,47,46,0.77
2026-06-10 23:47:34,141,41,0.68
2026-06-10 23:47:34,33,33,0.55
2026-06-10 23:47:34,411,174,2.9
2026-06-10 23:47:34,189,34,0.57
2026-06-10 23:47:34,114,50,0.83
2026-06-10 23:47:34,439,182,3.03
2026-06-10 23:47:34,48,47,0.78
2026-06-10 23:47:34,86,35,0.58
2026-06-10 23:47:34,102,121,2.02
2026-06-10 23:47:34,110,32,0.53
2026-06-10 23:47:34,747,70,1.17
2026-06-10 23:47:34,205,206,3.43
2026-06-10 23:47:34,215,126,2.1
2026-06-10 23:47:34,100,52,0.87
2026-06-10 23:47:34,125,75,1.25
2026-06-10 23:47:34,104,55,0.92
2026-06-10 23:47:34,104,17,0.28
2026-06-10 23:47:34,34,42,0.7
2026-06-10 23:47:34,17,40,0.67
2026-06-10 23:47:34,22,68,1.13
2026-06-10 23:47:34,138,17,0.28
2026-06-10 23:47:34,67,55,0.92
2026-06-10 23:47:34,164,19,0.32
2026-06-10 23:47:34,43,59,0.98
2026-06-10 23:47:34,165,37,0.62
2026-06-10 23:47:34,112,45,0.75
2026-06-10 23:47:34,180,103,1.72
2026-06-10 23:47:34,38,64,1.07
2026-06-10 23:47:34,113,71,1.18
2026-06-10 23:47:34,127,110,1.83
2026-06-10 23:47:34,92,222,3.7
2026-06-10 23:47:34,57,59,0.98
2026-06-10 23:47:34,103,72,1.2
2026-06-10 23:47:34,777,300,5.0
2026-06-10 23:47:34,105,94,1.57
2026-06-10 23:47:34,496,84,1.4
2026-06-10 23:47:34,170,40,0.67
2026-06-10 23:47:34,197,78,1.3
2026-06-10 23:47:34,411,1020,17.0
2026-06-10 23:47:34,90,75,1.25
2026-06-10 23:47:34,64,102,1.7
2026-06-10 23:47:34,206,215,3.58
2026-06-10 23:47:34,439,112,1.87
2026-06-10 23:47:34,211,60,1.0
2026-06-10 23:47:34,11,14,0.23
2026-06-10 23:47:34,144,127,2.12
2026-06-10 23:47:34,48,104,1.73
2026-06-10 23:47:34,123,18,0.3
2026-06-10 23:47:34,80,105,1.75
2026-06-10 23:48:01,34,75,1.25
2026-06-10 23:48:01,55,155,2.58
2026-06-10 23:48:01,110,40,0.67
2026-06-10 23:48:01,54,96,1.6
2026-06-10 23:48:01,100,23,0.38
2026-06-10 23:48:01,230,55,0.92
2026-06-10 23:48:01,61,97,1.62
2026-06-10 23:48:01,206,45,0.75
2026-06-10 23:48:01,107,44,0.73
2026-06-10 23:48:01,123,35,0.58
2026-06-10 23:48:01,164,65,1.08
2026-06-10 23:48:01,13,23,0.38
2026-06-10 23:48:01,165,28,0.47
2026-06-10 23:48:01,80,50,0.83
2026-06-10 23:48:01,138,48,0.8
2026-06-10 23:48:01,90,52,0.87
2026-06-10 23:48:01,439,74,1.23
2026-06-10 23:48:01,56,47,0.78
2026-06-10 23:48:01,48,51,0.85
2026-06-10 23:48:01,100,16,0.27
2026-06-10 23:48:01,208,30,0.5
2026-06-10 23:48:01,128,46,0.77
2026-06-10 23:48:01,44,54,0.9
2026-06-10 23:48:01,54,39,0.65
2026-06-10 23:48:01,202,227,3.78
2026-06-10 23:48:01,170,31,0.52
2026-06-10 23:48:01,79,42,0.7
2026-06-10 23:48:01,196,224,3.73
2026-06-10 23:48:01,106,115,1.92
2026-06-10 23:48:01,86,35,0.58
2026-06-10 23:48:01,105,44,0.73
2026-06-10 23:48:01,197,45,0.75
2026-06-10 23:48:01,211,176,2.93
2026-06-10 23:48:01,186,60,1.0
2026-06-10 23:48:01,363,67,1.12
2026-06-10 23:48:01,215,126,2.1
2026-06-10 23:48:01,57,57,0.95
2026-06-10 23:48:01,55,47,0.78
2026-06-10 23:48:01,136,66,1.1
2026-06-10 23:48:01,10,34,0.57
2026-06-10 23:48:01,34,42,0.7
2026-06-10 23:48:01,141,41,0.68
2026-06-10 23:48:01,164,19,0.32
2026-06-10 23:48:01,411,75,1.25
2026-06-10 23:48:01,93,111,1.85
2026-06-10 23:48:01,168,44,0.73
2026-06-10 23:48:01,93,72,1.2
2026-06-10 23:48:01,195,151,2.52
2026-06-10 23:48:01,38,64,1.07
2026-06-10 23:48:01,171,120,2.0
2026-06-10 23:48:01,18,68,1.13
2026-06-10 23:48:01,24,18,0.3
2026-06-10 23:48:01,22,46,0.77
2026-06-10 23:48:01,207,34,0.57
2026-06-10 23:48:01,187,18,0.3
2026-06-10 23:48:01,189,83,1.38
2026-06-10 23:48:01,103,72,1.2
2026-06-10 23:48:01,164,19,0.32
2026-06-10 23:48:01,102,51,0.85
2026-06-10 23:48:01,129,44,0.73
2026-06-10 23:48:01,161,23,0.38
2026-06-10 23:48:01,439,81,1.35
2026-06-10 23:48:01,162,27,0.45
2026-06-10 23:48:01,86,35,0.58
2026-06-10 23:48:01,95,54,0.9
2026-06-10 23:48:01,106,41,0.68
2026-06-10 23:48:01,47,99,1.65
2026-06-10 23:48:01,13,54,0.9
2026-06-10 23:48:01,171,74,1.23
2026-06-10 23:48:01,168,52,0.87
2026-06-10 23:48:01,171,120,2.0
2026-06-10 23:48:01,144,49,0.82
2026-06-10 23:48:01,189,83,1.38
2026-06-10 23:48:01,136,17,0.28
2026-06-10 23:48:35,202,48,0.8
2026-06-10 23:48:35,202,23,0.38
2026-06-10 23:48:35,103,46,0.77
2026-06-10 23:48:35,166,57,0.95
2026-06-10 23:48:35,186,39,0.65
2026-06-10 23:48:35,211,12,0.2
2026-06-10 23:48:35,187,107,1.78
2026-06-10 23:48:35,140,48,0.8
2026-06-10 23:48:35,179,31,0.52
2026-06-10 23:48:35,193,59,0.98
2026-06-10 23:48:35,95,36,0.6
2026-06-10 23:48:35,129,58,0.97
2026-06-10 23:48:35,207,24,0.4
2026-06-10 23:48:35,195,90,1.5
2026-06-10 23:48:35,79,22,0.37
2026-06-10 23:48:35,54,39,0.65
2026-06-10 23:48:35,172,43,0.72
2026-06-10 23:48:35,162,52,0.87
2026-06-10 23:48:35,113,85,1.42
2026-06-10 23:48:35,136,55,0.92
2026-06-10 23:48:35,64,69,1.15
2026-06-10 23:48:35,45,61,1.02
2026-06-10 23:48:35,170,120,2.0
2026-06-10 23:48:35,68,58,0.97
2026-06-10 23:48:35,127,142,2.37
2026-06-10 23:48:35,192,30,0.5
2026-06-10 23:48:35,34,75,1.25
2026-06-10 23:48:35,207,25,0.42
2026-06-10 23:48:35,102,129,2.15
2026-06-10 23:48:35,54,96,1.6
2026-06-10 23:48:35,71,39,0.65
2026-06-10 23:48:35,198,41,0.68
2026-06-10 23:48:35,439,122,2.03
2026-06-10 23:48:35,28,40,0.67
2026-06-10 23:48:35,104,17,0.28
2026-06-10 23:48:35,197,85,1.42
2026-06-10 23:48:35,139,91,1.52
2026-06-10 23:48:35,160,44,0.73
2026-06-10 23:48:35,68,86,1.43
2026-06-10 23:48:35,22,68,1.13
2026-06-10 23:48:35,86,35,0.58
2026-06-10 23:48:35,110,157,2.62
2026-06-10 23:48:35,747,398,6.63
2026-06-10 23:48:35,197,45,0.75
2026-06-10 23:48:35,97,155,2.58
2026-06-10 23:48:35,110,134,2.23
2026-06-10 23:48:35,10,114,1.9
2026-06-10 23:48:35,138,51,0.85
2026-06-10 23:48:35,108,33,0.55
2026-06-10 23:48:35,71,96,1.6
2026-06-10 23:48:35,54,43,0.72
2026-06-10 23:48:35,180,103,1.72
2026-06-10 23:48:35,47,99,1.65
2026-06-10 23:48:35,171,49,0.82
2026-06-10 23:48:35,192,33,0.55
2026-06-10 23:48:35,198,95,1.58
2026-06-10 23:48:35,24,44,0.73
2026-06-10 23:48:35,10,49,0.82
2026-06-10 23:48:35,193,63,1.05
2026-06-10 23:48:35,189,37,0.62
2026-06-10 23:48:35,411,75,1.25
2026-06-10 23:48:35,195,143,2.38
2026-06-10 23:48:35,202,74,1.23
2026-06-10 23:48:35,17,78,1.3
2026-06-10 23:48:35,47,67,1.12
2026-06-10 23:48:35,44,70,1.17
2026-06-10 23:48:35,51,23,0.38
2026-06-10 23:48:35,49,106,1.77
2026-06-10 23:48:35,99,100,1.67
2026-06-10 23:48:35,177,15,0.25
2026-06-10 23:48:35,113,46,0.77
2026-06-10 23:48:35,136,17,0.28
2026-06-10 23:48:35,92,36,0.6
2026-06-10 23:49:36,165,56,0.93
2026-06-10 23:49:36,95,41,0.68
2026-06-10 23:49:36,166,41,0.68
2026-06-10 23:49:36,171,70,1.17
2026-06-10 23:49:36,203,36,0.6
2026-06-10 23:49:36,141,59,0.98
2026-06-10 23:49:36,128,34,0.57
2026-06-10 23:49:36,166,54,0.9
2026-06-10 23:49:36,211,18,0.3
2026-06-10 23:49:36,192,35,0.58
2026-06-10 23:49:36,192,37,0.62
2026-06-10 23:49:36,68,42,0.7
2026-06-10 23:49:36,67,71,1.18
2026-06-10 23:49:36,777,363,6.05
2026-06-10 23:49:36,127,35,0.58
2026-06-10 23:49:36,51,77,1.28
2026-06-10 23:49:36,195,34,0.57
2026-06-10 23:49:36,28,60,1.0
2026-06-10 23:49:36,747,22,0.37
2026-06-10 23:49:36,162,40,0.67
2026-06-10 23:49:36,48,47,0.78
2026-06-10 23:49:36,193,43,0.72
2026-06-10 23:49:36,192,30,0.5
2026-06-10 23:49:36,747,158,2.63
2026-06-10 23:49:36,104,55,0.92
2026-06-10 23:49:36,95,54,0.9
2026-06-10 23:49:36,361,50,0.83
2026-06-10 23:49:36,197,45,0.75
2026-06-10 23:49:36,230,184,3.07
2026-06-10 23:49:36,107,20,0.33
2026-06-10 23:49:36,34,71,1.18
2026-06-10 23:49:36,125,75,1.25
2026-06-10 23:49:36,34,42,0.7
2026-06-10 23:49:36,90,60,1.0
2026-06-10 23:49:36,43,59,0.98
2026-06-10 23:49:36,179,19,0.32
2026-06-10 23:49:36,28,16,0.27
2026-06-10 23:49:36,197,78,1.3
2026-06-10 23:49:36,161,184,3.07
2026-06-10 23:49:36,168,44,0.73
2026-06-10 23:49:36,112,59,0.98
2026-06-10 23:49:36,105,94,1.57
2026-06-10 23:49:36,48,47,0.78
2026-06-10 23:49:36,97,54,0.9
2026-06-10 23:49:36,129,61,1.02
2026-06-10 23:49:36,161,184,3.07
2026-06-10 23:49:36,170,51,0.85
2026-06-10 23:49:36,34,42,0.7
2026-06-10 23:49:36,69,54,0.9
2026-06-10 23:49:36,496,84,1.4
2026-06-10 23:49:36,129,44,0.73
2026-06-10 23:49:36,31,208,3.47
2026-06-10 23:49:36,95,34,0.57
2026-06-10 23:49:36,97,31,0.52
2026-06-10 23:49:36,37,29,0.48
2026-06-10 23:49:36,160,50,0.83
2026-06-10 23:49:36,107,20,0.33
2026-06-10 23:49:36,112,59,0.98
2026-06-10 23:49:36,47,67,1.12
2026-06-10 23:49:36,47,99,1.65
2026-06-10 23:49:36,56,86,1.43
2026-06-10 23:49:36,11,14,0.23
2026-06-10 23:49:36,103,48,0.8
2026-06-10 23:49:36,168,52,0.87
2026-06-10 23:49:36,86,33,0.55
2026-06-10 23:49:36,144,49,0.82
2026-06-10 23:49:36,113,71,1.18
2026-06-10 23:49:36,93,111,1.85
2026-06-10 23:50:38,172,15,0.25
2026-06-10 23:50:38,177,22,0.37
2026-06-10 23:50:38,230,19,0.32
2026-06-10 23:50:38,138,33,0.55
2026-06-10 23:50:38,86,31,0.52
2026-06-10 23:50:38,150,39,0.65
2026-06-10 23:50:38,170,95,1.58
2026-06-10 23:50:38,203,34,0.57
2026-06-10 23:50:38,49,44,0.73
2026-06-10 23:50:38,33,27,0.45
2026-06-10 23:50:38,107,33,0.55
2026-06-10 23:50:38,162,33,0.55
2026-06-10 23:50:38,777,282,4.7
2026-06-10 23:50:38,197,65,1.08
2026-06-10 23:50:38,165,48,0.8
2026-06-10 23:50:38,225,72,1.2
2026-06-10 23:50:38,204,20,0.33
2026-06-10 23:50:38,92,110,1.83
2026-06-10 23:50:38,166,39,0.65
2026-06-10 23:50:38,24,44,0.73
2026-06-10 23:50:38,105,94,1.57
2026-06-10 23:50:38,110,32,0.53
2026-06-10 23:50:38,208,186,3.1
2026-06-10 23:50:38,187,48,0.8
2026-06-10 23:50:38,106,41,0.68
2026-06-10 23:50:38,150,59,0.98
2026-06-10 23:50:38,113,120,2.0
2026-06-10 23:50:38,187,107,1.78
2026-06-10 23:50:38,193,43,0.72
2026-06-10 23:50:38,192,30,0.5
2026-06-10 23:50:38,747,158,2.63
2026-06-10 23:50:38,104,17,0.28
2026-06-10 23:50:38,86,35,0.58
2026-06-10 23:50:38,209,162,2.7
2026-06-10 23:50:38,28,27,0.45
2026-06-10 23:50:38,172,60,1.0
2026-06-10 23:50:38,32,69,1.15
2026-06-10 23:50:38,107,20,0.33
2026-06-10 23:50:38,138,17,0.28
2026-06-10 23:50:38,209,13,0.22
2026-06-10 23:50:38,22,68,1.13
2026-06-10 23:50:38,150,236,3.93
2026-06-10 23:50:38,131,18,0.3
2026-06-10 23:50:38,11,14,0.23
2026-06-10 23:50:38,108,47,0.78
2026-06-10 23:50:38,171,49,0.82
2026-06-10 23:50:38,162,27,0.45
2026-06-10 23:50:38,144,49,0.82
2026-06-10 23:50:38,125,75,1.25
2026-06-10 23:50:38,24,18,0.3
2026-06-10 23:50:38,79,60,1.0
2026-06-10 23:50:38,106,115,1.92
2026-06-10 23:50:38,215,131,2.18
2026-06-10 23:50:38,36,74,1.23
2026-06-10 23:50:38,230,50,0.83
2026-06-10 23:50:38,33,32,0.53
2026-06-10 23:50:38,57,57,0.95
2026-06-10 23:50:38,187,107,1.78
2026-06-10 23:50:38,187,48,0.8
2026-06-10 23:50:38,67,42,0.7
2026-06-10 23:50:38,160,50,0.83
2026-06-10 23:50:38,439,81,1.35
2026-06-10 23:50:38,160,50,0.83
2026-06-10 23:50:38,47,67,1.12
2026-06-10 23:50:38,32,57,0.95
2026-06-10 23:50:38,66,55,0.92
2026-06-10 23:50:38,206,215,3.58
2026-06-10 23:50:38,211,60,1.0
2026-06-10 23:50:38,71,96,1.6
2026-06-10 23:50:38,172,54,0.9
2026-06-10 23:50:38,177,15,0.25
2026-06-10 23:50:38,113,71,1.18
2026-06-10 23:50:38,93,111,1.85
2026-06-10 23:51:40,150,28,0.47
2026-06-10 23:51:40,198,39,0.65
2026-06-10 23:51:40,189,25,0.42
2026-06-10 23:51:40,44,63,1.05
2026-06-10 23:51:40,141,18,0.3
2026-06-10 23:51:40,86,31,0.52
2026-06-10 23:51:40,33,29,0.48
2026-06-10 23:51:40,18,68,1.13
2026-06-10 23:51:40,202,12,0.2
2026-06-10 23:51:40,48,44,0.73
2026-06-10 23:51:40,129,37,0.62
2026-06-10 23:51:40,54,173,2.88
2026-06-10 23:51:40,139,10,0.17
2026-06-10 23:51:40,165,49,0.82
2026-06-10 23:51:40,55,34,0.57
2026-06-10 23:51:40,70,36,0.6
2026-06-10 23:51:40,68,13,0.22
2026-06-10 23:51:40,86,33,0.55
2026-06-10 23:51:40,127,33,0.55
2026-06-10 23:51:40,777,70,1.17
2026-06-10 23:51:40,44,24,0.4
2026-06-10 23:51:40,108,94,1.57
2026-06-10 23:51:40,209,363,6.05
2026-06-10 23:51:40,124,27,0.45
2026-06-10 23:51:40,32,69,1.15
2026-06-10 23:51:40,180,146,2.43
2026-06-10 23:51:40,48,162,2.7
2026-06-10 23:51:40,139,91,1.52
2026-06-10 23:51:40,189,83,1.38
2026-06-10 23:51:40,48,133,2.22
2026-06-10 23:51:40,79,84,1.4
2026-06-10 23:51:40,125,137,2.28
2026-06-10 23:51:40,28,27,0.45
2026-06-10 23:51:40,747,398,6.63
2026-06-10 23:51:40,215,126,2.1
2026-06-10 23:51:40,67,42,0.7
2026-06-10 23:51:40,10,34,0.57
2026-06-10 23:51:40,28,16,0.27
2026-06-10 23:51:40,54,43,0.72
2026-06-10 23:51:40,45,26,0.43
2026-06-10 23:51:40,192,33,0.55
2026-06-10 23:51:40,48,104,1.73
2026-06-10 23:51:40,144,49,0.82
2026-06-10 23:51:40,128,60,1.0
2026-06-10 23:51:40,36,74,1.23
2026-06-10 23:51:40,102,51,0.85
2026-06-10 23:51:40,105,44,0.73
2026-06-10 23:51:40,31,208,3.47
2026-06-10 23:51:40,162,27,0.45
2026-06-10 23:51:40,95,34,0.57
2026-06-10 23:51:40,37,78,1.3
2026-06-10 23:51:40,47,67,1.12
2026-06-10 23:51:40,32,57,0.95
2026-06-10 23:51:40,206,215,3.58
2026-06-10 23:51:40,56,86,1.43
2026-06-10 23:51:40,211,1020,17.0
2026-06-10 23:51:40,71,96,1.6
2026-06-10 23:51:40,17,40,0.67
2026-06-10 23:51:40,123,120,2.0
2026-06-10 23:51:40,112,45,0.75
2026-06-10 23:52:41,202,31,0.52
2026-06-10 23:52:41,172,18,0.3
2026-06-10 23:52:41,69,64,1.07
2026-06-10 23:52:41,32,31,0.52
2026-06-10 23:52:41,186,44,0.73
2026-06-10 23:52:41,128,30,0.5
2026-06-10 23:52:41,139,21,0.35
2026-06-10 23:52:41,32,67,1.12
2026-06-10 23:52:41,107,19,0.32
2026-06-10 23:52:41,179,29,0.48
2026-06-10 23:52:41,439,88,1.47
2026-06-10 23:52:41,57,45,0.75
2026-06-10 23:52:41,192,43,0.72
2026-06-10 23:52:41,189,27,0.45
2026-06-10 23:52:41,110,32,0.53
2026-06-10 23:52:41,195,42,0.7
2026-06-10 23:52:41,496,95,1.58
2026-06-10 23:52:41,140,42,0.7
2026-06-10 23:52:41,193,54,0.9
2026-06-10 23:52:41,10,45,0.75
2026-06-10 23:52:41,207,37,0.62
2026-06-10 23:52:41,170,142,2.37
2026-06-10 23:52:41,141,28,0.47
2026-06-10 23:52:41,777,240,4.0
2026-06-10 23:52:41,214,138,2.3
2026-06-10 23:52:41,44,54,0.9
2026-06-10 23:52:41,172,54,0.9
2026-06-10 23:52:41,121,26,0.43
2026-06-10 23:52:41,197,45,0.75
2026-06-10 23:52:41,215,126,2.1
2026-06-10 23:52:41,777,240,4.0
2026-06-10 23:52:41,141,41,0.68
2026-06-10 23:52:41,165,59,0.98
2026-06-10 23:52:41,186,56,0.93
2026-06-10 23:52:41,85,43,0.72
2026-06-10 23:52:41,47,99,1.65
2026-06-10 23:52:41,97,31,0.52
2026-06-10 23:52:41,80,40,0.67
2026-06-10 23:52:41,103,48,0.8
2026-06-10 23:52:41,113,71,1.18
2026-06-10 23:52:41,18,68,1.13
2026-06-10 23:52:41,97,71,1.18
2026-06-10 23:52:41,106,115,1.92
2026-06-10 23:52:41,211,60,1.0
2026-06-10 23:52:41,140,120,2.0
2026-06-10 23:52:41,22,46,0.77
2026-06-10 23:52:41,777,240,4.0
2026-06-10 23:52:41,162,27,0.45
2026-06-10 23:52:41,54,32,0.53
2026-06-10 23:52:41,51,23,0.38
2026-06-10 23:52:41,108,33,0.55
2026-06-10 23:52:41,64,52,0.87
2026-06-10 23:52:41,13,54,0.9
2026-06-10 23:52:41,80,40,0.67
2026-06-10 23:52:41,114,62,1.03
2026-06-10 23:52:41,203,269,4.48
2026-06-10 23:53:42,177,27,0.45
2026-06-10 23:53:42,67,36,0.6
2026-06-10 23:53:42,164,29,0.48
2026-06-10 23:53:42,48,21,0.35
2026-06-10 23:53:42,71,28,0.47
2026-06-10 23:53:42,136,37,0.62
2026-06-10 23:53:42,150,31,0.52
2026-06-10 23:53:42,197,23,0.38
2026-06-10 23:53:42,32,63,1.05
2026-06-10 23:53:42,179,61,1.02
2026-06-10 23:53:42,203,33,0.55
2026-06-10 23:53:42,187,125,2.08
2026-06-10 23:53:42,44,69,1.15
2026-06-10 23:53:42,198,48,0.8
2026-06-10 23:53:42,99,45,0.75
2026-06-10 23:53:42,45,55,0.92
2026-06-10 23:53:42,189,23,0.38
2026-06-10 23:53:42,85,19,0.32
2026-06-10 23:53:42,92,80,1.33
2026-06-10 23:53:42,193,37,0.62
2026-06-10 23:53:42,110,46,0.77
2026-06-10 23:53:42,140,21,0.35
2026-06-10 23:53:42,105,44,0.73
2026-06-10 23:53:42,108,42,0.7
2026-06-10 23:53:42,209,38,0.63
2026-06-10 23:53:42,33,32,0.53
2026-06-10 23:53:42,161,184,3.07
2026-06-10 23:53:42,92,48,0.8
2026-06-10 23:53:42,113,240,4.0
2026-06-10 23:53:42,69,104,1.73
2026-06-10 23:53:42,185,60,1.0
2026-06-10 23:53:42,193,54,0.9
2026-06-10 23:53:42,180,103,1.72
2026-06-10 23:53:42,171,74,1.23
2026-06-10 23:53:42,114,33,0.55
2026-06-10 23:53:42,208,186,3.1
2026-06-10 23:53:42,139,91,1.52
2026-06-10 23:53:42,13,53,0.88
2026-06-10 23:53:42,106,115,1.92
2026-06-10 23:53:42,48,104,1.73
2026-06-10 23:53:42,121,26,0.43
2026-06-10 23:53:42,17,58,0.97
2026-06-10 23:53:42,161,23,0.38
2026-06-10 23:53:42,34,71,1.18
2026-06-10 23:53:42,189,37,0.62
2026-06-10 23:53:42,110,134,2.23
2026-06-10 23:53:42,496,857,14.28
2026-06-10 23:53:42,66,36,0.6
2026-06-10 23:53:42,125,137,2.28
2026-06-10 23:53:42,165,37,0.62
2026-06-10 23:53:42,32,57,0.95
2026-06-10 23:53:42,80,40,0.67
2026-06-10 23:53:42,170,40,0.67
2026-06-10 23:53:42,103,48,0.8
2026-06-10 23:53:42,125,75,1.25
2026-06-10 23:53:42,127,110,1.83
2026-06-10 23:53:42,79,84,1.4
2026-06-10 23:53:42,361,69,1.15
2026-06-10 23:53:42,33,32,0.53
2026-06-10 23:53:42,10,49,0.82
2026-06-10 23:53:42,187,107,1.78
2026-06-10 23:53:42,166,60,1.0
2026-06-10 23:53:42,136,66,1.1
2026-06-10 23:53:42,411,75,1.25
2026-06-10 23:53:42,49,60,1.0
2026-06-10 23:53:42,439,81,1.35
2026-06-10 23:53:42,108,33,0.55
2026-06-10 23:53:42,49,106,1.77
2026-06-10 23:53:42,108,47,0.78
2026-06-10 23:54:43,51,49,0.82
2026-06-10 23:54:43,33,39,0.65
2026-06-10 23:54:43,189,20,0.33
2026-06-10 23:54:43,202,35,0.58
2026-06-10 23:54:43,187,107,1.78
2026-06-10 23:54:43,32,57,0.95
2026-06-10 23:54:43,49,51,0.85
2026-06-10 23:54:43,192,51,0.85
2026-06-10 23:54:43,439,56,0.93
2026-06-10 23:54:43,204,13,0.22
2026-06-10 23:54:43,209,66,1.1
2026-06-10 23:54:43,64,35,0.58
2026-06-10 23:54:43,44,115,1.92
2026-06-10 23:54:43,57,69,1.15
2026-06-10 23:54:43,18,24,0.4
2026-06-10 23:54:43,37,48,0.8
2026-06-10 23:54:43,24,59,0.98
2026-06-10 23:54:43,45,47,0.78
2026-06-10 23:54:43,185,60,1.0
2026-06-10 23:54:43,121,50,0.83
2026-06-10 23:54:43,108,106,1.77
2026-06-10 23:54:43,411,41,0.68
2026-06-10 23:54:43,69,64,1.07
2026-06-10 23:54:43,55,41,0.68
2026-06-10 23:54:43,100,8,0.13
2026-06-10 23:54:43,17,40,0.67
2026-06-10 23:54:43,36,23,0.38
2026-06-10 23:54:43,33,32,0.53
2026-06-10 23:54:43,100,67,1.12
2026-06-10 23:54:43,193,54,0.9
2026-06-10 23:54:43,187,107,1.78
2026-06-10 23:54:43,27,125,2.08
2026-06-10 23:54:43,90,16,0.27
2026-06-10 23:54:43,411,1020,17.0
2026-06-10 23:54:43,195,143,2.38
2026-06-10 23:54:43,110,32,0.53
2026-06-10 23:54:43,92,222,3.7
2026-06-10 23:54:43,92,36,0.6
2026-06-10 23:54:43,48,104,1.73
2026-06-10 23:54:43,160,44,0.73
2026-06-10 23:54:43,106,115,1.92
2026-06-10 23:54:43,197,45,0.75
2026-06-10 23:54:43,777,300,5.0
2026-06-10 23:54:43,160,50,0.83
2026-06-10 23:54:43,777,240,4.0
2026-06-10 23:54:43,186,56,0.93
2026-06-10 23:54:43,179,19,0.32
2026-06-10 23:54:43,28,16,0.27
2026-06-10 23:54:43,32,57,0.95
2026-06-10 23:54:43,64,52,0.87
2026-06-10 23:54:43,162,86,1.43
2026-06-10 23:54:43,127,110,1.83
2026-06-10 23:54:43,97,37,0.62
2026-06-10 23:54:43,215,131,2.18
2026-06-10 23:54:43,140,120,2.0
2026-06-10 23:54:43,141,41,0.68
2026-06-10 23:54:43,103,72,1.2
2026-06-10 23:54:43,80,105,1.75
2026-06-10 23:54:43,138,17,0.28
2026-06-10 23:54:43,439,81,1.35
2026-06-10 23:54:43,54,32,0.53
2026-06-10 23:54:43,204,78,1.3
2026-06-10 23:54:43,230,184,3.07
2026-06-10 23:54:43,112,59,0.98
2026-06-10 23:54:43,108,47,0.78
2026-06-10 23:54:43,203,269,4.48
2026-06-10 23:55:45,197,21,0.35
2026-06-10 23:55:45,186,61,1.02
2026-06-10 23:55:45,94,48,0.8
2026-06-10 23:55:45,66,26,0.43
2026-06-10 23:55:45,61,97,1.62
2026-06-10 23:55:45,44,46,0.77
2026-06-10 23:55:45,69,60,1.0
2026-06-10 23:55:45,162,22,0.37
2026-06-10 23:55:45,44,41,0.68
2026-06-10 23:55:45,129,44,0.73
2026-06-10 23:55:45,186,64,1.07
2026-06-10 23:55:45,17,83,1.38
2026-06-10 23:55:45,160,123,2.05
2026-06-10 23:55:45,48,28,0.47
2026-06-10 23:55:45,439,139,2.32
2026-06-10 23:55:45,747,900,15.0
2026-06-10 23:55:45,79,84,1.4
2026-06-10 23:55:45,49,25,0.42
2026-06-10 23:55:45,45,73,1.22
2026-06-10 23:55:45,128,37,0.62
2026-06-10 23:55:45,195,40,0.67
2026-06-10 23:55:45,33,46,0.77
2026-06-10 23:55:45,13,53,0.88
2026-06-10 23:55:45,105,75,1.25
2026-06-10 23:55:45,129,36,0.6
2026-06-10 23:55:45,55,48,0.8
2026-06-10 23:55:45,777,240,4.0
2026-06-10 23:55:45,187,107,1.78
2026-06-10 23:55:45,128,60,1.0
2026-06-10 23:55:45,80,84,1.4
2026-06-10 23:55:45,160,44,0.73
2026-06-10 23:55:45,68,86,1.43
2026-06-10 23:55:45,106,115,1.92
2026-06-10 23:55:45,195,151,2.52
2026-06-10 23:55:45,197,78,1.3
2026-06-10 23:55:45,209,13,0.22
2026-06-10 23:55:45,100,78,1.3
2026-06-10 23:55:45,189,37,0.62
2026-06-10 23:55:45,17,40,0.67
2026-06-10 23:55:45,165,37,0.62
2026-06-10 23:55:45,108,47,0.78
2026-06-10 23:55:45,171,120,2.0
2026-06-10 23:55:45,18,68,1.13
2026-06-10 23:55:45,138,55,0.92
2026-06-10 23:55:45,161,184,3.07
2026-06-10 23:55:45,207,34,0.57
2026-06-10 23:55:45,136,13,0.22
2026-06-10 23:55:45,195,143,2.38
2026-06-10 23:55:45,112,59,0.98
2026-06-10 23:55:45,90,75,1.25
2026-06-10 23:55:45,496,857,14.28
2026-06-10 23:55:45,80,40,0.67
2026-06-10 23:55:45,114,62,1.03
2026-06-10 23:55:45,66,46,0.77
2026-06-10 23:55:45,38,64,1.07
2026-06-10 23:55:45,144,49,0.82
2026-06-10 23:56:46,187,61,1.02
2026-06-10 23:56:46,107,28,0.47
2026-06-10 23:56:46,215,34,0.57
2026-06-10 23:56:46,439,43,0.72
2026-06-10 23:56:46,69,36,0.6
2026-06-10 23:56:46,129,77,1.28
2026-06-10 23:56:46,102,14,0.23
2026-06-10 23:56:46,28,56,0.93
2026-06-10 23:56:46,55,35,0.58
2026-06-10 23:56:46,29,6,0.1
2026-06-10 23:56:46,197,34,0.57
2026-06-10 23:56:46,161,49,0.82
2026-06-10 23:56:46,57,46,0.77
2026-06-10 23:56:46,103,49,0.82
2026-06-10 23:56:46,166,79,1.32
2026-06-10 23:56:46,125,72,1.2
2026-06-10 23:56:46,187,70,1.17
2026-06-10 23:56:46,193,57,0.95
2026-06-10 23:56:46,747,214,3.57
2026-06-10 23:56:46,99,48,0.8
2026-06-10 23:56:46,51,81,1.35
2026-06-10 23:56:46,86,40,0.67
2026-06-10 23:56:46,168,62,1.03
2026-06-10 23:56:46,747,44,0.73
2026-06-10 23:56:46,230,50,0.83
2026-06-10 23:56:46,67,34,0.57
2026-06-10 23:56:46,747,158,2.63
2026-06-10 23:56:46,107,20,0.33
2026-06-10 23:56:46,180,37,0.62
2026-06-10 23:56:46,193,54,0.9
2026-06-10 23:56:46,57,57,0.95
2026-06-10 23:56:46,121,55,0.92
2026-06-10 23:56:46,214,138,2.3
2026-06-10 23:56:46,86,35,0.58
2026-06-10 23:56:46,376,9,0.15
2026-06-10 23:56:46,230,184,3.07
2026-06-10 23:56:46,197,78,1.3
2026-06-10 23:56:46,67,42,0.7
2026-06-10 23:56:46,104,55,0.92
2026-06-10 23:56:46,496,857,14.28
2026-06-10 23:56:46,44,54,0.9
2026-06-10 23:56:46,179,38,0.63
2026-06-10 23:56:46,209,79,1.32
2026-06-10 23:56:46,85,43,0.72
2026-06-10 23:56:46,47,99,1.65
2026-06-10 23:56:46,195,151,2.52
2026-06-10 23:56:46,38,64,1.07
2026-06-10 23:56:46,66,30,0.5
2026-06-10 23:56:46,139,91,1.52
2026-06-10 23:56:46,18,181,3.02
2026-06-10 23:56:46,94,37,0.62
2026-06-10 23:56:46,27,46,0.77
2026-06-10 23:56:46,777,300,5.0
2026-06-10 23:56:46,80,105,1.75
2026-06-10 23:56:46,105,44,0.73
2026-06-10 23:56:46,747,900,15.0
2026-06-10 23:56:46,112,59,0.98
2026-06-10 23:56:46,186,56,0.93
2026-06-10 23:56:46,211,1020,17.0
2026-06-10 23:56:46,64,52,0.87
2026-06-10 23:56:46,171,120,2.0
2026-06-10 23:57:47,66,26,0.43
2026-06-10 23:57:47,777,57,0.95
2026-06-10 23:57:47,67,55,0.92
2026-06-10 23:57:47,49,27,0.45
2026-06-10 23:57:47,36,36,0.6
2026-06-10 23:57:47,139,46,0.77
2026-06-10 23:57:47,179,68,1.13
2026-06-10 23:57:47,230,184,3.07
2026-06-10 23:57:47,10,58,0.97
2026-06-10 23:57:47,141,6,0.1
2026-06-10 23:57:47,69,26,0.43
2026-06-10 23:57:47,61,145,2.42
2026-06-10 23:57:47,350,57,0.95
2026-06-10 23:57:47,11,19,0.32
2026-06-10 23:57:47,197,63,1.05
2026-06-10 23:57:47,33,23,0.38
2026-06-10 23:57:47,139,40,0.67
2026-06-10 23:57:47,57,26,0.43
2026-06-10 23:57:47,174,486,8.1
2026-06-10 23:57:47,36,78,1.3
2026-06-10 23:57:47,113,93,1.55
2026-06-10 23:57:47,18,181,3.02
2026-06-10 23:57:47,90,28,0.47
2026-06-10 23:57:47,97,31,0.52
2026-06-10 23:57:47,161,184,3.07
2026-06-10 23:57:47,57,57,0.95
2026-06-10 23:57:47,215,126,2.1
2026-06-10 23:57:47,180,103,1.72
2026-06-10 23:57:47,179,38,0.63
2026-06-10 23:57:47,27,125,2.08
2026-06-10 23:57:47,123,18,0.3
2026-06-10 23:57:47,747,158,2.63
2026-06-10 23:57:47,747,398,6.63
2026-06-10 23:57:47,172,54,0.9
2026-06-10 23:57:47,164,108,1.8
2026-06-10 23:57:47,61,145,2.42
2026-06-10 23:57:47,215,126,2.1
2026-06-10 23:57:47,777,300,5.0
2026-06-10 23:57:47,197,45,0.75
2026-06-10 23:57:47,104,17,0.28
2026-06-10 23:57:47,34,42,0.7
2026-06-10 23:57:47,179,38,0.63
2026-06-10 23:57:47,168,52,0.87
2026-06-10 23:57:47,64,52,0.87
2026-06-10 23:57:47,108,47,0.78
2026-06-10 23:57:47,80,40,0.67
2026-06-10 23:57:47,38,360,6.0
2026-06-10 23:57:47,103,48,0.8
2026-06-10 23:57:47,161,184,3.07
2026-06-10 23:57:47,43,19,0.32
2026-06-10 23:57:47,51,39,0.65
2026-06-10 23:57:47,140,111,1.85
2026-06-10 23:57:47,22,46,0.77
2026-06-10 23:57:47,207,34,0.57
2026-06-10 23:57:47,187,107,1.78
2026-06-10 23:57:47,166,60,1.0
2026-06-10 23:57:47,105,44,0.73
2026-06-10 23:57:47,162,27,0.45
2026-06-10 23:57:47,95,34,0.57
2026-06-10 23:57:47,496,857,14.28
2026-06-10 23:57:47,36,114,1.9
2026-06-10 23:57:47,13,54,0.9
2026-06-10 23:58:02,55,22,0.37
2026-06-10 23:58:02,70,220,3.67
2026-06-10 23:58:02,10,59,0.98
2026-06-10 23:58:02,206,466,7.77
2026-06-10 23:58:02,141,6,0.1
2026-06-10 23:58:02,92,32,0.53
2026-06-10 23:58:02,164,27,0.45
2026-06-10 23:58:02,54,90,1.5
2026-06-10 23:58:02,61,145,2.42
2026-06-10 23:58:02,350,32,0.53
2026-06-10 23:58:02,67,48,0.8
2026-06-10 23:58:02,86,44,0.73
2026-06-10 23:58:02,71,114,1.9
2026-06-10 23:58:02,94,70,1.17
2026-06-10 23:58:02,79,24,0.4
2026-06-10 23:58:02,33,23,0.38
2026-06-10 23:58:02,193,63,1.05
2026-06-10 23:58:02,18,85,1.42
2026-06-10 23:58:02,93,111,1.85
2026-06-10 23:58:02,57,57,0.95
2026-06-10 23:58:02,103,72,1.2
2026-06-10 23:58:02,411,1020,17.0
2026-06-10 23:58:02,105,44,0.73
2026-06-10 23:58:02,193,43,0.72
2026-06-10 23:58:02,49,106,1.77
2026-06-10 23:58:02,86,35,0.58
2026-06-10 23:58:02,198,95,1.58
2026-06-10 23:58:02,95,34,0.57
2026-06-10 23:58:02,197,45,0.75
2026-06-10 23:58:02,29,45,0.75
2026-06-10 23:58:02,197,78,1.3
2026-06-10 23:58:02,747,900,15.0
2026-06-10 23:58:02,100,78,1.3
2026-06-10 23:58:02,110,16,0.27
2026-06-10 23:58:02,10,34,0.57
2026-06-10 23:58:02,102,121,2.02
2026-06-10 23:58:02,54,43,0.72
2026-06-10 23:58:02,85,43,0.72
2026-06-10 23:58:02,66,30,0.5
2026-06-10 23:58:02,86,33,0.55
2026-06-10 23:58:02,171,120,2.0
2026-06-10 23:58:02,18,68,1.13
2026-06-10 23:58:02,92,222,3.7
2026-06-10 23:58:02,90,16,0.27
2026-06-10 23:58:02,161,184,3.07
2026-06-10 23:58:02,43,19,0.32
2026-06-10 23:58:02,22,46,0.77
2026-06-10 23:58:02,230,50,0.83
2026-06-10 23:58:02,189,83,1.38
2026-06-10 23:58:02,187,107,1.78
2026-06-10 23:58:02,166,60,1.0
2026-06-10 23:58:02,166,41,0.68
2026-06-10 23:58:02,129,44,0.73
2026-06-10 23:58:02,193,43,0.72
2026-06-10 23:58:02,204,78,1.3
2026-06-10 23:58:02,56,53,0.88
2026-06-10 23:58:02,203,269,4.48
2026-06-10 23:58:48,193,47,0.78
2026-06-10 23:58:48,69,48,0.8
2026-06-10 23:58:48,69,73,1.22
2026-06-10 23:58:48,24,80,1.33
2026-06-10 23:58:48,215,131,2.18
2026-06-10 23:58:48,106,41,0.68
2026-06-10 23:58:48,166,19,0.32
2026-06-10 23:58:48,85,22,0.37
2026-06-10 23:58:48,64,102,1.7
2026-06-10 23:58:48,48,28,0.47
2026-06-10 23:58:48,105,66,1.1
2026-06-10 23:58:48,204,36,0.6
2026-06-10 23:58:48,68,50,0.83
2026-06-10 23:58:48,69,29,0.48
2026-06-10 23:58:48,128,17,0.28
2026-06-10 23:58:48,124,42,0.7
2026-06-10 23:58:48,28,60,1.0
2026-06-10 23:58:48,164,41,0.68
2026-06-10 23:58:48,79,20,0.33
2026-06-10 23:58:48,66,55,0.92
2026-06-10 23:58:48,55,30,0.5
2026-06-10 23:58:48,86,74,1.23
2026-06-10 23:58:48,140,33,0.55
2026-06-10 23:58:48,18,85,1.42
2026-06-10 23:58:48,179,55,0.92
2026-06-10 23:58:48,102,31,0.52
2026-06-10 23:58:48,18,54,0.9
2026-06-10 23:58:48,69,11,0.18
2026-06-10 23:58:48,198,27,0.45
2026-06-10 23:58:48,66,46,0.77
2026-06-10 23:58:48,104,17,0.28
2026-06-10 23:58:48,10,49,0.82
2026-06-10 23:58:48,172,54,0.9
2026-06-10 23:58:48,197,78,1.3
2026-06-10 23:58:48,180,127,2.12
2026-06-10 23:58:48,107,20,0.33
2026-06-10 23:58:48,356,60,1.0
2026-06-10 23:58:48,33,32,0.53
2026-06-10 23:58:48,93,111,1.85
2026-06-10 23:58:48,27,125,2.08
2026-06-10 23:58:48,48,104,1.73
2026-06-10 23:58:48,54,32,0.53
2026-06-10 23:58:48,28,27,0.45
2026-06-10 23:58:48,195,151,2.52
2026-06-10 23:58:48,230,184,3.07
2026-06-10 23:58:48,747,398,6.63
2026-06-10 23:58:48,161,23,0.38
2026-06-10 23:58:48,496,857,14.28
2026-06-10 23:58:48,44,70,1.17
2026-06-10 23:58:48,48,47,0.78
2026-06-10 23:58:48,43,19,0.32
2026-06-10 23:58:48,128,60,1.0
2026-06-10 23:58:48,140,120,2.0
2026-06-10 23:58:48,180,146,2.43
2026-06-10 23:58:48,230,50,0.83
2026-06-10 23:58:48,189,83,1.38
2026-06-10 23:58:48,80,105,1.75
2026-06-10 23:58:48,104,55,0.92
2026-06-10 23:58:48,160,50,0.83
2026-06-10 23:58:48,185,65,1.08
2026-06-10 23:58:48,44,70,1.17
2026-06-10 23:58:48,203,269,4.48
2026-06-10 23:59:50,138,55,0.92
2026-06-10 23:59:50,28,31,0.52
2026-06-10 23:59:50,66,55,0.92
2026-06-10 23:59:50,160,61,1.02
2026-06-10 23:59:50,186,47,0.78
2026-06-10 23:59:50,121,75,1.25
2026-06-10 23:59:50,202,20,0.33
2026-06-10 23:59:50,67,56,0.93
2026-06-10 23:59:50,496,80,1.33
2026-06-10 23:59:50,110,55,0.92
2026-06-10 23:59:50,197,39,0.65
2026-06-10 23:59:50,70,29,0.48
2026-06-10 23:59:50,203,29,0.48
2026-06-10 23:59:50,24,22,0.37
2026-06-10 23:59:50,123,64,1.07
2026-06-10 23:59:50,136,75,1.25
2026-06-10 23:59:50,195,49,0.82
2026-06-10 23:59:50,102,37,0.62
2026-06-10 23:59:50,47,67,1.12
2026-06-10 23:59:50,48,58,0.97
2026-06-10 23:59:50,187,48,0.8
2026-06-10 23:59:50,208,52,0.87
2026-06-10 23:59:50,129,55,0.92
2026-06-10 23:59:50,86,17,0.28
2026-06-10 23:59:50,18,86,1.43
2026-06-10 23:59:50,174,420,7.0
2026-06-10 23:59:50,139,26,0.43
2026-06-10 23:59:50,209,240,4.0
2026-06-10 23:59:50,66,46,0.77
2026-06-10 23:59:50,97,31,0.52
2026-06-10 23:59:50,197,78,1.3
2026-06-10 23:59:50,47,67,1.12
2026-06-10 23:59:50,94,37,0.62
2026-06-10 23:59:50,110,32,0.53
2026-06-10 23:59:50,198,249,4.15
2026-06-10 23:59:50,215,126,2.1
2026-06-10 23:59:50,777,145,2.42
2026-06-10 23:59:50,18,68,1.13
2026-06-10 23:59:50,105,94,1.57
2026-06-10 23:59:50,192,30,0.5
2026-06-10 23:59:50,48,104,1.73
2026-06-10 23:59:50,100,78,1.3
2026-06-10 23:59:50,165,59,0.98
2026-06-10 23:59:50,186,56,0.93
2026-06-10 23:59:50,71,96,1.6
2026-06-10 23:59:50,85,43,0.72
2026-06-10 23:59:50,64,52,0.87
2026-06-10 23:59:50,93,72,1.2
2026-06-10 23:59:50,121,55,0.92
2026-06-10 23:59:50,86,33,0.55
2026-06-10 23:59:50,94,48,0.8
2026-06-10 23:59:50,43,19,0.32
2026-06-10 23:59:50,168,67,1.12
2026-06-10 23:59:50,80,105,1.75
2026-06-10 23:59:50,496,84,1.4
2026-06-10 23:59:50,166,41,0.68
2026-06-10 23:59:50,411,75,1.25
2026-06-10 23:59:50,49,60,1.0
2026-06-10 23:59:50,108,33,0.55
2026-06-10 23:59:50,177,35,0.58
2026-06-10 23:59:50,64,52,0.87
2026-06-10 23:59:50,203,269,4.48
2026-06-11 00:00:51,38,360,6.0
2026-06-11 00:00:51,80,40,0.67
2026-06-11 00:00:51,179,59,0.98
2026-06-11 00:00:51,202,20,0.33
2026-06-11 00:00:51,95,26,0.43
2026-06-11 00:00:51,69,33,0.55
2026-06-11 00:00:51,36,61,1.02
2026-06-11 00:00:51,161,34,0.57
2026-06-11 00:00:51,67,55,0.92
2026-06-11 00:00:51,207,39,0.65
2026-06-11 00:00:51,202,47,0.78
2026-06-11 00:00:51,139,59,0.98
2026-06-11 00:00:51,36,54,0.9
2026-06-11 00:00:51,66,55,0.92
2026-06-11 00:00:51,187,34,0.57
2026-06-11 00:00:51,207,12,0.2
2026-06-11 00:00:51,51,85,1.42
2026-06-11 00:00:51,24,95,1.58
2026-06-11 00:00:51,49,53,0.88
2026-06-11 00:00:51,90,83,1.38
2026-06-11 00:00:51,144,49,0.82
2026-06-11 00:00:51,439,66,1.1
2026-06-11 00:00:51,32,38,0.63
2026-06-11 00:00:51,777,150,2.5
2026-06-11 00:00:51,18,83,1.38
2026-06-11 00:00:51,27,93,1.55
2026-06-11 00:00:51,230,147,2.45
2026-06-11 00:00:51,64,102,1.7
2026-06-11 00:00:51,104,55,0.92
2026-06-11 00:00:51,104,17,0.28
2026-06-11 00:00:51,103,48,0.8
2026-06-11 00:00:51,136,13,0.22
2026-06-11 00:00:51,189,83,1.38
2026-06-11 00:00:51,123,120,2.0
2026-06-11 00:00:51,150,59,0.98
2026-06-11 00:00:51,48,104,1.73
2026-06-11 00:00:51,172,60,1.0
2026-06-11 00:00:51,376,9,0.15
2026-06-11 00:00:51,121,26,0.43
2026-06-11 00:00:51,97,155,2.58
2026-06-11 00:00:51,29,45,0.75
2026-06-11 00:00:51,230,184,3.07
2026-06-11 00:00:51,90,60,1.0
2026-06-11 00:00:51,496,857,14.28
2026-06-11 00:00:51,165,59,0.98
2026-06-11 00:00:51,71,96,1.6
2026-06-11 00:00:51,185,53,0.88
2026-06-11 00:00:51,54,43,0.72
2026-06-11 00:00:51,123,18,0.3
2026-06-11 00:00:51,97,40,0.67
2026-06-11 00:00:51,18,181,3.02
2026-06-11 00:00:51,43,19,0.32
2026-06-11 00:00:51,168,67,1.12
2026-06-11 00:00:51,57,59,0.98
2026-06-11 00:00:51,189,83,1.38
2026-06-11 00:00:51,10,49,0.82
2026-06-11 00:00:51,69,54,0.9
2026-06-11 00:00:51,189,37,0.62
2026-06-11 00:00:51,160,50,0.83
2026-06-11 00:00:51,34,71,1.18
2026-06-11 00:00:51,185,65,1.08
2026-06-11 00:00:51,51,23,0.38
2026-06-11 00:01:52,370,38,0.63
2026-06-11 00:01:52,49,37,0.62
2026-06-11 00:01:52,777,57,0.95
2026-06-11 00:01:52,439,152,2.53
2026-06-11 00:01:52,69,60,1.0
2026-06-11 00:01:52,121,65,1.08
2026-06-11 00:01:52,10,42,0.7
2026-06-11 00:01:52,55,50,0.83
2026-06-11 00:01:52,67,55,0.92
2026-06-11 00:01:52,166,54,0.9
2026-06-11 00:01:52,140,30,0.5
2026-06-11 00:01:52,207,26,0.43
2026-06-11 00:01:52,439,63,1.05
2026-06-11 00:01:52,48,33,0.55
2026-06-11 00:01:52,110,22,0.37
2026-06-11 00:01:52,136,69,1.15
2026-06-11 00:01:52,69,98,1.63
2026-06-11 00:01:52,193,59,0.98
2026-06-11 00:01:52,777,150,2.5
2026-06-11 00:01:52,108,47,0.78
2026-06-11 00:01:52,90,29,0.48
2026-06-11 00:01:52,48,51,0.85
2026-06-11 00:01:52,51,48,0.8
2026-06-11 00:01:52,212,92,1.53
2026-06-11 00:01:52,139,26,0.43
2026-06-11 00:01:52,112,59,0.98
2026-06-11 00:01:52,54,32,0.53
2026-06-11 00:01:52,47,99,1.65
2026-06-11 00:01:52,164,19,0.32
2026-06-11 00:01:52,777,240,4.0
2026-06-11 00:01:52,171,74,1.23
2026-06-11 00:01:52,179,38,0.63
2026-06-11 00:01:52,61,37,0.62
2026-06-11 00:01:52,747,158,2.63
2026-06-11 00:01:52,68,86,1.43
2026-06-11 00:01:52,106,115,1.92
2026-06-11 00:01:52,61,52,0.87
2026-06-11 00:01:52,215,126,2.1
2026-06-11 00:01:52,160,50,0.83
2026-06-11 00:01:52,150,59,0.98
2026-06-11 00:01:52,54,43,0.72
2026-06-11 00:01:52,64,52,0.87
2026-06-11 00:01:52,162,27,0.45
2026-06-11 00:01:52,113,71,1.18
2026-06-11 00:01:52,125,75,1.25
2026-06-11 00:01:52,161,184,3.07
2026-06-11 00:01:52,79,84,1.4
2026-06-11 00:01:52,140,111,1.85
2026-06-11 00:01:52,55,124,2.07
2026-06-11 00:01:52,103,72,1.2
2026-06-11 00:01:52,49,60,1.0
2026-06-11 00:01:52,747,900,15.0
2026-06-11 00:01:52,44,70,1.17
2026-06-11 00:01:52,51,23,0.38
2026-06-11 00:01:52,496,857,14.28
2026-06-11 00:01:52,177,35,0.58
2026-06-11 00:01:52,211,1020,17.0
2026-06-11 00:02:53,129,44,0.73
2026-06-11 00:02:53,38,64,1.07
2026-06-11 00:02:53,162,68,1.13
2026-06-11 00:02:53,171,49,0.82
2026-06-11 00:02:53,361,69,1.15
2026-06-11 00:02:53,411,52,0.87
2026-06-11 00:02:53,439,174,2.9
2026-06-11 00:02:53,113,41,0.68
2026-06-11 00:02:53,141,69,1.15
2026-06-11 00:02:53,24,41,0.68
2026-06-11 00:02:53,67,22,0.37
2026-06-11 00:02:53,68,12,0.2
2026-06-11 00:02:53,207,43,0.72
2026-06-11 00:02:53,124,63,1.05
2026-06-11 00:02:53,45,60,1.0
2026-06-11 00:02:53,18,59,0.98
2026-06-11 00:02:53,70,29,0.48
2026-06-11 00:02:53,33,30,0.5
2026-06-11 00:02:53,128,41,0.68
2026-06-11 00:02:53,108,47,0.78
2026-06-11 00:02:53,139,105,1.75
2026-06-11 00:02:53,10,37,0.62
2026-06-11 00:02:53,496,77,1.28
2026-06-11 00:02:53,187,48,0.8
2026-06-11 00:02:53,439,165,2.75
2026-06-11 00:02:53,28,43,0.72
2026-06-11 00:02:53,350,32,0.53
2026-06-11 00:02:53,66,43,0.72
2026-06-11 00:02:53,104,17,0.28
2026-06-11 00:02:53,193,63,1.05
2026-06-11 00:02:53,211,60,1.0
2026-06-11 00:02:53,166,60,1.0
2026-06-11 00:02:53,93,72,1.2
2026-06-11 00:02:53,180,103,1.72
2026-06-11 00:02:53,86,35,0.58
2026-06-11 00:02:53,139,91,1.52
2026-06-11 00:02:53,128,61,1.02
2026-06-11 00:02:53,193,43,0.72
2026-06-11 00:02:53,95,54,0.9
2026-06-11 00:02:53,106,115,1.92
2026-06-11 00:02:53,164,108,1.8
2026-06-11 00:02:53,17,58,0.97
2026-06-11 00:02:53,29,45,0.75
2026-06-11 00:02:53,161,23,0.38
2026-06-11 00:02:53,197,45,0.75
2026-06-11 00:02:53,34,42,0.7
2026-06-11 00:02:53,179,38,0.63
2026-06-11 00:02:53,94,48,0.8
2026-06-11 00:02:53,168,58,0.97
2026-06-11 00:02:53,141,41,0.68
2026-06-11 00:02:53,57,59,0.98
2026-06-11 00:02:53,198,249,4.15
2026-06-11 00:02:53,32,69,1.15
2026-06-11 00:02:53,10,49,0.82
2026-06-11 00:02:53,136,66,1.1
2026-06-11 00:02:53,105,44,0.73
2026-06-11 00:02:53,160,50,0.83
2026-06-11 00:02:53,32,57,0.95
2026-06-11 00:03:54,129,44,0.73
2026-06-11 00:03:54,358,77,1.28
2026-06-11 00:03:54,363,67,1.12
2026-06-11 00:03:54,192,51,0.85
2026-06-11 00:03:54,218,23,0.38
2026-06-11 00:03:54,68,61,1.02
2026-06-11 00:03:54,207,21,0.35
2026-06-11 00:03:54,90,180,3.0
2026-06-11 00:03:54,207,47,0.78
2026-06-11 00:03:54,80,56,0.93
2026-06-11 00:03:54,97,43,0.72
2026-06-11 00:03:54,110,21,0.35
2026-06-11 00:03:54,32,58,0.97
2026-06-11 00:03:54,80,66,1.1
2026-06-11 00:03:54,128,19,0.32
2026-06-11 00:03:54,44,32,0.53
2026-06-11 00:03:54,10,65,1.08
2026-06-11 00:03:54,411,164,2.73
2026-06-11 00:03:54,496,56,0.93
2026-06-11 00:03:54,104,17,0.28
2026-06-11 00:03:54,93,53,0.88
2026-06-11 00:03:54,170,51,0.85
2026-06-11 00:03:54,136,13,0.22
2026-06-11 00:03:54,47,67,1.12
2026-06-11 00:03:54,94,37,0.62
2026-06-11 00:03:54,105,39,0.65
2026-06-11 00:03:54,198,249,4.15
2026-06-11 00:03:54,161,184,3.07
2026-06-11 00:03:54,171,32,0.53
2026-06-11 00:03:54,18,68,1.13
2026-06-11 00:03:54,180,103,1.72
2026-06-11 00:03:54,747,158,2.63
2026-06-11 00:03:54,376,9,0.15
2026-06-11 00:03:54,121,26,0.43
2026-06-11 00:03:54,107,20,0.33
2026-06-11 00:03:54,100,78,1.3
2026-06-11 00:03:54,32,57,0.95
2026-06-11 00:03:54,112,45,0.75
2026-06-11 00:03:54,85,43,0.72
2026-06-11 00:03:54,94,48,0.8
2026-06-11 00:03:54,230,50,0.83
2026-06-11 00:03:54,102,51,0.85
2026-06-11 00:03:54,97,155,2.58
2026-06-11 00:03:54,411,75,1.25
2026-06-11 00:03:54,195,143,2.38
2026-06-11 00:03:54,439,81,1.35
2026-06-11 00:03:54,204,78,1.3
2026-06-11 00:03:54,160,50,0.83
2026-06-11 00:03:54,211,1020,17.0
2026-06-11 00:04:56,141,66,1.1
2026-06-11 00:04:56,777,295,4.92
2026-06-11 00:04:56,95,2,0.03
2026-06-11 00:04:56,207,32,0.53
2026-06-11 00:04:56,48,18,0.3
2026-06-11 00:04:56,777,145,2.42
2026-06-11 00:04:56,129,44,0.73
2026-06-11 00:04:56,171,49,0.82
2026-06-11 00:04:56,125,75,1.25
2026-06-11 00:04:56,103,40,0.67
2026-06-11 00:04:56,106,41,0.68
2026-06-11 00:04:56,192,43,0.72
2026-06-11 00:04:56,44,118,1.97
2026-06-11 00:04:56,107,27,0.45
2026-06-11 00:04:56,79,28,0.47
2026-06-11 00:04:56,43,34,0.57
2026-06-11 00:04:56,168,47,0.78
2026-06-11 00:04:56,49,138,2.3
2026-06-11 00:04:56,67,85,1.42
2026-06-11 00:04:56,205,27,0.45
2026-06-11 00:04:56,70,29,0.48
2026-06-11 00:04:56,128,47,0.78
2026-06-11 00:04:56,10,65,1.08
2026-06-11 00:04:56,496,58,0.97
2026-06-11 00:04:56,186,56,0.93
2026-06-11 00:04:56,56,50,0.83
2026-06-11 00:04:56,66,37,0.62
2026-06-11 00:04:56,97,9,0.15
2026-06-11 00:04:56,94,37,0.62
2026-06-11 00:04:56,123,34,0.57
2026-06-11 00:04:56,187,107,1.78
2026-06-11 00:04:56,411,1020,17.0
2026-06-11 00:04:56,364,16,0.27
2026-06-11 00:04:56,54,32,0.53
2026-06-11 00:04:56,747,44,0.73
2026-06-11 00:04:56,100,52,0.87
2026-06-11 00:04:56,125,52,0.87
2026-06-11 00:04:56,108,33,0.55
2026-06-11 00:04:56,165,59,0.98
2026-06-11 00:04:56,179,19,0.32
2026-06-11 00:04:56,177,35,0.58
2026-06-11 00:04:56,71,41,0.68
2026-06-11 00:04:56,64,52,0.87
2026-06-11 00:04:56,80,40,0.67
2026-06-11 00:04:56,38,64,1.07
2026-06-11 00:04:56,66,30,0.5
2026-06-11 00:04:56,162,86,1.43
2026-06-11 00:04:56,24,18,0.3
2026-06-11 00:04:56,106,115,1.92
2026-06-11 00:04:56,113,46,0.77
2026-06-11 00:04:56,79,84,1.4
2026-06-11 00:04:56,186,60,1.0
2026-06-11 00:04:56,34,42,0.7
2026-06-11 00:04:56,22,46,0.77
2026-06-11 00:04:56,189,83,1.38
2026-06-11 00:04:56,10,49,0.82
2026-06-11 00:04:56,187,107,1.78
2026-06-11 00:04:56,439,81,1.35
2026-06-11 00:04:56,218,96,1.6
2026-06-11 00:04:56,185,65,1.08
2026-06-11 00:04:56,90,75,1.25
2026-06-11 00:04:56,177,35,0.58
2026-06-11 00:04:56,131,21,0.35
2026-06-11 00:05:57,100,25,0.42
2026-06-11 00:05:57,51,23,0.38
2026-06-11 00:05:57,68,77,1.28
2026-06-11 00:05:57,162,27,0.45
2026-06-11 00:05:57,140,111,1.85
2026-06-11 00:05:57,361,69,1.15
2026-06-11 00:05:57,95,48,0.8
2026-06-11 00:05:57,45,48,0.8
2026-06-11 00:05:57,113,37,0.62
2026-06-11 00:05:57,139,45,0.75
2026-06-11 00:05:57,68,29,0.48
2026-06-11 00:05:57,195,31,0.52
2026-06-11 00:05:57,189,34,0.57
2026-06-11 00:05:57,97,60,1.0
2026-06-11 00:05:57,215,29,0.48
2026-06-11 00:05:57,33,44,0.73
2026-06-11 00:05:57,193,55,0.92
2026-06-11 00:05:57,128,29,0.48
2026-06-11 00:05:57,48,162,2.7
2026-06-11 00:05:57,90,18,0.3
2026-06-11 00:05:57,439,22,0.37
2026-06-11 00:05:57,211,115,1.92
2026-06-11 00:05:57,411,164,2.73
2026-06-11 00:05:57,64,102,1.7
2026-06-11 00:05:57,125,63,1.05
2026-06-11 00:05:57,439,118,1.97
2026-06-11 00:05:57,136,13,0.22
2026-06-11 00:05:57,97,9,0.15
2026-06-11 00:05:57,110,32,0.53
2026-06-11 00:05:57,186,60,1.0
2026-06-11 00:05:57,136,13,0.22
2026-06-11 00:05:57,162,34,0.57
2026-06-11 00:05:57,165,59,0.98
2026-06-11 00:05:57,93,111,1.85
2026-06-11 00:05:57,170,53,0.88
2026-06-11 00:05:57,777,145,2.42
2026-06-11 00:05:57,180,103,1.72
2026-06-11 00:05:57,131,80,1.33
2026-06-11 00:05:57,139,91,1.52
2026-06-11 00:05:57,44,54,0.9
2026-06-11 00:05:57,54,32,0.53
2026-06-11 00:05:57,97,155,2.58
2026-06-11 00:05:57,197,45,0.75
2026-06-11 00:05:57,150,59,0.98
2026-06-11 00:05:57,179,38,0.63
2026-06-11 00:05:57,28,40,0.67
2026-06-11 00:05:57,168,52,0.87
2026-06-11 00:05:57,80,40,0.67
2026-06-11 00:05:57,162,27,0.45
2026-06-11 00:05:57,66,30,0.5
2026-06-11 00:05:57,125,75,1.25
2026-06-11 00:05:57,127,110,1.83
2026-06-11 00:05:57,10,49,0.82
2026-06-11 00:05:57,27,46,0.77
2026-06-11 00:05:57,777,300,5.0
2026-06-11 00:05:57,28,27,0.45
2026-06-11 00:05:57,202,74,1.23
2026-06-11 00:05:57,104,55,0.92
2026-06-11 00:05:57,37,78,1.3
2026-06-11 00:05:57,206,215,3.58
2026-06-11 00:05:57,13,54,0.9
2026-06-11 00:06:58,54,43,0.72
2026-06-11 00:06:58,57,83,1.38
2026-06-11 00:06:58,174,26,0.43
2026-06-11 00:06:58,95,2,0.03
2026-06-11 00:06:58,209,60,1.0
2026-06-11 00:06:58,777,145,2.42
2026-06-11 00:06:58,359,21,0.35
2026-06-11 00:06:58,79,60,1.0
2026-06-11 00:06:58,164,19,0.32
2026-06-11 00:06:58,411,25,0.42
2026-06-11 00:06:58,202,88,1.47
2026-06-11 00:06:58,67,72,1.2
2026-06-11 00:06:58,124,36,0.6
2026-06-11 00:06:58,165,79,1.32
2026-06-11 00:06:58,45,39,0.65
2026-06-11 00:06:58,168,47,0.78
2026-06-11 00:06:58,138,34,0.57
2026-06-11 00:06:58,439,92,1.53
2026-06-11 00:06:58,185,63,1.05
2026-06-11 00:06:58,496,60,1.0
2026-06-11 00:06:58,32,56,0.93
2026-06-11 00:06:58,86,14,0.23
2026-06-11 00:06:58,198,48,0.8
2026-06-11 00:06:58,777,150,2.5
2026-06-11 00:06:58,202,37,0.62
2026-06-11 00:06:58,48,22,0.37
2026-06-11 00:06:58,127,48,0.8
2026-06-11 00:06:58,68,42,0.7
2026-06-11 00:06:58,66,37,0.62
2026-06-11 00:06:58,138,55,0.92
2026-06-11 00:06:58,136,13,0.22
2026-06-11 00:06:58,47,67,1.12
2026-06-11 00:06:58,123,34,0.57
2026-06-11 00:06:58,103,72,1.2
2026-06-11 00:06:58,411,1020,17.0
2026-06-11 00:06:58,496,84,1.4
2026-06-11 00:06:58,61,42,0.7
2026-06-11 00:06:58,80,84,1.4
2026-06-11 00:06:58,160,44,0.73
2026-06-11 00:06:58,208,53,0.88
2026-06-11 00:06:58,138,17,0.28
2026-06-11 00:06:58,10,34,0.57
2026-06-11 00:06:58,44,54,0.9
2026-06-11 00:06:58,66,36,0.6
2026-06-11 00:06:58,93,111,1.85
2026-06-11 00:06:58,64,52,0.87
2026-06-11 00:06:58,195,151,2.52
2026-06-11 00:06:58,48,104,1.73
2026-06-11 00:06:58,171,120,2.0
2026-06-11 00:06:58,18,68,1.13
2026-06-11 00:06:58,43,19,0.32
2026-06-11 00:06:58,170,51,0.85
2026-06-11 00:06:58,113,46,0.77
2026-06-11 00:06:58,49,106,1.77
2026-06-11 00:06:58,186,60,1.0
2026-06-11 00:06:58,24,44,0.73
2026-06-11 00:06:58,105,94,1.57
2026-06-11 00:06:58,129,44,0.73
2026-06-11 00:06:58,161,23,0.38
2026-06-11 00:06:58,37,78,1.3
2026-06-11 00:06:58,13,54,0.9
2026-06-11 00:06:58,11,92,1.53
2026-06-11 00:06:58,205,22,0.37
2026-06-11 00:12:03,177,35,0.58
2026-06-11 00:12:03,121,55,0.92
2026-06-11 00:12:03,68,77,1.28
2026-06-11 00:12:03,38,64,1.07
2026-06-11 00:12:03,358,77,1.28
2026-06-11 00:12:03,113,71,1.18
2026-06-11 00:12:03,79,60,1.0
2026-06-11 00:12:03,353,42,0.7
2026-06-11 00:12:03,86,33,0.55
2026-06-11 00:12:03,204,46,0.77
2026-06-11 00:12:03,411,25,0.42
2026-06-11 00:12:03,24,49,0.82
2026-06-11 00:12:03,160,74,1.23
2026-06-11 00:12:03,189,34,0.57
2026-06-11 00:12:03,166,39,0.65
2026-06-11 00:12:03,185,22,0.37
2026-06-11 00:12:03,129,59,0.98
2026-06-11 00:12:03,186,47,0.78
2026-06-11 00:12:03,67,85,1.42
2026-06-11 00:12:03,185,63,1.05
2026-06-11 00:12:03,67,58,0.97
2026-06-11 00:12:03,69,32,0.53
2026-06-11 00:12:03,44,44,0.73
2026-06-11 00:12:03,198,48,0.8
2026-06-11 00:12:03,32,60,1.0
2026-06-11 00:12:03,90,18,0.3
2026-06-11 00:12:03,212,92,1.53
2026-06-11 00:12:03,144,47,0.78
2026-06-11 00:12:03,180,51,0.85
2026-06-11 00:12:03,356,60,1.0
2026-06-11 00:12:03,187,107,1.78
2026-06-11 00:12:03,105,94,1.57
2026-06-11 00:12:03,131,80,1.33
2026-06-11 00:12:03,208,27,0.45
2026-06-11 00:12:03,364,16,0.27
2026-06-11 00:12:03,376,9,0.15
2026-06-11 00:12:03,100,78,1.3
2026-06-11 00:12:03,90,60,1.0
2026-06-11 00:12:03,209,79,1.32
2026-06-11 00:12:03,177,35,0.58
2026-06-11 00:12:03,358,118,1.97
2026-06-11 00:12:03,33,32,0.53
2026-06-11 00:12:03,189,83,1.38
2026-06-11 00:12:03,27,46,0.77
2026-06-11 00:12:03,164,19,0.32
2026-06-11 00:12:03,97,155,2.58
2026-06-11 00:12:03,218,96,1.6
2026-06-11 00:12:03,95,34,0.57
2026-06-11 00:12:03,747,900,15.0
2026-06-11 00:12:03,179,19,0.32
2026-06-11 00:12:03,141,41,0.68
2026-06-11 00:12:03,32,57,0.95
2026-06-11 00:12:03,108,33,0.55
2026-06-11 00:12:03,80,57,0.95
2026-06-11 00:12:03,203,120,2.0
2026-06-11 00:12:06,112,59,0.98
2026-06-11 00:12:06,161,122,2.03
2026-06-11 00:12:06,230,134,2.23
2026-06-11 00:12:06,68,77,1.28
2026-06-11 00:12:06,125,75,1.25
2026-06-11 00:12:06,357,47,0.78
2026-06-11 00:12:06,103,40,0.67
2026-06-11 00:12:06,86,33,0.55
2026-06-11 00:12:06,55,61,1.02
2026-06-11 00:12:06,747,398,6.63
2026-06-11 00:12:06,161,3,0.05
2026-06-11 00:12:06,79,28,0.47
2026-06-11 00:12:06,67,72,1.2
2026-06-11 00:12:06,18,45,0.75
2026-06-11 00:12:06,124,43,0.72
2026-06-11 00:12:06,69,76,1.27
2026-06-11 00:12:06,165,79,1.32
2026-06-11 00:12:06,36,99,1.65
2026-06-11 00:12:06,166,102,1.7
2026-06-11 00:12:06,45,39,0.65
2026-06-11 00:12:06,80,124,2.07
2026-06-11 00:12:06,97,60,1.0
2026-06-11 00:12:06,79,49,0.82
2026-06-11 00:12:06,209,64,1.07
2026-06-11 00:12:06,187,41,0.68
2026-06-11 00:12:06,11,136,2.27
2026-06-11 00:12:06,439,22,0.37
2026-06-11 00:12:06,44,52,0.87
2026-06-11 00:12:06,104,17,0.28
2026-06-11 00:12:06,363,67,1.12
2026-06-11 00:12:06,66,37,0.62
2026-06-11 00:12:06,197,78,1.3
2026-06-11 00:12:06,13,53,0.88
2026-06-11 00:12:06,164,19,0.32
2026-06-11 00:12:06,97,31,0.52
2026-06-11 00:12:06,68,121,2.02
2026-06-11 00:12:06,747,44,0.73
2026-06-11 00:12:06,376,9,0.15
2026-06-11 00:12:06,97,155,2.58
2026-06-11 00:12:06,160,50,0.83
2026-06-11 00:12:06,34,71,1.18
2026-06-11 00:12:06,34,42,0.7
2026-06-11 00:12:06,496,857,14.28
2026-06-11 00:12:06,186,56,0.93
2026-06-11 00:12:06,43,59,0.98
2026-06-11 00:12:06,68,77,1.28
2026-06-11 00:12:06,45,26,0.43
2026-06-11 00:12:06,192,33,0.55
2026-06-11 00:12:06,103,48,0.8
2026-06-11 00:12:06,125,75,1.25
2026-06-11 00:12:06,92,222,3.7
2026-06-11 00:12:06,129,61,1.02
2026-06-11 00:12:06,106,115,1.92
2026-06-11 00:12:06,94,48,0.8
2026-06-11 00:12:06,128,60,1.0
2026-06-11 00:12:06,140,120,2.0
2026-06-11 00:12:06,103,72,1.2
2026-06-11 00:12:06,777,300,5.0
2026-06-11 00:12:06,166,60,1.0
2026-06-11 00:12:06,166,41,0.68
2026-06-11 00:12:06,160,50,0.83
2026-06-11 00:12:06,211,1020,17.0
2026-06-11 00:13:04,64,52,0.87
2026-06-11 00:13:04,66,53,0.88
2026-06-11 00:13:04,129,44,0.73
2026-06-11 00:13:04,43,23,0.38
2026-06-11 00:13:04,95,48,0.8
2026-06-11 00:13:04,129,59,0.98
2026-06-11 00:13:04,86,34,0.57
2026-06-11 00:13:04,107,27,0.45
2026-06-11 00:13:04,67,72,1.2
2026-06-11 00:13:04,103,54,0.9
2026-06-11 00:13:04,165,79,1.32
2026-06-11 00:13:04,185,22,0.37
2026-06-11 00:13:04,166,102,1.7
2026-06-11 00:13:04,168,47,0.78
2026-06-11 00:13:04,138,34,0.57
2026-06-11 00:13:04,439,92,1.53
2026-06-11 00:13:04,141,36,0.6
2026-06-11 00:13:04,202,37,0.62
2026-06-11 00:13:04,34,34,0.57
2026-06-11 00:13:04,48,120,2.0
2026-06-11 00:13:04,140,35,0.58
2026-06-11 00:13:04,747,158,2.63
2026-06-11 00:13:04,496,64,1.07
2026-06-11 00:13:04,144,47,0.78
2026-06-11 00:13:04,92,151,2.52
2026-06-11 00:13:04,10,34,0.57
2026-06-11 00:13:04,93,37,0.62
2026-06-11 00:13:04,186,56,0.93
2026-06-11 00:13:04,48,104,1.73
2026-06-11 00:13:04,230,184,3.07
2026-06-11 00:13:04,350,32,0.53
2026-06-11 00:13:04,363,67,1.12
2026-06-11 00:13:04,97,9,0.15
2026-06-11 00:13:04,110,157,2.62
2026-06-11 00:13:04,93,111,1.85
2026-06-11 00:13:04,777,145,2.42
2026-06-11 00:13:04,48,104,1.73
2026-06-11 00:13:04,86,35,0.58
2026-06-11 00:13:04,107,20,0.33
2026-06-11 00:13:04,209,13,0.22
2026-06-11 00:13:04,197,45,0.75
2026-06-11 00:13:04,10,34,0.57
2026-06-11 00:13:04,54,43,0.72
2026-06-11 00:13:04,496,857,14.28
2026-06-11 00:13:04,66,36,0.6
2026-06-11 00:13:04,195,151,2.52
2026-06-11 00:13:04,48,47,0.78
2026-06-11 00:13:04,103,48,0.8
2026-06-11 00:13:04,138,55,0.92
2026-06-11 00:13:04,230,50,0.83
2026-06-11 00:13:04,33,32,0.53
2026-06-11 00:13:04,103,72,1.2
2026-06-11 00:13:04,105,94,1.57
2026-06-11 00:13:04,97,155,2.58
2026-06-11 00:13:04,195,143,2.38
2026-06-11 00:13:04,496,857,14.28
2026-06-11 00:13:04,205,22,0.37
2026-06-11 00:13:07,112,59,0.98
2026-06-11 00:13:07,174,26,0.43
2026-06-11 00:13:07,95,2,0.03
2026-06-11 00:13:07,121,36,0.6
2026-06-11 00:13:07,357,47,0.78
2026-06-11 00:13:07,140,111,1.85
2026-06-11 00:13:07,86,33,0.55
2026-06-11 00:13:07,43,23,0.38
2026-06-11 00:13:07,164,19,0.32
2026-06-11 00:13:07,106,41,0.68
2026-06-11 00:13:07,439,117,1.95
2026-06-11 00:13:07,68,29,0.48
2026-06-11 00:13:07,105,53,0.88
2026-06-11 00:13:07,104,17,0.28
2026-06-11 00:13:07,185,22,0.37
2026-06-11 00:13:07,141,36,0.6
2026-06-11 00:13:07,205,27,0.45
2026-06-11 00:13:07,192,21,0.35
2026-06-11 00:13:07,34,34,0.57
2026-06-11 00:13:07,411,164,2.73
2026-06-11 00:13:07,104,17,0.28
2026-06-11 00:13:07,17,48,0.8
2026-06-11 00:13:07,54,58,0.97
2026-06-11 00:13:07,112,67,1.12
2026-06-11 00:13:07,66,37,0.62
2026-06-11 00:13:07,138,55,0.92
2026-06-11 00:13:07,47,99,1.65
2026-06-11 00:13:07,94,37,0.62
2026-06-11 00:13:07,166,60,1.0
2026-06-11 00:13:07,97,31,0.52
2026-06-11 00:13:07,95,54,0.9
2026-06-11 00:13:07,179,38,0.63
2026-06-11 00:13:07,92,36,0.6
2026-06-11 00:13:07,364,16,0.27
2026-06-11 00:13:07,128,45,0.75
2026-06-11 00:13:07,131,80,1.33
2026-06-11 00:13:07,198,44,0.73
2026-06-11 00:13:07,230,184,3.07
2026-06-11 00:13:07,197,78,1.3
2026-06-11 00:13:07,125,52,0.87
2026-06-11 00:13:07,110,134,2.23
2026-06-11 00:13:07,496,857,14.28
2026-06-11 00:13:07,44,70,1.17
2026-06-11 00:13:07,108,33,0.55
2026-06-11 00:13:07,186,56,0.93
2026-06-11 00:13:07,168,52,0.87
2026-06-11 00:13:07,85,43,0.72
2026-06-11 00:13:07,112,59,0.98
2026-06-11 00:13:07,192,33,0.55
2026-06-11 00:13:07,195,151,2.52
2026-06-11 00:13:07,198,95,1.58
2026-06-11 00:13:07,129,61,1.02
2026-06-11 00:13:07,79,60,1.0
2026-06-11 00:13:07,18,181,3.02
2026-06-11 00:13:07,51,39,0.65
2026-06-11 00:13:07,32,69,1.15
2026-06-11 00:13:07,102,51,0.85
2026-06-11 00:13:07,187,107,1.78
2026-06-11 00:13:07,439,81,1.35
2026-06-11 00:13:07,13,54,0.9
2026-06-11 00:13:07,209,47,0.78
2026-06-11 00:14:05,141,29,0.48
2026-06-11 00:14:05,57,83,1.38
2026-06-11 00:14:05,171,49,0.82
2026-06-11 00:14:05,131,18,0.3
2026-06-11 00:14:05,38,360,6.0
2026-06-11 00:14:05,102,51,0.85
2026-06-11 00:14:05,361,69,1.15
2026-06-11 00:14:05,86,33,0.55
2026-06-11 00:14:05,211,43,0.72
2026-06-11 00:14:05,215,29,0.48
2026-06-11 00:14:05,439,117,1.95
2026-06-11 00:14:05,104,180,3.0
2026-06-11 00:14:05,107,27,0.45
2026-06-11 00:14:05,55,41,0.68
2026-06-11 00:14:05,67,72,1.2
2026-06-11 00:14:05,186,47,0.78
2026-06-11 00:14:05,141,36,0.6
2026-06-11 00:14:05,209,64,1.07
2026-06-11 00:14:05,192,21,0.35
2026-06-11 00:14:05,32,60,1.0
2026-06-11 00:14:05,48,120,2.0
2026-06-11 00:14:05,212,92,1.53
2026-06-11 00:14:05,17,48,0.8
2026-06-11 00:14:05,68,42,0.7
2026-06-11 00:14:05,138,55,0.92
2026-06-11 00:14:05,94,37,0.62
2026-06-11 00:14:05,110,157,2.62
2026-06-11 00:14:05,186,60,1.0
2026-06-11 00:14:05,777,240,4.0
2026-06-11 00:14:05,198,249,4.15
2026-06-11 00:14:05,141,41,0.68
2026-06-11 00:14:05,215,126,2.1
2026-06-11 00:14:05,93,111,1.85
2026-06-11 00:14:05,103,72,1.2
2026-06-11 00:14:05,86,35,0.58
2026-06-11 00:14:05,27,46,0.77
2026-06-11 00:14:05,24,44,0.73
2026-06-11 00:14:05,496,84,1.4
2026-06-11 00:14:05,160,44,0.73
2026-06-11 00:14:05,100,28,0.47
2026-06-11 00:14:05,29,45,0.75
2026-06-11 00:14:05,197,78,1.3
2026-06-11 00:14:05,100,52,0.87
2026-06-11 00:14:05,44,70,1.17
2026-06-11 00:14:05,186,56,0.93
2026-06-11 00:14:05,28,40,0.67
2026-06-11 00:14:05,61,145,2.42
2026-06-11 00:14:05,168,44,0.73
2026-06-11 00:14:05,168,52,0.87
2026-06-11 00:14:05,112,59,0.98
2026-06-11 00:14:05,48,104,1.73
2026-06-11 00:14:05,125,75,1.25
2026-06-11 00:14:05,106,115,1.92
2026-06-11 00:14:05,161,184,3.07
2026-06-11 00:14:05,128,60,1.0
2026-06-11 00:14:05,49,106,1.77
2026-06-11 00:14:05,140,111,1.85
2026-06-11 00:14:05,22,46,0.77
2026-06-11 00:14:05,207,34,0.57
2026-06-11 00:14:05,103,72,1.2
2026-06-11 00:14:05,102,51,0.85
2026-06-11 00:14:05,129,44,0.73
2026-06-11 00:14:05,141,41,0.68
2026-06-11 00:14:05,108,33,0.55
2026-06-11 00:14:05,205,22,0.37
2026-06-11 00:14:08,48,104,1.73
2026-06-11 00:14:08,359,21,0.35
2026-06-11 00:14:08,358,77,1.28
2026-06-11 00:14:08,43,23,0.38
2026-06-11 00:14:08,106,41,0.68
2026-06-11 00:14:08,102,57,0.95
2026-06-11 00:14:08,94,49,0.82
2026-06-11 00:14:08,10,122,2.03
2026-06-11 00:14:08,160,74,1.23
2026-06-11 00:14:08,165,79,1.32
2026-06-11 00:14:08,32,56,0.93
2026-06-11 00:14:08,80,48,0.8
2026-06-11 00:14:08,187,41,0.68
2026-06-11 00:14:08,48,120,2.0
2026-06-11 00:14:08,44,52,0.87
2026-06-11 00:14:08,18,181,3.02
2026-06-11 00:14:08,47,67,1.12
2026-06-11 00:14:08,747,158,2.63
2026-06-11 00:14:08,144,47,0.78
2026-06-11 00:14:08,215,131,2.18
2026-06-11 00:14:08,93,37,0.62
2026-06-11 00:14:08,54,58,0.97
2026-06-11 00:14:08,202,31,0.52
2026-06-11 00:14:08,112,67,1.12
2026-06-11 00:14:08,66,37,0.62
2026-06-11 00:14:08,47,67,1.12
2026-06-11 00:14:08,110,32,0.53
2026-06-11 00:14:08,208,27,0.45
2026-06-11 00:14:08,192,30,0.5
2026-06-11 00:14:08,131,80,1.33
2026-06-11 00:14:08,164,108,1.8
2026-06-11 00:14:08,195,151,2.52
2026-06-11 00:14:08,215,126,2.1
2026-06-11 00:14:08,17,40,0.67
2026-06-11 00:14:08,179,38,0.63
2026-06-11 00:14:08,93,72,1.2
2026-06-11 00:14:08,112,59,0.98
2026-06-11 00:14:08,144,127,2.12
2026-06-11 00:14:08,68,77,1.28
2026-06-11 00:14:08,170,40,0.67
2026-06-11 00:14:08,38,360,6.0
2026-06-11 00:14:08,113,71,1.18
2026-06-11 00:14:08,24,18,0.3
2026-06-11 00:14:08,106,115,1.92
2026-06-11 00:14:08,43,19,0.32
2026-06-11 00:14:08,80,105,1.75
2026-06-11 00:14:08,49,60,1.0
2026-06-11 00:14:08,193,43,0.72
2026-06-11 00:14:08,104,55,0.92
2026-06-11 00:14:08,108,33,0.55
2026-06-11 00:14:08,24,46,0.77
2026-06-11 00:15:06,174,26,0.43
2026-06-11 00:15:06,161,122,2.03
2026-06-11 00:15:06,93,72,1.2
2026-06-11 00:15:06,90,16,0.27
2026-06-11 00:15:06,144,49,0.82
2026-06-11 00:15:06,102,51,0.85
2026-06-11 00:15:06,363,67,1.12
2026-06-11 00:15:06,140,111,1.85
2026-06-11 00:15:06,370,38,0.63
2026-06-11 00:15:06,353,42,0.7
2026-06-11 00:15:06,369,37,0.62
2026-06-11 00:15:06,80,40,0.67
2026-06-11 00:15:06,95,48,0.8
2026-06-11 00:15:06,215,29,0.48
2026-06-11 00:15:06,202,88,1.47
2026-06-11 00:15:06,139,45,0.75
2026-06-11 00:15:06,36,62,1.03
2026-06-11 00:15:06,168,47,0.78
2026-06-11 00:15:06,439,92,1.53
2026-06-11 00:15:06,121,53,0.88
2026-06-11 00:15:06,79,49,0.82
2026-06-11 00:15:06,49,138,2.3
2026-06-11 00:15:06,67,85,1.42
2026-06-11 00:15:06,496,60,1.0
2026-06-11 00:15:06,67,58,0.97
2026-06-11 00:15:06,44,44,0.73
2026-06-11 00:15:06,94,32,0.53
2026-06-11 00:15:06,496,64,1.07
2026-06-11 00:15:06,180,51,0.85
2026-06-11 00:15:06,189,43,0.72
2026-06-11 00:15:06,56,50,0.83
2026-06-11 00:15:06,103,34,0.57
2026-06-11 00:15:06,54,32,0.53
2026-06-11 00:15:06,777,240,4.0
2026-06-11 00:15:06,105,94,1.57
2026-06-11 00:15:06,92,36,0.6
2026-06-11 00:15:06,364,16,0.27
2026-06-11 00:15:06,150,59,0.98
2026-06-11 00:15:06,160,44,0.73
2026-06-11 00:15:06,28,27,0.45
2026-06-11 00:15:06,99,100,1.67
2026-06-11 00:15:06,121,26,0.43
2026-06-11 00:15:06,777,300,5.0
2026-06-11 00:15:06,125,52,0.87
2026-06-11 00:15:06,17,40,0.67
2026-06-11 00:15:06,209,79,1.32
2026-06-11 00:15:06,125,137,2.28
2026-06-11 00:15:06,32,57,0.95
2026-06-11 00:15:06,68,77,1.28
2026-06-11 00:15:06,38,360,6.0
2026-06-11 00:15:06,38,64,1.07
2026-06-11 00:15:06,18,68,1.13
2026-06-11 00:15:06,127,110,1.83
2026-06-11 00:15:06,129,61,1.02
2026-06-11 00:15:06,113,46,0.77
2026-06-11 00:15:06,55,124,2.07
2026-06-11 00:15:06,33,32,0.53
2026-06-11 00:15:06,205,206,3.43
2026-06-11 00:15:06,187,107,1.78
2026-06-11 00:15:06,80,105,1.75
2026-06-11 00:15:06,189,37,0.62
2026-06-11 00:15:06,104,55,0.92
2026-06-11 00:15:06,64,102,1.7
2026-06-11 00:15:06,206,215,3.58
2026-06-11 00:15:06,439,112,1.87
2026-06-11 00:15:06,108,33,0.55
2026-06-11 00:15:06,80,57,0.95
2026-06-11 00:15:06,24,46,0.77
2026-06-11 00:15:09,112,59,0.98
2026-06-11 00:15:09,198,95,1.58
2026-06-11 00:15:09,103,40,0.67
2026-06-11 00:15:09,86,34,0.57
2026-06-11 00:15:09,55,41,0.68
2026-06-11 00:15:09,68,29,0.48
2026-06-11 00:15:09,43,34,0.57
2026-06-11 00:15:09,33,28,0.47
2026-06-11 00:15:09,185,22,0.37
2026-06-11 00:15:09,166,102,1.7
2026-06-11 00:15:09,51,10,0.17
2026-06-11 00:15:09,193,25,0.42
2026-06-11 00:15:09,54,60,1.0
2026-06-11 00:15:09,49,138,2.3
2026-06-11 00:15:09,70,29,0.48
2026-06-11 00:15:09,198,48,0.8
2026-06-11 00:15:09,411,24,0.4
2026-06-11 00:15:09,11,136,2.27
2026-06-11 00:15:09,27,93,1.55
2026-06-11 00:15:09,215,131,2.18
2026-06-11 00:15:09,747,68,1.13
2026-06-11 00:15:09,49,106,1.77
2026-06-11 00:15:09,112,67,1.12
2026-06-11 00:15:09,363,67,1.12
2026-06-11 00:15:09,10,49,0.82
2026-06-11 00:15:09,186,60,1.0
2026-06-11 00:15:09,136,13,0.22
2026-06-11 00:15:09,161,184,3.07
2026-06-11 00:15:09,180,60,1.0
2026-06-11 00:15:09,170,53,0.88
2026-06-11 00:15:09,95,54,0.9
2026-06-11 00:15:09,27,46,0.77
2026-06-11 00:15:09,411,1020,17.0
2026-06-11 00:15:09,99,100,1.67
2026-06-11 00:15:09,215,126,2.1
2026-06-11 00:15:09,777,300,5.0
2026-06-11 00:15:09,34,42,0.7
2026-06-11 00:15:09,496,857,14.28
2026-06-11 00:15:09,28,16,0.27
2026-06-11 00:15:09,71,96,1.6
2026-06-11 00:15:09,170,40,0.67
2026-06-11 00:15:09,48,104,1.73
2026-06-11 00:15:09,113,71,1.18
2026-06-11 00:15:09,161,184,3.07
2026-06-11 00:15:09,230,50,0.83
2026-06-11 00:15:09,141,41,0.68
2026-06-11 00:15:09,361,69,1.15
2026-06-11 00:15:09,198,249,4.15
2026-06-11 00:15:09,94,37,0.62
2026-06-11 00:15:09,24,44,0.73
2026-06-11 00:15:09,166,60,1.0
2026-06-11 00:15:09,202,74,1.23
2026-06-11 00:15:09,80,57,0.95
2026-06-11 00:15:09,205,22,0.37
2026-06-11 00:16:07,100,25,0.42
2026-06-11 00:16:07,121,36,0.6
2026-06-11 00:16:07,38,64,1.07
2026-06-11 00:16:07,363,67,1.12
2026-06-11 00:16:07,113,71,1.18
2026-06-11 00:16:07,198,26,0.43
2026-06-11 00:16:07,747,398,6.63
2026-06-11 00:16:07,107,27,0.45
2026-06-11 00:16:07,160,74,1.23
2026-06-11 00:16:07,139,22,0.37
2026-06-11 00:16:07,166,102,1.7
2026-06-11 00:16:07,138,34,0.57
2026-06-11 00:16:07,186,47,0.78
2026-06-11 00:16:07,49,138,2.3
2026-06-11 00:16:07,67,199,3.32
2026-06-11 00:16:07,136,60,1.0
2026-06-11 00:16:07,193,55,0.92
2026-06-11 00:16:07,48,120,2.0
2026-06-11 00:16:07,44,52,0.87
2026-06-11 00:16:07,54,58,0.97
2026-06-11 00:16:07,28,58,0.97
2026-06-11 00:16:07,193,63,1.05
2026-06-11 00:16:07,180,127,2.12
2026-06-11 00:16:07,110,157,2.62
2026-06-11 00:16:07,356,60,1.0
2026-06-11 00:16:07,162,34,0.57
2026-06-11 00:16:07,777,240,4.0
2026-06-11 00:16:07,165,59,0.98
2026-06-11 00:16:07,93,111,1.85
2026-06-11 00:16:07,57,57,0.95
2026-06-11 00:16:07,179,38,0.63
2026-06-11 00:16:07,131,80,1.33
2026-06-11 00:16:07,86,35,0.58
2026-06-11 00:16:07,67,42,0.7
2026-06-11 00:16:07,171,49,0.82
2026-06-11 00:16:07,162,86,1.43
2026-06-11 00:16:07,128,60,1.0
2026-06-11 00:16:07,140,111,1.85
2026-06-11 00:16:07,94,37,0.62
2026-06-11 00:16:07,189,83,1.38
2026-06-11 00:16:07,24,44,0.73
2026-06-11 00:16:07,205,206,3.43
2026-06-11 00:16:07,27,46,0.77
2026-06-11 00:16:07,102,51,0.85
2026-06-11 00:16:07,187,107,1.78
2026-06-11 00:16:07,49,60,1.0
2026-06-11 00:16:07,160,50,0.83
2026-06-11 00:16:07,162,17,0.28
2026-06-11 00:16:07,34,71,1.18
2026-06-11 00:16:07,56,86,1.43
2026-06-11 00:16:10,777,295,4.92
2026-06-11 00:16:10,230,134,2.23
2026-06-11 00:16:10,192,33,0.55
2026-06-11 00:16:10,129,44,0.73
2026-06-11 00:16:10,140,111,1.85
2026-06-11 00:16:10,79,60,1.0
2026-06-11 00:16:10,353,42,0.7
2026-06-11 00:16:10,80,40,0.67
2026-06-11 00:16:10,86,33,0.55
2026-06-11 00:16:10,55,17,0.28
2026-06-11 00:16:10,211,43,0.72
2026-06-11 00:16:10,204,46,0.77
2026-06-11 00:16:10,86,34,0.57
2026-06-11 00:16:10,121,38,0.63
2026-06-11 00:16:10,198,26,0.43
2026-06-11 00:16:10,747,398,6.63
2026-06-11 00:16:10,36,62,1.03
2026-06-11 00:16:10,187,22,0.37
2026-06-11 00:16:10,166,102,1.7
2026-06-11 00:16:10,193,25,0.42
2026-06-11 00:16:10,67,85,1.42
2026-06-11 00:16:10,209,64,1.07
2026-06-11 00:16:10,67,58,0.97
2026-06-11 00:16:10,69,32,0.53
2026-06-11 00:16:10,79,15,0.25
2026-06-11 00:16:10,48,162,2.7
2026-06-11 00:16:10,48,120,2.0
2026-06-11 00:16:10,747,68,1.13
2026-06-11 00:16:10,125,63,1.05
2026-06-11 00:16:10,51,39,0.65
2026-06-11 00:16:10,363,67,1.12
2026-06-11 00:16:10,211,83,1.38
2026-06-11 00:16:10,197,78,1.3
2026-06-11 00:16:10,747,900,15.0
2026-06-11 00:16:10,64,77,1.28
2026-06-11 00:16:10,24,44,0.73
2026-06-11 00:16:10,192,30,0.5
2026-06-11 00:16:10,61,42,0.7
2026-06-11 00:16:10,18,68,1.13
2026-06-11 00:16:10,100,28,0.47
2026-06-11 00:16:10,198,44,0.73
2026-06-11 00:16:10,172,54,0.9
2026-06-11 00:16:10,29,45,0.75
2026-06-11 00:16:10,209,13,0.22
2026-06-11 00:16:10,197,45,0.75
2026-06-11 00:16:10,44,70,1.17
2026-06-11 00:16:10,141,41,0.68
2026-06-11 00:16:10,102,121,2.02
2026-06-11 00:16:10,131,18,0.3
2026-06-11 00:16:10,47,99,1.65
2026-06-11 00:16:10,108,47,0.78
2026-06-11 00:16:10,123,18,0.3
2026-06-11 00:16:10,66,30,0.5
2026-06-11 00:16:10,198,95,1.58
2026-06-11 00:16:10,113,71,1.18
2026-06-11 00:16:10,358,118,1.97
2026-06-11 00:16:10,128,60,1.0
2026-06-11 00:16:10,22,46,0.77
2026-06-11 00:16:10,189,83,1.38
2026-06-11 00:16:10,32,69,1.15
2026-06-11 00:16:10,411,75,1.25
2026-06-11 00:16:10,67,42,0.7
2026-06-11 00:16:10,141,41,0.68
2026-06-11 00:16:26,141,29,0.48
2026-06-11 00:16:26,141,66,1.1
2026-06-11 00:16:26,161,122,2.03
2026-06-11 00:16:26,209,60,1.0
2026-06-11 00:16:26,192,33,0.55
2026-06-11 00:16:26,64,52,0.87
2026-06-11 00:16:26,38,91,1.52
2026-06-11 00:16:26,45,48,0.8
2026-06-11 00:16:26,192,59,0.98
2026-06-11 00:16:26,218,23,0.38
2026-06-11 00:16:26,747,398,6.63
2026-06-11 00:16:26,55,41,0.68
2026-06-11 00:16:26,161,40,0.67
2026-06-11 00:16:26,69,76,1.27
2026-06-11 00:16:26,31,41,0.68
2026-06-11 00:16:26,28,37,0.62
2026-06-11 00:16:26,80,124,2.07
2026-06-11 00:16:26,51,10,0.17
2026-06-11 00:16:26,129,70,1.17
2026-06-11 00:16:26,212,92,1.53
2026-06-11 00:16:26,180,51,0.85
2026-06-11 00:16:26,113,46,0.77
2026-06-11 00:16:26,97,31,0.52
2026-06-11 00:16:26,66,37,0.62
2026-06-11 00:16:26,47,99,1.65
2026-06-11 00:16:26,172,46,0.77
2026-06-11 00:16:26,180,127,2.12
2026-06-11 00:16:26,161,184,3.07
2026-06-11 00:16:26,180,103,1.72
2026-06-11 00:16:26,86,35,0.58
2026-06-11 00:16:26,69,54,0.9
2026-06-11 00:16:26,139,91,1.52
2026-06-11 00:16:26,364,16,0.27
2026-06-11 00:16:26,193,43,0.72
2026-06-11 00:16:26,747,158,2.63
2026-06-11 00:16:26,28,27,0.45
2026-06-11 00:16:26,172,54,0.9
2026-06-11 00:16:26,97,155,2.58
2026-06-11 00:16:26,107,20,0.33
2026-06-11 00:16:26,67,42,0.7
2026-06-11 00:16:26,150,59,0.98
2026-06-11 00:16:26,777,240,4.0
2026-06-11 00:16:26,28,40,0.67
2026-06-11 00:16:26,67,55,0.92
2026-06-11 00:16:26,28,16,0.27
2026-06-11 00:16:26,71,41,0.68
2026-06-11 00:16:26,112,45,0.75
2026-06-11 00:16:26,47,99,1.65
2026-06-11 00:16:26,113,71,1.18
2026-06-11 00:16:26,161,184,3.07
2026-06-11 00:16:26,103,72,1.2
2026-06-11 00:16:26,28,27,0.45
2026-06-11 00:16:26,439,81,1.35
2026-06-11 00:16:26,218,96,1.6
2026-06-11 00:16:26,204,78,1.3
2026-06-11 00:16:26,185,65,1.08
2026-06-11 00:16:26,44,70,1.17
2026-06-11 00:16:26,179,19,0.32
2026-06-11 00:16:26,90,75,1.25
2026-06-11 00:16:26,56,86,1.43
2026-06-11 00:17:09,100,25,0.42
2026-06-11 00:17:09,107,54,0.9
2026-06-11 00:17:09,48,18,0.3
2026-06-11 00:17:09,51,23,0.38
2026-06-11 00:17:09,68,77,1.28
2026-06-11 00:17:09,86,34,0.57
2026-06-11 00:17:09,215,29,0.48
2026-06-11 00:17:09,197,52,0.87
2026-06-11 00:17:09,139,45,0.75
2026-06-11 00:17:09,121,38,0.63
2026-06-11 00:17:09,161,3,0.05
2026-06-11 00:17:09,189,34,0.57
2026-06-11 00:17:09,202,46,0.77
2026-06-11 00:17:09,187,22,0.37
2026-06-11 00:17:09,166,102,1.7
2026-06-11 00:17:09,207,44,0.73
2026-06-11 00:17:09,90,116,1.93
2026-06-11 00:17:09,79,49,0.82
2026-06-11 00:17:09,208,141,2.35
2026-06-11 00:17:09,67,58,0.97
2026-06-11 00:17:09,193,55,0.92
2026-06-11 00:17:09,777,150,2.5
2026-06-11 00:17:09,129,70,1.17
2026-06-11 00:17:09,86,20,0.33
2026-06-11 00:17:09,144,47,0.78
2026-06-11 00:17:09,48,34,0.57
2026-06-11 00:17:09,189,43,0.72
2026-06-11 00:17:09,170,51,0.85
2026-06-11 00:17:09,209,240,4.0
2026-06-11 00:17:09,138,55,0.92
2026-06-11 00:17:09,79,84,1.4
2026-06-11 00:17:09,110,157,2.62
2026-06-11 00:17:09,193,54,0.9
2026-06-11 00:17:09,95,54,0.9
2026-06-11 00:17:09,180,103,1.72
2026-06-11 00:17:09,171,57,0.95
2026-06-11 00:17:09,195,143,2.38
2026-06-11 00:17:09,105,94,1.57
2026-06-11 00:17:09,180,103,1.72
2026-06-11 00:17:09,131,80,1.33
2026-06-11 00:17:09,80,84,1.4
2026-06-11 00:17:09,197,78,1.3
2026-06-11 00:17:09,44,54,0.9
2026-06-11 00:17:09,185,53,0.88
2026-06-11 00:17:09,195,151,2.52
2026-06-11 00:17:09,92,222,3.7
2026-06-11 00:17:09,138,55,0.92
2026-06-11 00:17:09,189,83,1.38
2026-06-11 00:17:09,27,46,0.77
2026-06-11 00:17:09,105,44,0.73
2026-06-11 00:17:09,189,37,0.62
2026-06-11 00:17:09,67,42,0.7
2026-06-11 00:17:09,28,27,0.45
2026-06-11 00:17:09,162,17,0.28
2026-06-11 00:17:09,209,47,0.78
2026-06-11 00:17:32,100,25,0.42
2026-06-11 00:17:32,140,120,2.0
2026-06-11 00:17:32,777,145,2.42
2026-06-11 00:17:32,162,27,0.45
2026-06-11 00:17:32,90,16,0.27
2026-06-11 00:17:32,38,64,1.07
2026-06-11 00:17:32,138,64,1.07
2026-06-11 00:17:32,113,37,0.62
2026-06-11 00:17:32,198,26,0.43
2026-06-11 00:17:32,747,398,6.63
2026-06-11 00:17:32,55,41,0.68
2026-06-11 00:17:32,161,40,0.67
2026-06-11 00:17:32,28,37,0.62
2026-06-11 00:17:32,36,99,1.65
2026-06-11 00:17:32,80,124,2.07
2026-06-11 00:17:32,496,60,1.0
2026-06-11 00:17:32,70,29,0.48
2026-06-11 00:17:32,11,136,2.27
2026-06-11 00:17:32,51,20,0.33
2026-06-11 00:17:32,211,115,1.92
2026-06-11 00:17:32,747,158,2.63
2026-06-11 00:17:32,139,26,0.43
2026-06-11 00:17:32,51,39,0.65
2026-06-11 00:17:32,363,67,1.12
2026-06-11 00:17:32,104,17,0.28
2026-06-11 00:17:32,141,41,0.68
2026-06-11 00:17:32,411,1020,17.0
2026-06-11 00:17:32,69,54,0.9
2026-06-11 00:17:32,496,84,1.4
2026-06-11 00:17:32,95,34,0.57
2026-06-11 00:17:32,125,52,0.87
2026-06-11 00:17:32,10,34,0.57
2026-06-11 00:17:32,71,41,0.68
2026-06-11 00:17:32,112,45,0.75
2026-06-11 00:17:32,51,39,0.65
2026-06-11 00:17:32,79,84,1.4
2026-06-11 00:17:32,172,60,1.0
2026-06-11 00:17:32,105,94,1.57
2026-06-11 00:17:32,189,37,0.62
2026-06-11 00:17:32,162,17,0.28
2026-06-11 00:17:32,13,54,0.9
2026-06-11 00:18:10,48,18,0.3
2026-06-11 00:18:10,121,36,0.6
2026-06-11 00:18:10,129,44,0.73
2026-06-11 00:18:10,363,67,1.12
2026-06-11 00:18:10,113,71,1.18
2026-06-11 00:18:10,95,48,0.8
2026-06-11 00:18:10,86,34,0.57
2026-06-11 00:18:10,197,52,0.87
2026-06-11 00:18:10,198,26,0.43
2026-06-11 00:18:10,57,57,0.95
2026-06-11 00:18:10,105,53,0.88
2026-06-11 00:18:10,29,57,0.95
2026-06-11 00:18:10,33,28,0.47
2026-06-11 00:18:10,189,34,0.57
2026-06-11 00:18:10,124,36,0.6
2026-06-11 00:18:10,202,46,0.77
2026-06-11 00:18:10,139,22,0.37
2026-06-11 00:18:10,207,44,0.73
2026-06-11 00:18:10,24,58,0.97
2026-06-11 00:18:10,189,27,0.45
2026-06-11 00:18:10,49,138,2.3
2026-06-11 00:18:10,136,60,1.0
2026-06-11 00:18:10,439,65,1.08
2026-06-11 00:18:10,70,29,0.48
2026-06-11 00:18:10,138,30,0.5
2026-06-11 00:18:10,51,20,0.33
2026-06-11 00:18:10,777,240,4.0
2026-06-11 00:18:10,61,28,0.47
2026-06-11 00:18:10,56,50,0.83
2026-06-11 00:18:10,202,31,0.52
2026-06-11 00:18:10,61,145,2.42
2026-06-11 00:18:10,97,31,0.52
2026-06-11 00:18:10,103,34,0.57
2026-06-11 00:18:10,180,103,1.72
2026-06-11 00:18:10,18,68,1.13
2026-06-11 00:18:10,24,44,0.73
2026-06-11 00:18:10,187,48,0.8
2026-06-11 00:18:10,106,115,1.92
2026-06-11 00:18:10,121,26,0.43
2026-06-11 00:18:10,197,45,0.75
2026-06-11 00:18:10,61,42,0.7
2026-06-11 00:18:10,230,184,3.07
2026-06-11 00:18:10,215,126,2.1
2026-06-11 00:18:10,10,34,0.57
2026-06-11 00:18:10,17,40,0.67
2026-06-11 00:18:10,150,67,1.12
2026-06-11 00:18:10,177,35,0.58
2026-06-11 00:18:10,38,360,6.0
2026-06-11 00:18:10,24,18,0.3
2026-06-11 00:18:10,79,60,1.0
2026-06-11 00:18:10,170,51,0.85
2026-06-11 00:18:10,92,36,0.6
2026-06-11 00:18:10,105,44,0.73
2026-06-11 00:18:10,411,75,1.25
2026-06-11 00:18:10,218,96,1.6
2026-06-11 00:18:10,162,17,0.28
2026-06-11 00:18:10,44,70,1.17
2026-06-11 00:18:10,496,857,14.28
2026-06-11 00:18:10,56,86,1.43
2026-06-11 00:18:35,177,35,0.58
2026-06-11 00:18:35,141,29,0.48
2026-06-11 00:18:35,164,108,1.8
2026-06-11 00:18:35,230,134,2.23
2026-06-11 00:18:35,38,360,6.0
2026-06-11 00:18:35,38,64,1.07
2026-06-11 00:18:35,102,51,0.85
2026-06-11 00:18:35,86,34,0.57
2026-06-11 00:18:35,197,52,0.87
2026-06-11 00:18:35,44,118,1.97
2026-06-11 00:18:35,105,53,0.88
2026-06-11 00:18:35,29,57,0.95
2026-06-11 00:18:35,33,28,0.47
2026-06-11 00:18:35,189,27,0.45
2026-06-11 00:18:35,203,24,0.4
2026-06-11 00:18:35,80,48,0.8
2026-06-11 00:18:35,33,44,0.73
2026-06-11 00:18:35,187,41,0.68
2026-06-11 00:18:35,18,181,3.02
2026-06-11 00:18:35,209,240,4.0
2026-06-11 00:18:35,104,17,0.28
2026-06-11 00:18:35,136,13,0.22
2026-06-11 00:18:35,356,60,1.0
2026-06-11 00:18:35,170,53,0.88
2026-06-11 00:18:35,95,54,0.9
2026-06-11 00:18:35,180,103,1.72
2026-06-11 00:18:35,27,46,0.77
2026-06-11 00:18:35,131,80,1.33
2026-06-11 00:18:35,747,158,2.63
2026-06-11 00:18:35,80,84,1.4
2026-06-11 00:18:35,68,86,1.43
2026-06-11 00:18:35,95,34,0.57
2026-06-11 00:18:35,161,23,0.38
2026-06-11 00:18:35,34,71,1.18
2026-06-11 00:18:35,67,42,0.7
2026-06-11 00:18:35,179,38,0.63
2026-06-11 00:18:35,141,41,0.68
2026-06-11 00:18:35,43,59,0.98
2026-06-11 00:18:35,93,111,1.85
2026-06-11 00:18:35,168,44,0.73
2026-06-11 00:18:35,11,14,0.23
2026-06-11 00:18:35,112,59,0.98
2026-06-11 00:18:35,68,77,1.28
2026-06-11 00:18:35,170,40,0.67
2026-06-11 00:18:35,92,222,3.7
2026-06-11 00:18:35,106,115,1.92
2026-06-11 00:18:35,128,60,1.0
2026-06-11 00:18:35,113,46,0.77
2026-06-11 00:18:35,36,74,1.23
2026-06-11 00:18:35,230,50,0.83
2026-06-11 00:18:35,207,34,0.57
2026-06-11 00:18:35,172,54,0.9
2026-06-11 00:18:35,10,49,0.82
2026-06-11 00:18:35,80,105,1.75
2026-06-11 00:18:35,100,28,0.47
2026-06-11 00:18:35,189,37,0.62
2026-06-11 00:18:35,202,74,1.23
2026-06-11 00:18:35,162,17,0.28
2026-06-11 00:18:35,209,47,0.78
2026-06-11 00:19:11,150,37,0.62
2026-06-11 00:19:11,230,134,2.23
2026-06-11 00:19:11,93,72,1.2
2026-06-11 00:19:11,125,75,1.25
2026-06-11 00:19:11,86,34,0.57
2026-06-11 00:19:11,411,25,0.42
2026-06-11 00:19:11,34,50,0.83
2026-06-11 00:19:11,139,45,0.75
2026-06-11 00:19:11,29,57,0.95
2026-06-11 00:19:11,166,39,0.65
2026-06-11 00:19:11,168,47,0.78
2026-06-11 00:19:11,138,34,0.57
2026-06-11 00:19:11,439,92,1.53
2026-06-11 00:19:11,49,12,0.2
2026-06-11 00:19:11,203,24,0.4
2026-06-11 00:19:11,69,32,0.53
2026-06-11 00:19:11,32,60,1.0
2026-06-11 00:19:11,411,24,0.4
2026-06-11 00:19:11,127,48,0.8
2026-06-11 00:19:11,189,43,0.72
2026-06-11 00:19:11,93,37,0.62
2026-06-11 00:19:11,28,58,0.97
2026-06-11 00:19:11,230,184,3.07
2026-06-11 00:19:11,113,46,0.77
2026-06-11 00:19:11,64,77,1.28
2026-06-11 00:19:11,165,59,0.98
2026-06-11 00:19:11,180,60,1.0
2026-06-11 00:19:11,411,1020,17.0
2026-06-11 00:19:11,105,44,0.73
2026-06-11 00:19:11,49,106,1.77
2026-06-11 00:19:11,747,44,0.73
2026-06-11 00:19:11,361,50,0.83
2026-06-11 00:19:11,100,52,0.87
2026-06-11 00:19:11,141,41,0.68
2026-06-11 00:19:11,165,59,0.98
2026-06-11 00:19:11,112,45,0.75
2026-06-11 00:19:11,192,33,0.55
2026-06-11 00:19:11,48,104,1.73
2026-06-11 00:19:11,358,118,1.97
2026-06-11 00:19:11,90,16,0.27
2026-06-11 00:19:11,186,60,1.0
2026-06-11 00:19:11,140,111,1.85
2026-06-11 00:19:11,168,17,0.28
2026-06-11 00:19:11,10,49,0.82
2026-06-11 00:19:11,92,36,0.6
2026-06-11 00:19:11,411,75,1.25
2026-06-11 00:19:11,49,60,1.0
2026-06-11 00:19:11,34,71,1.18
2026-06-11 00:19:11,44,70,1.17
2026-06-11 00:19:11,141,41,0.68
2026-06-11 00:19:11,211,1020,17.0
2026-06-11 00:19:11,80,57,0.95
2026-06-11 00:19:37,164,108,1.8
2026-06-11 00:19:37,171,49,0.82
2026-06-11 00:19:37,777,145,2.42
2026-06-11 00:19:37,90,16,0.27
2026-06-11 00:19:37,38,91,1.52
2026-06-11 00:19:37,129,59,0.98
2026-06-11 00:19:37,45,48,0.8
2026-06-11 00:19:37,439,117,1.95
2026-06-11 00:19:37,104,180,3.0
2026-06-11 00:19:37,36,62,1.03
2026-06-11 00:19:37,124,43,0.72
2026-06-11 00:19:37,166,39,0.65
2026-06-11 00:19:37,104,17,0.28
2026-06-11 00:19:37,144,74,1.23
2026-06-11 00:19:37,110,56,0.93
2026-06-11 00:19:37,129,59,0.98
2026-06-11 00:19:37,68,34,0.57
2026-06-11 00:19:37,49,12,0.2
2026-06-11 00:19:37,69,40,0.67
2026-06-11 00:19:37,90,116,1.93
2026-06-11 00:19:37,67,85,1.42
2026-06-11 00:19:37,144,49,0.82
2026-06-11 00:19:37,205,27,0.45
2026-06-11 00:19:37,86,14,0.23
2026-06-11 00:19:37,94,32,0.53
2026-06-11 00:19:37,32,60,1.0
2026-06-11 00:19:37,128,29,0.48
2026-06-11 00:19:37,18,75,1.25
2026-06-11 00:19:37,202,37,0.62
2026-06-11 00:19:37,90,18,0.3
2026-06-11 00:19:37,212,92,1.53
2026-06-11 00:19:37,48,34,0.57
2026-06-11 00:19:37,10,34,0.57
2026-06-11 00:19:37,186,56,0.93
2026-06-11 00:19:37,56,50,0.83
2026-06-11 00:19:37,165,59,0.98
2026-06-11 00:19:37,411,1020,17.0
2026-06-11 00:19:37,131,80,1.33
2026-06-11 00:19:37,208,27,0.45
2026-06-11 00:19:37,215,126,2.1
2026-06-11 00:19:37,160,50,0.83
2026-06-11 00:19:37,110,134,2.23
2026-06-11 00:19:37,150,59,0.98
2026-06-11 00:19:37,28,40,0.67
2026-06-11 00:19:37,165,37,0.62
2026-06-11 00:19:37,162,27,0.45
2026-06-11 00:19:37,38,360,6.0
2026-06-11 00:19:37,48,104,1.73
2026-06-11 00:19:37,38,64,1.07
2026-06-11 00:19:37,129,61,1.02
2026-06-11 00:19:37,161,184,3.07
2026-06-11 00:19:37,186,60,1.0
2026-06-11 00:19:37,195,143,2.38
2026-06-11 00:19:37,439,81,1.35
2026-06-11 00:19:37,104,55,0.92
2026-06-11 00:19:37,17,67,1.12
2026-06-11 00:19:37,496,857,14.28
2026-06-11 00:20:12,54,43,0.72
2026-06-11 00:20:12,174,26,0.43
2026-06-11 00:20:12,192,33,0.55
2026-06-11 00:20:12,112,45,0.75
2026-06-11 00:20:12,80,40,0.67
2026-06-11 00:20:12,138,64,1.07
2026-06-11 00:20:12,71,41,0.68
2026-06-11 00:20:12,197,52,0.87
2026-06-11 00:20:12,107,27,0.45
2026-06-11 00:20:12,186,47,0.78
2026-06-11 00:20:12,49,30,0.5
2026-06-11 00:20:12,193,55,0.92
2026-06-11 00:20:12,32,60,1.0
2026-06-11 00:20:12,187,41,0.68
2026-06-11 00:20:12,10,34,0.57
2026-06-11 00:20:12,104,17,0.28
2026-06-11 00:20:12,186,56,0.93
2026-06-11 00:20:12,68,42,0.7
2026-06-11 00:20:12,97,31,0.52
2026-06-11 00:20:12,66,37,0.62
2026-06-11 00:20:12,110,32,0.53
2026-06-11 00:20:12,123,34,0.57
2026-06-11 00:20:12,165,59,0.98
2026-06-11 00:20:12,170,53,0.88
2026-06-11 00:20:12,777,145,2.42
2026-06-11 00:20:12,24,44,0.73
2026-06-11 00:20:12,105,94,1.57
2026-06-11 00:20:12,187,48,0.8
2026-06-11 00:20:12,160,44,0.73
2026-06-11 00:20:12,197,45,0.75
2026-06-11 00:20:12,17,58,0.97
2026-06-11 00:20:12,230,184,3.07
2026-06-11 00:20:12,197,78,1.3
2026-06-11 00:20:12,138,17,0.28
2026-06-11 00:20:12,161,23,0.38
2026-06-11 00:20:12,90,60,1.0
2026-06-11 00:20:12,150,67,1.12
2026-06-11 00:20:12,209,79,1.32
2026-06-11 00:20:12,186,56,0.93
2026-06-11 00:20:12,28,40,0.67
2026-06-11 00:20:12,177,35,0.58
2026-06-11 00:20:12,71,41,0.68
2026-06-11 00:20:12,80,40,0.67
2026-06-11 00:20:12,121,55,0.92
2026-06-11 00:20:12,139,91,1.52
2026-06-11 00:20:12,79,60,1.0
2026-06-11 00:20:12,18,181,3.02
2026-06-11 00:20:12,138,55,0.92
2026-06-11 00:20:12,113,46,0.77
2026-06-11 00:20:12,94,37,0.62
2026-06-11 00:20:12,205,206,3.43
2026-06-11 00:20:12,195,143,2.38
2026-06-11 00:20:12,67,42,0.7
2026-06-11 00:20:12,138,17,0.28
2026-06-11 00:20:12,193,43,0.72
2026-06-11 00:20:12,141,41,0.68
2026-06-11 00:20:12,205,22,0.37
2026-06-11 00:20:39,164,108,1.8
2026-06-11 00:20:39,171,49,0.82
2026-06-11 00:20:39,131,18,0.3
2026-06-11 00:20:39,358,77,1.28
2026-06-11 00:20:39,361,69,1.15
2026-06-11 00:20:39,43,23,0.38
2026-06-11 00:20:39,55,17,0.28
2026-06-11 00:20:39,164,19,0.32
2026-06-11 00:20:39,95,48,0.8
2026-06-11 00:20:39,211,43,0.72
2026-06-11 00:20:39,215,29,0.48
2026-06-11 00:20:39,202,88,1.47
2026-06-11 00:20:39,121,38,0.63
2026-06-11 00:20:39,44,118,1.97
2026-06-11 00:20:39,107,27,0.45
2026-06-11 00:20:39,161,3,0.05
2026-06-11 00:20:39,160,74,1.23
2026-06-11 00:20:39,57,50,0.83
2026-06-11 00:20:39,103,54,0.9
2026-06-11 00:20:39,140,46,0.77
2026-06-11 00:20:39,439,92,1.53
2026-06-11 00:20:39,80,124,2.07
2026-06-11 00:20:39,189,27,0.45
2026-06-11 00:20:39,79,49,0.82
2026-06-11 00:20:39,136,60,1.0
2026-06-11 00:20:39,108,47,0.78
2026-06-11 00:20:39,11,136,2.27
2026-06-11 00:20:39,127,48,0.8
2026-06-11 00:20:39,411,164,2.73
2026-06-11 00:20:39,144,47,0.78
2026-06-11 00:20:39,180,51,0.85
2026-06-11 00:20:39,215,131,2.18
2026-06-11 00:20:39,64,102,1.7
2026-06-11 00:20:39,99,115,1.92
2026-06-11 00:20:39,230,142,2.37
2026-06-11 00:20:39,54,58,0.97
2026-06-11 00:20:39,113,46,0.77
2026-06-11 00:20:39,79,84,1.4
2026-06-11 00:20:39,164,19,0.32
2026-06-11 00:20:39,170,53,0.88
2026-06-11 00:20:39,187,48,0.8
2026-06-11 00:20:39,92,36,0.6
2026-06-11 00:20:39,128,45,0.75
2026-06-11 00:20:39,86,35,0.58
2026-06-11 00:20:39,747,44,0.73
2026-06-11 00:20:39,97,155,2.58
2026-06-11 00:20:39,29,45,0.75
2026-06-11 00:20:39,107,20,0.33
2026-06-11 00:20:39,110,134,2.23
2026-06-11 00:20:39,10,34,0.57
2026-06-11 00:20:39,108,33,0.55
2026-06-11 00:20:39,67,55,0.92
2026-06-11 00:20:39,185,53,0.88
2026-06-11 00:20:39,125,137,2.28
2026-06-11 00:20:39,112,59,0.98
2026-06-11 00:20:39,68,77,1.28
2026-06-11 00:20:39,195,151,2.52
2026-06-11 00:20:39,170,51,0.85
2026-06-11 00:20:39,22,46,0.77
2026-06-11 00:20:39,207,34,0.57
2026-06-11 00:20:39,55,124,2.07
2026-06-11 00:20:39,172,54,0.9
2026-06-11 00:20:39,105,94,1.57
2026-06-11 00:20:39,166,60,1.0
2026-06-11 00:20:39,160,50,0.83
2026-06-11 00:20:39,90,75,1.25
2026-06-11 00:20:39,496,857,14.28
2026-06-11 00:20:39,209,47,0.78
2026-06-11 00:21:13,57,83,1.38
2026-06-11 00:21:13,174,26,0.43
2026-06-11 00:21:13,45,180,3.0
2026-06-11 00:21:13,66,53,0.88
2026-06-11 00:21:13,131,18,0.3
2026-06-11 00:21:13,68,77,1.28
2026-06-11 00:21:13,171,120,2.0
2026-06-11 00:21:13,90,16,0.27
2026-06-11 00:21:13,102,51,0.85
2026-06-11 00:21:13,162,68,1.13
2026-06-11 00:21:13,164,19,0.32
2026-06-11 00:21:13,192,43,0.72
2026-06-11 00:21:13,204,46,0.77
2026-06-11 00:21:13,102,57,0.95
2026-06-11 00:21:13,57,57,0.95
2026-06-11 00:21:13,18,45,0.75
2026-06-11 00:21:13,124,43,0.72
2026-06-11 00:21:13,139,22,0.37
2026-06-11 00:21:13,207,44,0.73
2026-06-11 00:21:13,49,138,2.3
2026-06-11 00:21:13,67,85,1.42
2026-06-11 00:21:13,67,199,3.32
2026-06-11 00:21:13,439,65,1.08
2026-06-11 00:21:13,61,62,1.03
2026-06-11 00:21:13,48,162,2.7
2026-06-11 00:21:13,34,34,0.57
2026-06-11 00:21:13,189,43,0.72
2026-06-11 00:21:13,136,13,0.22
2026-06-11 00:21:13,198,249,4.15
2026-06-11 00:21:13,215,126,2.1
2026-06-11 00:21:13,68,121,2.02
2026-06-11 00:21:13,777,145,2.42
2026-06-11 00:21:13,44,54,0.9
2026-06-11 00:21:13,28,27,0.45
2026-06-11 00:21:13,100,78,1.3
2026-06-11 00:21:13,110,134,2.23
2026-06-11 00:21:13,17,40,0.67
2026-06-11 00:21:13,123,18,0.3
2026-06-11 00:21:13,38,360,6.0
2026-06-11 00:21:13,38,64,1.07
2026-06-11 00:21:13,66,30,0.5
2026-06-11 00:21:13,113,71,1.18
2026-06-11 00:21:13,358,118,1.97
2026-06-11 00:21:13,97,180,3.0
2026-06-11 00:21:13,139,91,1.52
2026-06-11 00:21:13,129,61,1.02
2026-06-11 00:21:13,106,115,1.92
2026-06-11 00:21:13,207,34,0.57
2026-06-11 00:21:13,172,54,0.9
2026-06-11 00:21:13,189,83,1.38
2026-06-11 00:21:13,164,19,0.32
2026-06-11 00:21:13,777,300,5.0
2026-06-11 00:21:13,166,60,1.0
2026-06-11 00:21:13,80,105,1.75
2026-06-11 00:21:13,97,155,2.58
2026-06-11 00:21:13,67,42,0.7
2026-06-11 00:21:13,31,208,3.47
2026-06-11 00:21:13,32,57,0.95
2026-06-11 00:21:13,205,22,0.37
2026-06-11 00:21:41,177,35,0.58
2026-06-11 00:21:41,138,64,1.07
2026-06-11 00:21:41,204,46,0.77
2026-06-11 00:21:41,136,48,0.8
2026-06-11 00:21:41,55,41,0.68
2026-06-11 00:21:41,186,47,0.78
2026-06-11 00:21:41,193,25,0.42
2026-06-11 00:21:41,141,36,0.6
2026-06-11 00:21:41,411,24,0.4
2026-06-11 00:21:41,127,48,0.8
2026-06-11 00:21:41,44,52,0.87
2026-06-11 00:21:41,212,92,1.53
2026-06-11 00:21:41,85,51,0.85
2026-06-11 00:21:41,180,51,0.85
2026-06-11 00:21:41,10,34,0.57
2026-06-11 00:21:41,113,46,0.77
2026-06-11 00:21:41,172,46,0.77
2026-06-11 00:21:41,186,60,1.0
2026-06-11 00:21:41,164,19,0.32
2026-06-11 00:21:41,97,31,0.52
2026-06-11 00:21:41,141,41,0.68
2026-06-11 00:21:41,161,184,3.07
2026-06-11 00:21:41,180,60,1.0
2026-06-11 00:21:41,103,72,1.2
2026-06-11 00:21:41,68,121,2.02
2026-06-11 00:21:41,24,44,0.73
2026-06-11 00:21:41,496,84,1.4
2026-06-11 00:21:41,747,158,2.63
2026-06-11 00:21:41,28,27,0.45
2026-06-11 00:21:41,121,26,0.43
2026-06-11 00:21:41,189,37,0.62
2026-06-11 00:21:41,90,60,1.0
2026-06-11 00:21:41,44,70,1.17
2026-06-11 00:21:41,102,121,2.02
2026-06-11 00:21:41,185,53,0.88
2026-06-11 00:21:41,131,18,0.3
2026-06-11 00:21:41,18,68,1.13
2026-06-11 00:21:41,97,180,3.0
2026-06-11 00:21:41,43,19,0.32
2026-06-11 00:21:41,51,39,0.65
2026-06-11 00:21:41,79,84,1.4
2026-06-11 00:21:41,36,74,1.23
2026-06-11 00:21:41,55,124,2.07
2026-06-11 00:21:41,24,44,0.73
2026-06-11 00:21:41,103,72,1.2
2026-06-11 00:21:41,27,46,0.77
2026-06-11 00:21:41,69,54,0.9
2026-06-11 00:21:41,166,41,0.68
2026-06-11 00:21:41,195,143,2.38
2026-06-11 00:21:41,67,42,0.7
2026-06-11 00:21:41,185,65,1.08
2026-06-11 00:21:41,44,70,1.17
2026-06-11 00:21:41,64,102,1.7
2026-06-11 00:21:41,439,112,1.87
2026-06-11 00:21:41,131,21,0.35
2026-06-11 00:22:14,777,159,2.65
2026-06-11 00:22:14,51,62,1.03
2026-06-11 00:22:14,162,45,0.75
2026-06-11 00:22:14,171,29,0.48
2026-06-11 00:22:14,131,79,1.32
2026-06-11 00:22:14,141,41,0.68
2026-06-11 00:22:14,38,48,0.8
2026-06-11 00:22:14,777,53,0.88
2026-06-11 00:22:14,66,50,0.83
2026-06-11 00:22:14,48,60,1.0
2026-06-11 00:22:14,112,46,0.77
2026-06-11 00:22:14,92,39,0.65
2026-06-11 00:22:14,28,44,0.73
2026-06-11 00:22:14,18,86,1.43
2026-06-11 00:22:14,192,33,0.55
2026-06-11 00:22:14,67,41,0.68
2026-06-11 00:22:14,370,38,0.63
2026-06-11 00:22:14,103,40,0.67
2026-06-11 00:22:14,198,69,1.15
2026-06-11 00:22:14,195,18,0.3
2026-06-11 00:22:14,193,63,1.05
2026-06-11 00:22:14,212,92,1.53
2026-06-11 00:22:14,64,102,1.7
2026-06-11 00:22:14,209,240,4.0
2026-06-11 00:22:14,230,50,0.83
2026-06-11 00:22:14,54,47,0.78
2026-06-11 00:22:14,47,67,1.12
2026-06-11 00:22:14,777,145,2.42
2026-06-11 00:22:14,114,33,0.55
2026-06-11 00:22:14,193,43,0.72
2026-06-11 00:22:14,100,28,0.47
2026-06-11 00:22:14,99,100,1.67
2026-06-11 00:22:14,17,58,0.97
2026-06-11 00:22:14,125,69,1.15
2026-06-11 00:22:14,44,54,0.9
2026-06-11 00:22:14,141,41,0.68
2026-06-11 00:22:14,71,41,0.68
2026-06-11 00:22:14,45,26,0.43
2026-06-11 00:22:14,170,40,0.67
2026-06-11 00:22:14,92,222,3.7
2026-06-11 00:22:14,139,91,1.52
2026-06-11 00:22:14,79,60,1.0
2026-06-11 00:22:14,186,60,1.0
2026-06-11 00:22:14,166,57,0.95
2026-06-11 00:22:14,67,65,1.08
2026-06-11 00:22:14,747,398,6.63
2026-06-11 00:22:14,56,40,0.67
2026-06-11 00:22:14,209,34,0.57
2026-06-11 00:23:15,68,39,0.65
2026-06-11 00:23:15,124,24,0.4
2026-06-11 00:23:15,136,36,0.6
2026-06-11 00:23:15,37,48,0.8
2026-06-11 00:23:15,54,53,0.88
2026-06-11 00:23:15,198,85,1.42
2026-06-11 00:23:15,230,23,0.38
2026-06-11 00:23:15,136,63,1.05
2026-06-11 00:23:15,32,20,0.33
2026-06-11 00:23:15,187,23,0.38
2026-06-11 00:23:15,411,17,0.28
2026-06-11 00:23:15,85,38,0.63
2026-06-11 00:23:15,209,34,0.57
2026-06-11 00:23:15,185,45,0.75
2026-06-11 00:23:15,496,104,1.73
2026-06-11 00:23:15,193,86,1.43
2026-06-11 00:23:15,193,19,0.32
2026-06-11 00:23:15,127,43,0.72
2026-06-11 00:23:15,112,19,0.32
2026-06-11 00:23:15,164,33,0.55
2026-06-11 00:23:15,777,44,0.73
2026-06-11 00:23:15,747,158,2.63
2026-06-11 00:23:15,174,420,7.0
2026-06-11 00:23:15,129,44,0.73
2026-06-11 00:23:15,90,16,0.27
2026-06-11 00:23:15,144,49,0.82
2026-06-11 00:23:15,144,49,0.82
2026-06-11 00:23:15,104,55,0.92
2026-06-11 00:23:15,350,32,0.53
2026-06-11 00:23:15,230,50,0.83
2026-06-11 00:23:15,64,77,1.28
2026-06-11 00:23:15,180,103,1.72
2026-06-11 00:23:15,125,51,0.85
2026-06-11 00:23:15,195,151,2.52
2026-06-11 00:23:15,161,23,0.38
2026-06-11 00:23:15,34,42,0.7
2026-06-11 00:23:15,44,54,0.9
2026-06-11 00:23:15,67,55,0.92
2026-06-11 00:23:15,43,59,0.98
2026-06-11 00:23:15,71,41,0.68
2026-06-11 00:23:15,168,52,0.87
2026-06-11 00:23:15,112,45,0.75
2026-06-11 00:23:15,171,49,0.82
2026-06-11 00:23:15,48,47,0.78
2026-06-11 00:23:15,38,64,1.07
2026-06-11 00:23:15,66,30,0.5
2026-06-11 00:23:15,79,84,1.4
2026-06-11 00:23:23,36,180,3.0
2026-06-11 00:23:23,79,20,0.33
2026-06-11 00:23:23,136,63,1.05
2026-06-11 00:23:23,32,20,0.33
2026-06-11 00:23:23,186,50,0.83
2026-06-11 00:23:23,11,64,1.07
2026-06-11 00:23:23,97,45,0.75
2026-06-11 00:23:23,439,116,1.93
2026-06-11 00:23:23,45,50,0.83
2026-06-11 00:23:23,195,29,0.48
2026-06-11 00:23:23,56,115,1.92
2026-06-11 00:23:23,140,26,0.43
2026-06-11 00:23:23,141,29,0.48
2026-06-11 00:23:23,129,60,1.0
2026-06-11 00:23:23,57,33,0.55
2026-06-11 00:23:23,363,67,1.12
2026-06-11 00:23:23,125,75,1.25
2026-06-11 00:23:23,47,67,1.12
2026-06-11 00:23:23,198,249,4.15
2026-06-11 00:23:23,93,111,1.85
2026-06-11 00:23:23,57,57,0.95
2026-06-11 00:23:23,131,80,1.33
2026-06-11 00:23:23,187,48,0.8
2026-06-11 00:23:23,496,84,1.4
2026-06-11 00:23:23,105,44,0.73
2026-06-11 00:23:23,125,51,0.85
2026-06-11 00:23:23,376,9,0.15
2026-06-11 00:23:23,10,34,0.57
2026-06-11 00:23:23,150,59,0.98
2026-06-11 00:23:23,102,121,2.02
2026-06-11 00:23:23,71,41,0.68
2026-06-11 00:23:23,64,52,0.87
2026-06-11 00:23:23,170,40,0.67
2026-06-11 00:23:23,113,71,1.18
2026-06-11 00:23:23,18,68,1.13
2026-06-11 00:23:23,90,16,0.27
2026-06-11 00:23:23,18,181,3.02
2026-06-11 00:23:23,747,398,6.63
2026-06-11 00:23:23,496,36,0.6
2026-06-11 00:24:16,496,127,2.12
2026-06-11 00:24:16,10,49,0.82
2026-06-11 00:24:16,102,46,0.77
2026-06-11 00:24:16,57,33,0.55
2026-06-11 00:24:16,211,47,0.78
2026-06-11 00:24:16,164,25,0.42
2026-06-11 00:24:16,205,50,0.83
2026-06-11 00:24:16,361,59,0.98
2026-06-11 00:24:16,139,89,1.48
2026-06-11 00:24:16,192,40,0.67
2026-06-11 00:24:16,28,43,0.72
2026-06-11 00:24:16,189,24,0.4
2026-06-11 00:24:16,121,48,0.8
2026-06-11 00:24:16,209,240,4.0
2026-06-11 00:24:16,54,53,0.88
2026-06-11 00:24:16,192,49,0.82
2026-06-11 00:24:16,168,44,0.73
2026-06-11 00:24:16,104,55,0.92
2026-06-11 00:24:16,198,51,0.85
2026-06-11 00:24:16,100,149,2.48
2026-06-11 00:24:16,161,184,3.07
2026-06-11 00:24:16,124,17,0.28
2026-06-11 00:24:16,121,37,0.62
2026-06-11 00:24:16,164,113,1.88
2026-06-11 00:24:16,104,120,2.0
2026-06-11 00:24:16,141,41,0.68
2026-06-11 00:24:16,170,51,0.85
2026-06-11 00:24:16,93,72,1.2
2026-06-11 00:24:16,192,33,0.55
2026-06-11 00:24:16,777,145,2.42
2026-06-11 00:24:16,144,49,0.82
2026-06-11 00:24:16,64,52,0.87
2026-06-11 00:24:16,363,67,1.12
2026-06-11 00:24:16,350,32,0.53
2026-06-11 00:24:16,230,50,0.83
2026-06-11 00:24:16,356,60,1.0
2026-06-11 00:24:16,103,72,1.2
2026-06-11 00:24:16,24,44,0.73
2026-06-11 00:24:16,80,84,1.4
2026-06-11 00:24:16,86,35,0.58
2026-06-11 00:24:16,361,50,0.83
2026-06-11 00:24:16,215,126,2.1
2026-06-11 00:24:16,107,20,0.33
2026-06-11 00:24:16,34,42,0.7
2026-06-11 00:24:16,17,40,0.67
2026-06-11 00:24:16,177,35,0.58
2026-06-11 00:24:16,123,18,0.3
2026-06-11 00:24:16,48,104,1.73
2026-06-11 00:24:16,198,95,1.58
2026-06-11 00:24:16,18,68,1.13
2026-06-11 00:24:16,207,162,2.7
2026-06-11 00:25:17,18,34,0.57
2026-06-11 00:25:17,33,36,0.6
2026-06-11 00:25:17,136,91,1.52
2026-06-11 00:25:17,168,40,0.67
2026-06-11 00:25:17,92,27,0.45
2026-06-11 00:25:17,86,36,0.6
2026-06-11 00:25:17,141,15,0.25
2026-06-11 00:25:17,33,38,0.63
2026-06-11 00:25:17,44,18,0.3
2026-06-11 00:25:17,110,26,0.43
2026-06-11 00:25:17,112,22,0.37
2026-06-11 00:25:17,100,14,0.23
2026-06-11 00:25:17,230,49,0.82
2026-06-11 00:25:17,172,60,1.0
2026-06-11 00:25:17,139,89,1.48
2026-06-11 00:25:17,24,52,0.87
2026-06-11 00:25:17,18,47,0.78
2026-06-11 00:25:17,777,145,2.42
2026-06-11 00:25:17,29,24,0.4
2026-06-11 00:25:17,136,43,0.72
2026-06-11 00:25:17,747,900,15.0
2026-06-11 00:25:17,141,29,0.48
2026-06-11 00:25:17,10,20,0.33
2026-06-11 00:25:17,193,54,0.9
2026-06-11 00:25:17,45,37,0.62
2026-06-11 00:25:17,28,157,2.62
2026-06-11 00:25:17,71,61,1.02
2026-06-11 00:25:17,189,62,1.03
2026-06-11 00:25:17,209,240,4.0
2026-06-11 00:25:17,161,41,0.68
2026-06-11 00:25:17,363,24,0.4
2026-06-11 00:25:17,51,23,0.38
2026-06-11 00:25:17,140,120,2.0
2026-06-11 00:25:17,353,42,0.7
2026-06-11 00:25:17,27,93,1.55
2026-06-11 00:25:17,51,39,0.65
2026-06-11 00:25:17,33,32,0.53
2026-06-11 00:25:17,161,184,3.07
2026-06-11 00:25:17,187,107,1.78
2026-06-11 00:25:17,106,115,1.92
2026-06-11 00:25:17,17,58,0.97
2026-06-11 00:25:17,197,78,1.3
2026-06-11 00:25:17,186,56,0.93
2026-06-11 00:25:17,177,35,0.58
2026-06-11 00:25:17,80,40,0.67
2026-06-11 00:25:17,170,40,0.67
2026-06-11 00:25:17,38,360,6.0
2026-06-11 00:26:18,33,54,0.9
2026-06-11 00:26:18,29,41,0.68
2026-06-11 00:26:18,49,123,2.05
2026-06-11 00:26:18,187,70,1.17
2026-06-11 00:26:18,193,36,0.6
2026-06-11 00:26:18,439,135,2.25
2026-06-11 00:26:18,162,27,0.45
2026-06-11 00:26:18,36,32,0.53
2026-06-11 00:26:18,202,38,0.63
2026-06-11 00:26:18,179,23,0.38
2026-06-11 00:26:18,34,77,1.28
2026-06-11 00:26:18,140,38,0.63
2026-06-11 00:26:18,125,68,1.13
2026-06-11 00:26:18,197,22,0.37
2026-06-11 00:26:18,187,48,0.8
2026-06-11 00:26:18,57,88,1.47
2026-06-11 00:26:18,64,52,0.87
2026-06-11 00:26:18,202,27,0.45
2026-06-11 00:26:18,44,54,0.9
2026-06-11 00:26:18,48,122,2.03
2026-06-11 00:26:18,104,17,0.28
2026-06-11 00:26:18,193,54,0.9
2026-06-11 00:26:18,207,27,0.45
2026-06-11 00:26:18,79,92,1.53
2026-06-11 00:26:18,104,55,0.92
2026-06-11 00:26:18,90,16,0.27
2026-06-11 00:26:18,11,14,0.23
2026-06-11 00:26:18,93,72,1.2
2026-06-11 00:26:18,359,21,0.35
2026-06-11 00:26:18,140,111,1.85
2026-06-11 00:26:18,138,55,0.92
2026-06-11 00:26:18,104,17,0.28
2026-06-11 00:26:18,211,60,1.0
2026-06-11 00:26:18,136,66,1.1
2026-06-11 00:26:18,131,80,1.33
2026-06-11 00:26:18,139,91,1.52
2026-06-11 00:26:18,48,104,1.73
2026-06-11 00:26:18,86,35,0.58
2026-06-11 00:26:18,95,34,0.57
2026-06-11 00:26:18,107,20,0.33
2026-06-11 00:26:18,90,60,1.0
2026-06-11 00:26:18,141,41,0.68
2026-06-11 00:26:18,61,145,2.42
2026-06-11 00:26:18,71,96,1.6
2026-06-11 00:26:18,125,137,2.28
2026-06-11 00:26:18,93,72,1.2
2026-06-11 00:26:18,48,104,1.73
2026-06-11 00:26:18,138,55,0.92
2026-06-11 00:27:19,160,69,1.15
2026-06-11 00:27:19,103,44,0.73
2026-06-11 00:27:19,22,18,0.3
2026-06-11 00:27:19,104,17,0.28
2026-06-11 00:27:19,34,59,0.98
2026-06-11 00:27:19,139,26,0.43
2026-06-11 00:27:19,67,67,1.12
2026-06-11 00:27:19,128,37,0.62
2026-06-11 00:27:19,68,60,1.0
2026-06-11 00:27:19,104,17,0.28
2026-06-11 00:27:19,211,128,2.13
2026-06-11 00:27:19,128,61,1.02
2026-06-11 00:27:19,33,47,0.78
2026-06-11 00:27:19,204,29,0.48
2026-06-11 00:27:19,168,44,0.73
2026-06-11 00:27:19,747,900,15.0
2026-06-11 00:27:19,28,67,1.12
2026-06-11 00:27:19,197,106,1.77
2026-06-11 00:27:19,162,27,0.45
2026-06-11 00:27:19,138,55,0.92
2026-06-11 00:27:19,215,109,1.82
2026-06-11 00:27:19,193,54,0.9
2026-06-11 00:27:19,195,151,2.52
2026-06-11 00:27:19,64,112,1.87
2026-06-11 00:27:19,161,36,0.6
2026-06-11 00:27:19,43,19,0.32
2026-06-11 00:27:19,68,77,1.28
2026-06-11 00:27:19,144,49,0.82
2026-06-11 00:27:19,10,49,0.82
2026-06-11 00:27:19,105,94,1.57
2026-06-11 00:27:19,32,69,1.15
2026-06-11 00:27:19,54,32,0.53
2026-06-11 00:27:19,10,34,0.57
2026-06-11 00:27:19,34,42,0.7
2026-06-11 00:27:19,44,70,1.17
2026-06-11 00:27:19,141,41,0.68
2026-06-11 00:27:19,61,145,2.42
2026-06-11 00:27:19,28,16,0.27
2026-06-11 00:27:19,108,47,0.78
2026-06-11 00:27:19,170,40,0.67
2026-06-11 00:27:19,38,360,6.0
2026-06-11 00:27:19,94,48,0.8
2026-06-11 00:33:25,32,52,0.87
2026-06-11 00:33:25,129,36,0.6
2026-06-11 00:33:25,69,59,0.98
2026-06-11 00:33:25,92,145,2.42
2026-06-11 00:33:25,32,31,0.52
2026-06-11 00:33:25,95,21,0.35
2026-06-11 00:33:25,86,18,0.3
2026-06-11 00:33:25,57,58,0.97
2026-06-11 00:33:25,123,64,1.07
2026-06-11 00:33:25,187,27,0.45
2026-06-11 00:33:25,172,18,0.3
2026-06-11 00:33:25,95,52,0.87
2026-06-11 00:33:25,31,31,0.52
2026-06-11 00:33:25,24,53,0.88
2026-06-11 00:33:25,170,38,0.63
2026-06-11 00:33:25,138,20,0.33
2026-06-11 00:33:25,104,17,0.28
2026-06-11 00:33:25,121,37,0.62
2026-06-11 00:33:25,38,91,1.52
2026-06-11 00:33:25,195,41,0.68
2026-06-11 00:33:25,439,71,1.18
2026-06-11 00:33:25,45,80,1.33
2026-06-11 00:33:25,54,90,1.5
2026-06-11 00:33:25,61,38,0.63
2026-06-11 00:33:25,107,54,0.9
2026-06-11 00:33:25,112,45,0.75
2026-06-11 00:33:25,197,78,1.3
2026-06-11 00:33:25,747,900,15.0
2026-06-11 00:33:25,162,68,1.13
2026-06-11 00:33:25,113,38,0.63
2026-06-11 00:33:25,179,38,0.63
2026-06-11 00:33:25,64,77,1.28
2026-06-11 00:33:25,139,91,1.52
2026-06-11 00:33:25,110,134,2.23
2026-06-11 00:33:25,136,66,1.1
2026-06-11 00:33:25,97,31,0.52
2026-06-11 00:33:25,166,60,1.0
2026-06-11 00:33:25,136,66,1.1
2026-06-11 00:33:25,103,72,1.2
2026-06-11 00:33:25,192,30,0.5
2026-06-11 00:33:25,106,115,1.92
2026-06-11 00:33:25,376,9,0.15
2026-06-11 00:33:25,97,155,2.58
2026-06-11 00:33:25,67,42,0.7
2026-06-11 00:33:25,110,16,0.27
2026-06-11 00:33:25,108,33,0.55
2026-06-11 00:33:25,28,16,0.27
2026-06-11 00:33:25,177,35,0.58
2026-06-11 00:33:25,185,53,0.88
2026-06-11 00:33:25,125,137,2.28
2026-06-11 00:33:25,47,82,1.37
2026-06-11 00:34:26,166,30,0.5
2026-06-11 00:34:26,358,43,0.72
2026-06-11 00:34:26,104,17,0.28
2026-06-11 00:34:26,138,40,0.67
2026-06-11 00:34:26,43,60,1.0
2026-06-11 00:34:26,69,40,0.67
2026-06-11 00:34:26,86,25,0.42
2026-06-11 00:34:26,86,32,0.53
2026-06-11 00:34:26,208,31,0.52
2026-06-11 00:34:26,99,33,0.55
2026-06-11 00:34:26,171,28,0.47
2026-06-11 00:34:26,45,80,1.33
2026-06-11 00:34:26,49,60,1.0
2026-06-11 00:34:26,57,30,0.5
2026-06-11 00:34:26,209,67,1.12
2026-06-11 00:34:26,85,26,0.43
2026-06-11 00:34:26,47,82,1.37
2026-06-11 00:34:26,496,857,14.28
2026-06-11 00:34:26,212,92,1.53
2026-06-11 00:34:26,121,55,0.92
2026-06-11 00:34:26,197,45,0.75
2026-06-11 00:34:26,32,57,0.95
2026-06-11 00:34:26,193,54,0.9
2026-06-11 00:34:26,141,41,0.68
2026-06-11 00:34:26,102,51,0.85
2026-06-11 00:34:26,353,42,0.7
2026-06-11 00:34:26,51,39,0.65
2026-06-11 00:34:26,103,72,1.2
2026-06-11 00:34:26,95,54,0.9
2026-06-11 00:34:26,172,54,0.9
2026-06-11 00:34:26,17,58,0.97
2026-06-11 00:34:26,29,45,0.75
2026-06-11 00:34:26,90,60,1.0
2026-06-11 00:35:27,139,55,0.92
2026-06-11 00:35:27,215,26,0.43
2026-06-11 00:35:27,68,58,0.97
2026-06-11 00:35:27,48,132,2.2
2026-06-11 00:35:27,166,41,0.68
2026-06-11 00:35:27,215,45,0.75
2026-06-11 00:35:27,54,38,0.63
2026-06-11 00:35:27,193,34,0.57
2026-06-11 00:35:27,51,48,0.8
2026-06-11 00:35:27,80,31,0.52
2026-06-11 00:35:27,43,43,0.72
2026-06-11 00:35:27,103,37,0.62
2026-06-11 00:35:27,361,69,1.15
2026-06-11 00:35:27,359,21,0.35
2026-06-11 00:35:27,28,43,0.72
2026-06-11 00:35:27,36,82,1.37
2026-06-11 00:35:27,209,20,0.33
2026-06-11 00:35:27,61,85,1.42
2026-06-11 00:35:27,57,161,2.68
2026-06-11 00:35:27,32,43,0.72
2026-06-11 00:35:27,110,27,0.45
2026-06-11 00:35:27,18,55,0.92
2026-06-11 00:35:27,51,58,0.97
2026-06-11 00:35:27,93,28,0.47
2026-06-11 00:35:27,180,127,2.12
2026-06-11 00:35:27,359,21,0.35
2026-06-11 00:35:27,439,118,1.97
2026-06-11 00:35:27,496,857,14.28
2026-06-11 00:35:27,747,900,15.0
2026-06-11 00:35:27,113,38,0.63
2026-06-11 00:35:27,230,184,3.07
2026-06-11 00:35:27,32,57,0.95
2026-06-11 00:35:27,32,69,1.15
2026-06-11 00:35:27,189,62,1.03
2026-06-11 00:35:27,48,104,1.73
2026-06-11 00:35:27,368,27,0.45
2026-06-11 00:35:27,48,104,1.73
2026-06-11 00:35:27,38,64,1.07
2026-06-11 00:35:27,350,57,0.95
2026-06-11 00:35:27,104,17,0.28
2026-06-11 00:35:27,136,13,0.22
2026-06-11 00:35:27,103,72,1.2
2026-06-11 00:35:27,496,84,1.4
2026-06-11 00:35:27,105,44,0.73
2026-06-11 00:35:27,100,28,0.47
2026-06-11 00:35:27,106,115,1.92
2026-06-11 00:35:27,95,34,0.57
2026-06-11 00:35:27,29,45,0.75
2026-06-11 00:35:27,28,16,0.27
2026-06-11 00:37:21,171,51,0.85
2026-06-11 00:37:21,64,53,0.88
2026-06-11 00:37:21,125,117,1.95
2026-06-11 00:37:21,33,88,1.47
2026-06-11 00:37:21,79,48,0.8
2026-06-11 00:37:21,68,69,1.15
2026-06-11 00:37:21,363,40,0.67
2026-06-11 00:37:21,358,17,0.28
2026-06-11 00:37:21,185,30,0.5
2026-06-11 00:37:21,138,38,0.63
2026-06-11 00:37:21,80,24,0.4
2026-06-11 00:37:21,361,61,1.02
2026-06-11 00:37:21,18,74,1.23
2026-06-11 00:37:21,186,47,0.78
2026-06-11 00:37:21,31,41,0.68
2026-06-11 00:37:21,209,31,0.52
2026-06-11 00:37:21,85,62,1.03
2026-06-11 00:37:21,136,18,0.3
2026-06-11 00:37:21,112,59,0.98
2026-06-11 00:37:21,439,115,1.92
2026-06-11 00:37:21,69,28,0.47
2026-06-11 00:37:21,10,122,2.03
2026-06-11 00:37:21,144,49,0.82
2026-06-11 00:37:21,64,77,1.28
2026-06-11 00:37:21,172,60,1.0
2026-06-11 00:37:21,198,249,4.15
2026-06-11 00:37:21,378,225,3.75
2026-06-11 00:37:21,209,79,1.32
2026-06-11 00:37:21,370,26,0.43
2026-06-11 00:37:21,131,18,0.3
2026-06-11 00:37:21,357,47,0.78
2026-06-11 00:37:21,350,57,0.95
2026-06-11 00:37:21,189,83,1.38
2026-06-11 00:37:21,141,41,0.68
2026-06-11 00:37:21,93,111,1.85
2026-06-11 00:37:21,180,103,1.72
2026-06-11 00:37:21,80,84,1.4
2026-06-11 00:37:21,49,106,1.77
2026-06-11 00:37:21,160,50,0.83
2026-06-11 00:37:21,100,52,0.87
2026-06-11 00:37:29,51,48,0.8
2026-06-11 00:37:29,43,39,0.65
2026-06-11 00:37:29,103,46,0.77
2026-06-11 00:37:29,189,15,0.25
2026-06-11 00:37:29,193,16,0.27
2026-06-11 00:37:29,80,24,0.4
2026-06-11 00:37:29,198,45,0.75
2026-06-11 00:37:29,51,56,0.93
2026-06-11 00:37:29,24,39,0.65
2026-06-11 00:37:29,28,58,0.97
2026-06-11 00:37:29,57,14,0.23
2026-06-11 00:37:29,180,127,2.12
2026-06-11 00:37:29,67,45,0.75
2026-06-11 00:37:29,180,49,0.82
2026-06-11 00:37:29,57,42,0.7
2026-06-11 00:37:29,66,36,0.6
2026-06-11 00:37:29,90,24,0.4
2026-06-11 00:37:29,359,21,0.35
2026-06-11 00:37:29,22,68,1.13
2026-06-11 00:37:29,61,145,2.42
2026-06-11 00:37:29,747,900,15.0
2026-06-11 00:37:29,369,210,3.5
2026-06-11 00:37:29,54,43,0.72
2026-06-11 00:37:29,215,126,2.1
2026-06-11 00:37:29,102,121,2.02
2026-06-11 00:37:29,138,55,0.92
2026-06-11 00:37:29,187,107,1.78
2026-06-11 00:37:29,93,72,1.2
2026-06-11 00:37:29,192,33,0.55
2026-06-11 00:37:29,353,42,0.7
2026-06-11 00:37:29,10,49,0.82
2026-06-11 00:37:29,47,67,1.12
2026-06-11 00:37:29,166,60,1.0
2026-06-11 00:37:29,141,41,0.68
2026-06-11 00:37:29,195,143,2.38
2026-06-11 00:37:29,364,16,0.27
2026-06-11 00:37:29,192,30,0.5
2026-06-11 00:37:29,28,27,0.45
2026-06-11 00:37:29,172,60,1.0
2026-06-11 00:37:29,361,50,0.83
2026-06-11 00:37:29,161,23,0.38
2026-06-11 00:37:29,44,70,1.17
2026-06-11 00:37:29,179,64,1.07
2026-06-11 00:37:45,94,14,0.23
2026-06-11 00:37:45,195,30,0.5
2026-06-11 00:37:45,125,60,1.0
2026-06-11 00:37:45,162,41,0.68
2026-06-11 00:37:45,90,18,0.3
2026-06-11 00:37:45,97,12,0.2
2026-06-11 00:37:45,57,35,0.58
2026-06-11 00:37:45,138,61,1.02
2026-06-11 00:37:45,170,99,1.65
2026-06-11 00:37:45,215,52,0.87
2026-06-11 00:37:45,202,35,0.58
2026-06-11 00:37:45,198,53,0.88
2026-06-11 00:37:45,57,14,0.23
2026-06-11 00:37:45,92,32,0.53
2026-06-11 00:37:45,94,112,1.87
2026-06-11 00:37:45,10,34,0.57
2026-06-11 00:37:45,192,33,0.55
2026-06-11 00:37:45,359,21,0.35
2026-06-11 00:37:45,32,57,0.95
2026-06-11 00:37:45,79,84,1.4
2026-06-11 00:37:45,376,720,12.0
2026-06-11 00:37:45,212,92,1.53
2026-06-11 00:37:45,371,17,0.28
2026-06-11 00:37:45,197,45,0.75
2026-06-11 00:37:45,139,91,1.52
2026-06-11 00:37:45,110,134,2.23
2026-06-11 00:37:45,195,151,2.52
2026-06-11 00:37:45,356,37,0.62
2026-06-11 00:37:45,209,79,1.32
2026-06-11 00:37:45,43,19,0.32
2026-06-11 00:37:45,171,120,2.0
2026-06-11 00:37:45,144,49,0.82
2026-06-11 00:37:45,140,111,1.85
2026-06-11 00:37:45,104,55,0.92
2026-06-11 00:37:45,27,93,1.55
2026-06-11 00:37:45,164,19,0.32
2026-06-11 00:37:45,105,44,0.73
2026-06-11 00:37:45,54,32,0.53
2026-06-11 00:37:45,172,54,0.9
2026-06-11 00:38:30,195,32,0.53
2026-06-11 00:38:30,67,45,0.75
2026-06-11 00:38:30,160,44,0.73
2026-06-11 00:38:30,363,47,0.78
2026-06-11 00:38:30,100,27,0.45
2026-06-11 00:38:30,129,91,1.52
2026-06-11 00:38:30,187,54,0.9
2026-06-11 00:38:30,94,48,0.8
2026-06-11 00:38:30,49,78,1.3
2026-06-11 00:38:30,45,38,0.63
2026-06-11 00:38:30,86,44,0.73
2026-06-11 00:38:30,49,34,0.57
2026-06-11 00:38:30,38,48,0.8
2026-06-11 00:38:30,198,40,0.67
2026-06-11 00:38:30,186,68,1.13
2026-06-11 00:38:30,80,31,0.52
2026-06-11 00:38:30,104,11,0.18
2026-06-11 00:38:30,439,124,2.07
2026-06-11 00:38:30,24,62,1.03
2026-06-11 00:38:30,131,20,0.33
2026-06-11 00:38:30,361,56,0.93
2026-06-11 00:38:30,104,55,0.92
2026-06-11 00:38:30,364,16,0.27
2026-06-11 00:38:30,104,17,0.28
2026-06-11 00:38:30,439,48,0.8
2026-06-11 00:38:30,94,37,0.62
2026-06-11 00:38:30,353,24,0.4
2026-06-11 00:38:30,359,21,0.35
2026-06-11 00:38:30,86,35,0.58
2026-06-11 00:38:30,376,720,12.0
2026-06-11 00:38:30,777,39,0.65
2026-06-11 00:38:30,187,107,1.78
2026-06-11 00:38:30,131,18,0.3
2026-06-11 00:38:30,48,104,1.73
2026-06-11 00:38:30,90,16,0.27
2026-06-11 00:38:30,171,49,0.82
2026-06-11 00:38:30,170,51,0.85
2026-06-11 00:38:30,33,32,0.53
2026-06-11 00:38:30,411,256,4.27
2026-06-11 00:38:30,161,23,0.38
2026-06-11 00:39:31,68,29,0.48
2026-06-11 00:39:31,136,77,1.28
2026-06-11 00:39:31,140,44,0.73
2026-06-11 00:39:31,189,43,0.72
2026-06-11 00:39:31,51,53,0.88
2026-06-11 00:39:31,193,45,0.75
2026-06-11 00:39:31,104,1,0.02
2026-06-11 00:39:31,186,69,1.15
2026-06-11 00:39:31,205,33,0.55
2026-06-11 00:39:31,168,38,0.63
2026-06-11 00:39:31,18,86,1.43
2026-06-11 00:39:31,166,78,1.3
2026-06-11 00:39:31,92,145,2.42
2026-06-11 00:39:31,202,20,0.33
2026-06-11 00:39:31,54,44,0.73
2026-06-11 00:39:31,104,55,0.92
2026-06-11 00:39:31,48,176,2.93
2026-06-11 00:39:31,439,88,1.47
2026-06-11 00:39:31,104,55,0.92
2026-06-11 00:39:31,24,180,3.0
2026-06-11 00:39:31,80,38,0.63
2026-06-11 00:39:31,364,16,0.27
2026-06-11 00:39:31,439,48,0.8
2026-06-11 00:39:31,94,37,0.62
2026-06-11 00:39:31,215,126,2.1
2026-06-11 00:39:31,61,145,2.42
2026-06-11 00:39:31,358,118,1.97
2026-06-11 00:39:31,197,45,0.75
2026-06-11 00:39:31,64,77,1.28
2026-06-11 00:39:31,215,126,2.1
2026-06-11 00:39:31,43,19,0.32
2026-06-11 00:39:31,162,27,0.45
2026-06-11 00:39:31,102,51,0.85
2026-06-11 00:39:31,353,42,0.7
2026-06-11 00:39:31,80,40,0.67
2026-06-11 00:39:31,170,51,0.85
2026-06-11 00:39:31,230,50,0.83
2026-06-11 00:39:31,10,49,0.82
2026-06-11 00:39:31,47,67,1.12
2026-06-11 00:39:31,189,83,1.38
2026-06-11 00:39:31,93,111,1.85
2026-06-11 00:39:31,195,143,2.38
2026-06-11 00:39:31,106,115,1.92
2026-06-11 00:39:31,34,71,1.18
2026-06-11 00:40:00,202,27,0.45
2026-06-11 00:40:00,193,51,0.85
2026-06-11 00:40:00,79,30,0.5
2026-06-11 00:40:00,164,34,0.57
2026-06-11 00:40:00,49,36,0.6
2026-06-11 00:40:00,43,43,0.72
2026-06-11 00:40:00,79,36,0.6
2026-06-11 00:40:00,10,19,0.32
2026-06-11 00:40:00,61,20,0.33
2026-06-11 00:40:00,186,25,0.42
2026-06-11 00:40:00,198,71,1.18
2026-06-11 00:40:00,51,18,0.3
2026-06-11 00:40:00,139,41,0.68
2026-06-11 00:40:00,198,50,0.83
2026-06-11 00:40:00,68,29,0.48
2026-06-11 00:40:00,138,64,1.07
2026-06-11 00:40:00,45,37,0.62
2026-06-11 00:40:00,777,39,0.65
2026-06-11 00:40:00,33,35,0.58
2026-06-11 00:40:00,94,48,0.8
2026-06-11 00:40:00,49,78,1.3
2026-06-11 00:40:00,110,32,0.53
2026-06-11 00:40:00,129,44,0.73
2026-06-11 00:40:00,362,22,0.37
2026-06-11 00:40:00,97,31,0.52
2026-06-11 00:40:00,197,78,1.3
2026-06-11 00:40:00,747,900,15.0
2026-06-11 00:40:00,144,49,0.82
2026-06-11 00:40:00,371,58,0.97
2026-06-11 00:40:00,54,43,0.72
2026-06-11 00:40:00,114,33,0.55
2026-06-11 00:40:00,138,55,0.92
2026-06-11 00:40:00,121,55,0.92
2026-06-11 00:40:00,162,68,1.13
2026-06-11 00:40:00,198,95,1.58
2026-06-11 00:40:00,358,77,1.28
2026-06-11 00:40:00,361,69,1.15
2026-06-11 00:40:00,170,51,0.85
2026-06-11 00:40:00,230,50,0.83
2026-06-11 00:40:00,64,77,1.28
2026-06-11 00:40:00,57,57,0.95
2026-06-11 00:40:00,24,44,0.73
2026-06-11 00:40:00,28,27,0.45
2026-06-11 00:40:32,86,59,0.98
2026-06-11 00:40:32,113,89,1.48
2026-06-11 00:40:32,86,17,0.28
2026-06-11 00:40:32,45,78,1.3
2026-06-11 00:40:32,48,49,0.82
2026-06-11 00:40:32,180,30,0.5
2026-06-11 00:40:32,54,53,0.88
2026-06-11 00:40:32,125,60,1.0
2026-06-11 00:40:32,139,39,0.65
2026-06-11 00:40:32,162,57,0.95
2026-06-11 00:40:32,139,79,1.32
2026-06-11 00:40:32,29,45,0.75
2026-06-11 00:40:32,110,134,2.23
2026-06-11 00:40:32,777,145,2.42
2026-06-11 00:40:32,110,16,0.27
2026-06-11 00:40:32,359,21,0.35
2026-06-11 00:40:32,105,94,1.57
2026-06-11 00:40:32,496,127,2.12
2026-06-11 00:40:32,187,48,0.8
2026-06-11 00:40:32,18,181,3.02
2026-06-11 00:40:32,102,121,2.02
2026-06-11 00:40:32,195,151,2.52
2026-06-11 00:40:32,192,33,0.55
2026-06-11 00:40:32,38,360,6.0
2026-06-11 00:40:32,102,51,0.85
2026-06-11 00:40:32,363,67,1.12
2026-06-11 00:40:32,164,19,0.32
2026-06-11 00:40:32,33,32,0.53
2026-06-11 00:40:32,136,66,1.1
2026-06-11 00:40:32,80,84,1.4
2026-06-11 00:40:32,49,106,1.77
2026-06-11 00:41:34,11,19,0.32
2026-06-11 00:41:34,103,26,0.43
2026-06-11 00:41:34,51,73,1.22
2026-06-11 00:41:34,51,19,0.32
2026-06-11 00:41:34,185,41,0.68
2026-06-11 00:41:34,192,61,1.02
2026-06-11 00:41:34,166,29,0.48
2026-06-11 00:41:34,162,66,1.1
2026-06-11 00:41:34,215,37,0.62
2026-06-11 00:41:34,92,225,3.75
2026-06-11 00:41:34,69,64,1.07
2026-06-11 00:41:34,202,17,0.28
2026-06-11 00:41:34,138,55,0.92
2026-06-11 00:41:34,107,22,0.37
2026-06-11 00:41:34,136,59,0.98
2026-06-11 00:41:34,57,57,0.95
2026-06-11 00:41:34,17,36,0.6
2026-06-11 00:41:34,94,37,0.62
2026-06-11 00:41:34,356,60,1.0
2026-06-11 00:41:34,356,60,1.0
2026-06-11 00:41:34,43,59,0.98
2026-06-11 00:41:34,364,16,0.27
2026-06-11 00:41:34,79,60,1.0
2026-06-11 00:41:34,171,120,2.0
2026-06-11 00:41:34,18,181,3.02
2026-06-11 00:41:34,43,19,0.32
2026-06-11 00:41:34,49,106,1.77
2026-06-11 00:41:34,166,60,1.0
2026-06-11 00:41:34,195,143,2.38
2026-06-11 00:41:34,193,43,0.72
2026-06-11 00:41:34,54,32,0.53
2026-06-11 00:41:34,100,28,0.47
2026-06-11 00:41:34,17,58,0.97
2026-06-11 00:41:34,100,52,0.87
2026-06-11 00:42:34,66,32,0.53
2026-06-11 00:42:34,439,125,2.08
2026-06-11 00:42:34,230,23,0.38
2026-06-11 00:42:34,54,42,0.7
2026-06-11 00:42:34,107,38,0.63
2026-06-11 00:42:34,48,120,2.0
2026-06-11 00:42:34,94,35,0.58
2026-06-11 00:42:34,18,93,1.55
2026-06-11 00:42:34,230,77,1.28
2026-06-11 00:42:34,110,21,0.35
2026-06-11 00:42:34,140,45,0.75
2026-06-11 00:42:34,67,59,0.98
2026-06-11 00:42:34,43,36,0.6
2026-06-11 00:42:34,102,48,0.8
2026-06-11 00:42:34,209,57,0.95
2026-06-11 00:42:34,79,15,0.25
2026-06-11 00:42:34,44,76,1.27
2026-06-11 00:42:34,71,52,0.87
2026-06-11 00:42:34,140,34,0.57
2026-06-11 00:42:34,185,38,0.63
2026-06-11 00:42:34,170,20,0.33
2026-06-11 00:42:34,160,101,1.68
2026-06-11 00:42:34,29,45,0.75
2026-06-11 00:42:34,355,67,1.12
2026-06-11 00:42:34,43,59,0.98
2026-06-11 00:42:34,162,68,1.13
2026-06-11 00:42:34,358,77,1.28
2026-06-11 00:42:34,106,115,1.92
2026-06-11 00:42:34,121,55,0.92
2026-06-11 00:42:34,164,108,1.8
2026-06-11 00:42:34,361,59,0.98
2026-06-11 00:42:34,358,77,1.28
2026-06-11 00:42:34,350,32,0.53
2026-06-11 00:42:34,186,60,1.0
2026-06-11 00:42:34,411,1020,17.0
2026-06-11 00:42:34,364,16,0.27
2026-06-11 00:43:36,141,79,1.32
2026-06-11 00:43:36,187,40,0.67
2026-06-11 00:43:36,106,62,1.03
2026-06-11 00:43:36,165,22,0.37
2026-06-11 00:43:36,215,39,0.65
2026-06-11 00:43:36,61,37,0.62
2026-06-11 00:43:36,127,32,0.53
2026-06-11 00:43:36,28,27,0.45
2026-06-11 00:43:36,363,52,0.87
2026-06-11 00:43:36,205,86,1.43
2026-06-11 00:43:36,215,79,1.32
2026-06-11 00:43:36,358,83,1.38
2026-06-11 00:43:36,28,166,2.77
2026-06-11 00:43:36,198,70,1.17
2026-06-11 00:43:36,90,24,0.4
2026-06-11 00:43:36,86,27,0.45
2026-06-11 00:43:36,48,40,0.67
2026-06-11 00:43:36,125,73,1.22
2026-06-11 00:43:36,114,58,0.97
2026-06-11 00:43:36,150,68,1.13
2026-06-11 00:43:36,192,33,0.55
2026-06-11 00:43:36,356,60,1.0
2026-06-11 00:43:36,18,181,3.02
2026-06-11 00:43:36,198,249,4.15
2026-06-11 00:43:36,34,71,1.18
2026-06-11 00:43:36,171,120,2.0
2026-06-11 00:43:36,61,145,2.42
2026-06-11 00:43:36,131,18,0.3
2026-06-11 00:43:36,369,210,3.5
2026-06-11 00:43:36,230,184,3.07
2026-06-11 00:43:36,215,126,2.1
2026-06-11 00:43:36,136,66,1.1
2026-06-11 00:43:36,68,24,0.4
2026-06-11 00:43:36,368,27,0.45
2026-06-11 00:43:36,171,120,2.0
2026-06-11 00:43:36,90,16,0.27
2026-06-11 00:43:36,38,360,6.0
2026-06-11 00:43:36,357,47,0.78
2026-06-11 00:43:36,113,71,1.18
2026-06-11 00:43:36,170,51,0.85
2026-06-11 00:43:36,350,57,0.95
2026-06-11 00:43:36,166,60,1.0
2026-06-11 00:43:36,107,42,0.7
2026-06-11 00:43:36,179,20,0.33
2026-06-11 00:44:37,49,75,1.25
2026-06-11 00:44:37,128,61,1.02
2026-06-11 00:44:37,189,15,0.25
2026-06-11 00:44:37,85,53,0.88
2026-06-11 00:44:37,186,35,0.58
2026-06-11 00:44:37,127,74,1.23
2026-06-11 00:44:37,43,41,0.68
2026-06-11 00:44:37,230,37,0.62
2026-06-11 00:44:37,66,28,0.47
2026-06-11 00:44:37,439,31,0.52
2026-06-11 00:44:37,192,15,0.25
2026-06-11 00:44:37,160,79,1.32
2026-06-11 00:44:37,10,41,0.68
2026-06-11 00:44:37,95,51,0.85
2026-06-11 00:44:37,99,100,1.67
2026-06-11 00:44:37,71,48,0.8
2026-06-11 00:44:37,202,145,2.42
2026-06-11 00:44:37,180,76,1.27
2026-06-11 00:44:37,356,60,1.0
2026-06-11 00:44:37,18,68,1.13
2026-06-11 00:44:37,44,70,1.17
2026-06-11 00:44:37,22,68,1.13
2026-06-11 00:44:37,43,59,0.98
2026-06-11 00:44:37,364,187,3.12
2026-06-11 00:44:37,61,145,2.42
2026-06-11 00:44:37,376,9,0.15
2026-06-11 00:44:37,144,49,0.82
2026-06-11 00:44:37,43,19,0.32
2026-06-11 00:44:37,131,18,0.3
2026-06-11 00:44:37,140,120,2.0
2026-06-11 00:44:37,363,67,1.12
2026-06-11 00:44:37,357,47,0.78
2026-06-11 00:44:37,350,57,0.95
2026-06-11 00:44:37,350,32,0.53
2026-06-11 00:44:37,54,32,0.53
2026-06-11 00:44:37,28,27,0.45
2026-06-11 00:45:38,80,80,1.33
2026-06-11 00:45:38,79,3,0.05
2026-06-11 00:45:38,64,154,2.57
2026-06-11 00:45:38,48,99,1.65
2026-06-11 00:45:38,361,40,0.67
2026-06-11 00:45:38,207,50,0.83
2026-06-11 00:45:38,43,40,0.67
2026-06-11 00:45:38,160,78,1.3
2026-06-11 00:45:38,86,35,0.58
2026-06-11 00:45:38,180,73,1.22
2026-06-11 00:45:38,195,33,0.55
2026-06-11 00:45:38,357,47,0.78
2026-06-11 00:45:38,22,21,0.35
2026-06-11 00:45:38,61,60,1.0
2026-06-11 00:45:38,382,29,0.48
2026-06-11 00:45:38,186,55,0.92
2026-06-11 00:45:38,97,47,0.78
2026-06-11 00:45:38,350,57,0.95
2026-06-11 00:45:38,369,210,3.5
2026-06-11 00:45:38,198,95,1.58
2026-06-11 00:45:38,94,37,0.62
2026-06-11 00:45:38,162,68,1.13
2026-06-11 00:45:38,64,77,1.28
2026-06-11 00:45:38,139,91,1.52
2026-06-11 00:45:38,187,107,1.78
2026-06-11 00:45:38,368,27,0.45
2026-06-11 00:45:38,171,120,2.0
2026-06-11 00:45:38,38,360,6.0
2026-06-11 00:45:38,370,38,0.63
2026-06-11 00:45:38,104,17,0.28
2026-06-11 00:46:39,86,23,0.38
2026-06-11 00:46:39,66,76,1.27
2026-06-11 00:46:39,18,74,1.23
2026-06-11 00:46:39,128,50,0.83
2026-06-11 00:46:39,187,24,0.4
2026-06-11 00:46:39,80,70,1.17
2026-06-11 00:46:39,113,50,0.83
2026-06-11 00:46:39,44,81,1.35
2026-06-11 00:46:39,215,276,4.6
2026-06-11 00:46:39,496,196,3.27
2026-06-11 00:46:39,10,29,0.48
2026-06-11 00:46:39,92,53,0.88
2026-06-11 00:46:39,49,106,1.77
2026-06-11 00:46:39,144,43,0.72
2026-06-11 00:46:39,38,63,1.05
2026-06-11 00:46:39,777,44,0.73
2026-06-11 00:46:39,104,25,0.42
2026-06-11 00:46:39,161,39,0.65
2026-06-11 00:46:39,28,27,0.45
2026-06-11 00:46:39,103,40,0.67
2026-06-11 00:46:39,160,44,0.73
2026-06-11 00:46:39,57,57,0.95
2026-06-11 00:46:39,125,75,1.25
2026-06-11 00:46:39,369,34,0.57
2026-06-11 00:46:39,104,17,0.28
2026-06-11 00:46:39,356,60,1.0
2026-06-11 00:46:39,376,9,0.15
2026-06-11 00:46:39,114,33,0.55
2026-06-11 00:46:39,48,104,1.73
2026-06-11 00:46:39,121,55,0.92
2026-06-11 00:46:39,113,71,1.18
2026-06-11 00:46:39,113,46,0.77
2026-06-11 00:46:39,350,32,0.53
2026-06-11 00:47:40,139,51,0.85
2026-06-11 00:47:40,164,59,0.98
2026-06-11 00:47:40,24,83,1.38
2026-06-11 00:47:40,777,49,0.82
2026-06-11 00:47:40,172,84,1.4
2026-06-11 00:47:40,439,63,1.05
2026-06-11 00:47:40,51,71,1.18
2026-06-11 00:47:40,47,35,0.58
2026-06-11 00:47:40,68,24,0.4
2026-06-11 00:47:40,376,9,0.15
2026-06-11 00:47:40,93,111,1.85
2026-06-11 00:47:40,113,77,1.28
2026-06-11 00:47:40,22,38,0.63
2026-06-11 00:47:40,165,41,0.68
2026-06-11 00:47:40,125,44,0.73
2026-06-11 00:47:40,171,49,0.82
2026-06-11 00:47:40,357,47,0.78
2026-06-11 00:47:40,103,40,0.67
2026-06-11 00:47:40,356,37,0.62
2026-06-11 00:47:40,380,45,0.75
2026-06-11 00:47:40,22,68,1.13
2026-06-11 00:47:40,358,77,1.28
2026-06-11 00:47:40,376,720,12.0
2026-06-11 00:47:40,18,181,3.02
2026-06-11 00:47:40,187,107,1.78
2026-06-11 00:47:40,114,28,0.47
2026-06-11 00:47:40,370,26,0.43
2026-06-11 00:47:40,38,360,6.0
2026-06-11 00:47:40,370,38,0.63
2026-06-11 00:47:40,113,71,1.18
2026-06-11 00:47:40,350,57,0.95
2026-06-11 00:47:40,230,50,0.83
2026-06-11 00:47:40,164,19,0.32
2026-06-11 00:47:40,179,55,0.92
2026-06-11 00:48:41,496,84,1.4
2026-06-11 00:48:41,61,60,1.0
2026-06-11 00:48:41,110,33,0.55
2026-06-11 00:48:41,125,50,0.83
2026-06-11 00:48:41,80,60,1.0
2026-06-11 00:48:41,67,48,0.8
2026-06-11 00:48:41,104,17,0.28
2026-06-11 00:48:41,18,47,0.78
2026-06-11 00:48:41,32,72,1.2
2026-06-11 00:48:41,24,45,0.75
2026-06-11 00:48:41,69,89,1.48
2026-06-11 00:48:41,171,29,0.48
2026-06-11 00:48:41,354,1020,17.0
2026-06-11 00:48:41,55,31,0.52
2026-06-11 00:48:41,51,71,1.18
2026-06-11 00:48:41,193,43,0.72
2026-06-11 00:48:41,197,149,2.48
2026-06-11 00:48:41,361,61,1.02
2026-06-11 00:48:41,49,123,2.05
2026-06-11 00:48:41,439,65,1.08
2026-06-11 00:48:41,382,29,0.48
2026-06-11 00:48:41,361,59,0.98
2026-06-11 00:48:41,125,75,1.25
2026-06-11 00:48:41,356,60,1.0
2026-06-11 00:48:41,61,145,2.42
2026-06-11 00:48:41,140,120,2.0
2026-06-11 00:48:41,371,17,0.28
2026-06-11 00:48:41,378,225,3.75
2026-06-11 00:48:41,131,18,0.3
2026-06-11 00:48:41,357,47,0.78
2026-06-11 00:48:41,350,57,0.95
2026-06-11 00:48:41,47,67,1.12
2026-06-11 00:49:42,31,65,1.08
2026-06-11 00:49:42,43,23,0.38
2026-06-11 00:49:42,28,37,0.62
2026-06-11 00:49:42,364,31,0.52
2026-06-11 00:49:42,48,34,0.57
2026-06-11 00:49:42,68,12,0.2
2026-06-11 00:49:42,215,136,2.27
2026-06-11 00:49:42,104,17,0.28
2026-06-11 00:49:42,747,900,15.0
2026-06-11 00:49:42,11,190,3.17
2026-06-11 00:49:42,45,69,1.15
2026-06-11 00:49:42,32,85,1.42
2026-06-11 00:49:42,198,58,0.97
2026-06-11 00:49:42,100,80,1.33
2026-06-11 00:49:42,110,134,2.23
2026-06-11 00:49:42,86,35,0.58
2026-06-11 00:49:42,171,49,0.82
2026-06-11 00:49:42,43,59,0.98
2026-06-11 00:49:42,104,55,0.92
2026-06-11 00:49:42,61,145,2.42
2026-06-11 00:49:42,106,115,1.92
2026-06-11 00:49:42,140,120,2.0
2026-06-11 00:49:42,360,69,1.15
2026-06-11 00:49:42,114,33,0.55
2026-06-11 00:49:42,189,62,1.03
2026-06-11 00:49:42,80,40,0.67
2026-06-11 00:49:42,170,51,0.85
2026-06-11 00:49:42,64,77,1.28
2026-06-11 00:49:42,164,19,0.32
2026-06-11 00:50:43,10,42,0.7
2026-06-11 00:50:43,86,22,0.37
2026-06-11 00:50:43,108,55,0.92
2026-06-11 00:50:43,187,44,0.73
2026-06-11 00:50:43,86,49,0.82
2026-06-11 00:50:43,80,19,0.32
2026-06-11 00:50:43,114,39,0.65
2026-06-11 00:50:43,364,15,0.25
2026-06-11 00:50:43,68,28,0.47
2026-06-11 00:50:43,138,32,0.53
2026-06-11 00:50:43,207,23,0.38
2026-06-11 00:50:43,31,85,1.42
2026-06-11 00:50:43,28,35,0.58
2026-06-11 00:50:43,777,274,4.57
2026-06-11 00:50:43,24,78,1.3
2026-06-11 00:50:43,411,164,2.73
2026-06-11 00:50:43,162,42,0.7
2026-06-11 00:50:43,54,36,0.6
2026-06-11 00:50:43,121,48,0.8
2026-06-11 00:50:43,136,66,1.1
2026-06-11 00:50:43,358,35,0.58
2026-06-11 00:50:43,127,39,0.65
2026-06-11 00:50:43,161,184,3.07
2026-06-11 00:50:43,93,72,1.2
2026-06-11 00:50:43,354,1020,17.0
2026-06-11 00:50:43,372,22,0.37
2026-06-11 00:50:43,361,59,0.98
2026-06-11 00:50:43,192,33,0.55
2026-06-11 00:50:43,353,24,0.4
2026-06-11 00:50:43,364,187,3.12
2026-06-11 00:50:43,61,145,2.42
2026-06-11 00:50:43,144,49,0.82
2026-06-11 00:50:43,121,55,0.92
2026-06-11 00:50:43,64,77,1.28
2026-06-11 00:50:43,189,62,1.03
2026-06-11 00:50:43,140,120,2.0
2026-06-11 00:50:43,68,77,1.28
2026-06-11 00:50:43,90,16,0.27
2026-06-11 00:50:43,357,47,0.78
2026-06-11 00:50:43,47,67,1.12
2026-06-11 00:51:44,68,38,0.63
2026-06-11 00:51:44,45,26,0.43
2026-06-11 00:51:44,187,44,0.73
2026-06-11 00:51:44,128,20,0.33
2026-06-11 00:51:44,104,111,1.85
2026-06-11 00:51:44,112,33,0.55
2026-06-11 00:51:44,177,24,0.4
2026-06-11 00:51:44,86,22,0.37
2026-06-11 00:51:44,170,120,2.0
2026-06-11 00:51:44,80,8,0.13
2026-06-11 00:51:44,66,49,0.82
2026-06-11 00:51:44,28,25,0.42
2026-06-11 00:51:44,31,49,0.82
2026-06-11 00:51:44,496,127,2.12
2026-06-11 00:51:44,150,41,0.68
2026-06-11 00:51:44,144,127,2.12
2026-06-11 00:51:44,141,41,0.68
2026-06-11 00:51:44,207,12,0.2
2026-06-11 00:51:44,209,134,2.23
2026-06-11 00:51:44,382,66,1.1
2026-06-11 00:51:44,361,148,2.47
2026-06-11 00:51:44,747,900,15.0
2026-06-11 00:51:44,198,31,0.52
2026-06-11 00:51:44,180,127,2.12
2026-06-11 00:51:44,28,27,0.45
2026-06-11 00:51:44,103,40,0.67
2026-06-11 00:51:44,371,58,0.97
2026-06-11 00:51:44,189,62,1.03
2026-06-11 00:51:44,162,27,0.45
2026-06-11 00:51:44,113,46,0.77
2026-06-11 00:52:45,140,28,0.47
2026-06-11 00:52:45,195,151,2.52
2026-06-11 00:52:45,198,41,0.68
2026-06-11 00:52:45,361,38,0.63
2026-06-11 00:52:45,172,25,0.42
2026-06-11 00:52:45,195,71,1.18
2026-06-11 00:52:45,161,29,0.48
2026-06-11 00:52:45,18,27,0.45
2026-06-11 00:52:45,85,47,0.78
2026-06-11 00:52:45,496,43,0.72
2026-06-11 00:52:45,139,20,0.33
2026-06-11 00:52:45,162,68,1.13
2026-06-11 00:52:45,195,78,1.3
2026-06-11 00:52:45,80,67,1.12
2026-06-11 00:52:45,90,33,0.55
2026-06-11 00:52:45,67,36,0.6
2026-06-11 00:52:45,49,32,0.53
2026-06-11 00:52:45,193,166,2.77
2026-06-11 00:52:45,24,24,0.4
2026-06-11 00:52:45,193,29,0.48
2026-06-11 00:52:45,356,4,0.07
2026-06-11 00:52:45,350,32,0.53
2026-06-11 00:52:45,141,41,0.68
2026-06-11 00:52:45,180,36,0.6
2026-06-11 00:52:45,131,80,1.33
2026-06-11 00:52:45,354,1020,17.0
2026-06-11 00:52:45,51,39,0.65
2026-06-11 00:52:45,369,34,0.57
2026-06-11 00:52:45,61,145,2.42
2026-06-11 00:52:45,110,134,2.23
2026-06-11 00:52:45,93,72,1.2
2026-06-11 00:52:45,171,120,2.0
2026-06-11 00:52:45,140,120,2.0
2026-06-11 00:52:45,369,210,3.5
2026-06-11 00:52:45,172,60,1.0
2026-06-11 00:52:45,43,19,0.32
2026-06-11 00:52:45,370,26,0.43
2026-06-11 00:52:45,358,77,1.28
2026-06-11 00:52:45,357,47,0.78
2026-06-11 00:52:45,138,55,0.92
2026-06-11 00:52:45,164,19,0.32
2026-06-11 00:53:46,195,33,0.55
2026-06-11 00:53:46,17,35,0.58
2026-06-11 00:53:46,189,23,0.38
2026-06-11 00:53:46,44,70,1.17
2026-06-11 00:53:46,18,40,0.67
2026-06-11 00:53:46,141,45,0.75
2026-06-11 00:53:46,202,35,0.58
2026-06-11 00:53:46,160,44,0.73
2026-06-11 00:53:46,22,125,2.08
2026-06-11 00:53:46,112,36,0.6
2026-06-11 00:53:46,32,122,2.03
2026-06-11 00:53:46,150,13,0.22
2026-06-11 00:53:46,43,78,1.3
2026-06-11 00:53:46,33,17,0.28
2026-06-11 00:53:46,18,50,0.83
2026-06-11 00:53:46,61,85,1.42
2026-06-11 00:53:46,121,40,0.67
2026-06-11 00:53:46,139,55,0.92
2026-06-11 00:53:46,211,56,0.93
2026-06-11 00:53:46,67,71,1.18
2026-06-11 00:53:46,179,31,0.52
2026-06-11 00:53:46,69,67,1.12
2026-06-11 00:53:46,38,154,2.57
2026-06-11 00:53:46,141,21,0.35
2026-06-11 00:53:46,136,13,0.22
2026-06-11 00:53:46,368,53,0.88
2026-06-11 00:53:46,51,23,0.38
2026-06-11 00:53:46,382,29,0.48
2026-06-11 00:53:46,44,45,0.75
2026-06-11 00:53:46,356,60,1.0
2026-06-11 00:53:46,129,44,0.73
2026-06-11 00:53:46,362,22,0.37
2026-06-11 00:53:46,112,59,0.98
2026-06-11 00:53:46,106,115,1.92
2026-06-11 00:53:46,113,38,0.63
2026-06-11 00:53:46,54,43,0.72
2026-06-11 00:53:46,102,121,2.02
2026-06-11 00:53:46,136,66,1.1
2026-06-11 00:53:46,369,37,0.62
2026-06-11 00:53:46,51,39,0.65
2026-06-11 00:54:47,10,17,0.28
2026-06-11 00:54:47,215,58,0.97
2026-06-11 00:54:47,28,35,0.58
2026-06-11 00:54:47,186,47,0.78
2026-06-11 00:54:47,49,40,0.67
2026-06-11 00:54:47,90,20,0.33
2026-06-11 00:54:47,141,27,0.45
2026-06-11 00:54:47,121,34,0.57
2026-06-11 00:54:47,51,17,0.28
2026-06-11 00:54:47,92,36,0.6
2026-06-11 00:54:47,112,28,0.47
2026-06-11 00:54:47,168,50,0.83
2026-06-11 00:54:47,11,61,1.02
2026-06-11 00:54:47,121,27,0.45
2026-06-11 00:54:47,165,71,1.18
2026-06-11 00:54:47,186,32,0.53
2026-06-11 00:54:47,57,52,0.87
2026-06-11 00:54:47,139,26,0.43
2026-06-11 00:54:47,24,29,0.48
2026-06-11 00:54:47,372,22,0.37
2026-06-11 00:54:47,353,42,0.7
2026-06-11 00:54:47,92,36,0.6
2026-06-11 00:54:47,350,32,0.53
2026-06-11 00:54:47,160,75,1.25
2026-06-11 00:54:47,64,52,0.87
2026-06-11 00:54:47,353,42,0.7
2026-06-11 00:54:47,86,33,0.55
2026-06-11 00:54:47,44,45,0.75
2026-06-11 00:54:47,198,95,1.58
2026-06-11 00:54:47,43,59,0.98
2026-06-11 00:54:47,104,55,0.92
2026-06-11 00:54:47,93,72,1.2
2026-06-11 00:54:47,79,84,1.4
2026-06-11 00:54:47,106,115,1.92
2026-06-11 00:54:47,113,38,0.63
2026-06-11 00:54:47,67,41,0.68
2026-06-11 00:54:47,38,360,6.0
2026-06-11 00:55:48,168,26,0.43
2026-06-11 00:55:48,112,58,0.97
2026-06-11 00:55:48,168,62,1.03
2026-06-11 00:55:48,97,71,1.18
2026-06-11 00:55:48,49,66,1.1
2026-06-11 00:55:48,34,33,0.55
2026-06-11 00:55:48,187,69,1.15
2026-06-11 00:55:48,192,44,0.73
2026-06-11 00:55:48,92,27,0.45
2026-06-11 00:55:48,24,52,0.87
2026-06-11 00:55:48,95,24,0.4
2026-06-11 00:55:48,160,127,2.12
2026-06-11 00:55:48,198,26,0.43
2026-06-11 00:55:48,121,41,0.68
2026-06-11 00:55:48,48,60,1.0
2026-06-11 00:55:48,164,43,0.72
2026-06-11 00:55:48,107,62,1.03
2026-06-11 00:55:48,209,26,0.43
2026-06-11 00:55:48,103,36,0.6
2026-06-11 00:55:48,747,20,0.33
2026-06-11 00:55:48,31,53,0.88
2026-06-11 00:55:48,61,46,0.77
2026-06-11 00:55:48,113,46,0.77
2026-06-11 00:55:48,230,50,0.83
2026-06-11 00:55:48,110,134,2.23
2026-06-11 00:55:48,363,56,0.93
2026-06-11 00:55:48,48,104,1.73
2026-06-11 00:55:48,382,29,0.48
2026-06-11 00:55:48,350,57,0.95
2026-06-11 00:55:48,51,39,0.65
2026-06-11 00:55:48,361,59,0.98
2026-06-11 00:55:48,61,145,2.42
2026-06-11 00:55:48,34,71,1.18
2026-06-11 00:55:48,32,57,0.95
2026-06-11 00:55:48,131,18,0.3
2026-06-11 00:55:48,43,19,0.32
2026-06-11 00:55:48,121,55,0.92
2026-06-11 00:55:48,112,45,0.75
2026-06-11 00:55:48,64,51,0.85
2026-06-11 00:56:49,11,24,0.4
2026-06-11 00:56:49,49,28,0.47
2026-06-11 00:56:49,439,31,0.52
2026-06-11 00:56:49,141,130,2.17
2026-06-11 00:56:49,95,31,0.52
2026-06-11 00:56:49,496,45,0.75
2026-06-11 00:56:49,105,59,0.98
2026-06-11 00:56:49,18,97,1.62
2026-06-11 00:56:49,160,109,1.82
2026-06-11 00:56:49,164,33,0.55
2026-06-11 00:56:49,100,76,1.27
2026-06-11 00:56:49,33,54,0.9
2026-06-11 00:56:49,193,193,3.22
2026-06-11 00:56:49,186,40,0.67
2026-06-11 00:56:49,51,46,0.77
2026-06-11 00:56:49,104,36,0.6
2026-06-11 00:56:49,114,21,0.35
2026-06-11 00:56:49,195,33,0.55
2026-06-11 00:56:49,164,108,1.8
2026-06-11 00:56:49,209,134,2.23
2026-06-11 00:56:49,86,35,0.58
2026-06-11 00:56:49,357,47,0.78
2026-06-11 00:56:49,357,47,0.78
2026-06-11 00:56:49,370,38,0.63
2026-06-11 00:56:49,365,156,2.6
2026-06-11 00:56:49,356,60,1.0
2026-06-11 00:56:49,61,145,2.42
2026-06-11 00:56:49,79,60,1.0
2026-06-11 00:56:49,97,31,0.52
2026-06-11 00:56:49,34,71,1.18
2026-06-11 00:56:49,131,18,0.3
2026-06-11 00:56:49,106,115,1.92
2026-06-11 00:56:49,376,9,0.15
2026-06-11 00:56:49,187,107,1.78
2026-06-11 00:56:49,97,31,0.52
2026-06-11 00:56:49,368,27,0.45
2026-06-11 00:56:49,162,27,0.45
2026-06-11 00:56:49,144,49,0.82
2026-06-11 00:57:51,105,20,0.33
2026-06-11 00:57:51,104,55,0.92
2026-06-11 00:57:51,161,64,1.07
2026-06-11 00:57:51,45,17,0.28
2026-06-11 00:57:51,61,103,1.72
2026-06-11 00:57:51,61,37,0.62
2026-06-11 00:57:51,121,92,1.53
2026-06-11 00:57:51,112,50,0.83
2026-06-11 00:57:51,32,35,0.58
2026-06-11 00:57:51,34,44,0.73
2026-06-11 00:57:51,90,44,0.73
2026-06-11 00:57:51,192,22,0.37
2026-06-11 00:57:51,104,17,0.28
2026-06-11 00:57:51,71,46,0.77
2026-06-11 00:57:51,104,22,0.37
2026-06-11 00:57:51,100,120,2.0
2026-06-11 00:57:51,33,54,0.9
2026-06-11 00:57:51,160,101,1.68
2026-06-11 00:57:51,114,26,0.43
2026-06-11 00:57:51,496,50,0.83
2026-06-11 00:57:51,195,45,0.75
2026-06-11 00:57:51,113,71,1.18
2026-06-11 00:57:51,372,22,0.37
2026-06-11 00:57:51,363,60,1.0
2026-06-11 00:57:51,86,35,0.58
2026-06-11 00:57:51,94,48,0.8
2026-06-11 00:57:51,363,60,1.0
2026-06-11 00:57:51,362,22,0.37
2026-06-11 00:57:51,358,118,1.97
2026-06-11 00:57:51,371,58,0.97
2026-06-11 00:57:51,215,126,2.1
2026-06-11 00:57:51,187,107,1.78
2026-06-11 00:57:51,378,225,3.75
2026-06-11 00:57:51,114,28,0.47
2026-06-11 00:57:51,368,27,0.45
2026-06-11 00:57:51,112,45,0.75
2026-06-11 00:58:52,211,1194,19.9
2026-06-11 00:58:52,113,110,1.83
2026-06-11 00:58:52,107,45,0.75
2026-06-11 00:58:52,215,27,0.45
2026-06-11 00:58:52,104,16,0.27
2026-06-11 00:58:52,439,150,2.5
2026-06-11 00:58:52,202,17,0.28
2026-06-11 00:58:52,160,63,1.05
2026-06-11 00:58:52,105,180,3.0
2026-06-11 00:58:52,49,183,3.05
2026-06-11 00:58:52,44,44,0.73
2026-06-11 00:58:52,61,28,0.47
2026-06-11 00:58:52,32,42,0.7
2026-06-11 00:58:52,138,15,0.25
2026-06-11 00:58:52,114,20,0.33
2026-06-11 00:58:52,48,34,0.57
2026-06-11 00:58:52,112,49,0.82
2026-06-11 00:58:52,80,376,6.27
2026-06-11 00:58:52,54,48,0.8
2026-06-11 00:58:52,372,40,0.67
2026-06-11 00:58:52,189,34,0.57
2026-06-11 00:58:52,18,83,1.38
2026-06-11 00:58:52,102,51,0.85
2026-06-11 00:58:52,129,44,0.73
2026-06-11 00:58:52,370,38,0.63
2026-06-11 00:58:52,106,115,1.92
2026-06-11 00:58:52,68,77,1.28
2026-06-11 00:58:52,93,72,1.2
2026-06-11 00:58:52,357,47,0.78
2026-06-11 00:58:52,363,60,1.0
2026-06-11 00:58:52,104,55,0.92
2026-06-11 00:58:52,361,69,1.15
2026-06-11 00:58:52,113,38,0.63
2026-06-11 00:58:52,371,58,0.97
2026-06-11 00:58:52,138,55,0.92
2026-06-11 00:58:52,112,45,0.75
2026-06-11 00:59:53,121,61,1.02
2026-06-11 00:59:53,162,6,0.1
2026-06-11 00:59:53,164,46,0.77
2026-06-11 00:59:53,48,60,1.0
2026-06-11 00:59:53,68,33,0.55
2026-06-11 00:59:53,54,41,0.68
2026-06-11 00:59:53,107,31,0.52
2026-06-11 00:59:53,67,61,1.02
2026-06-11 00:59:53,230,42,0.7
2026-06-11 00:59:53,94,56,0.93
2026-06-11 00:59:53,160,69,1.15
2026-06-11 00:59:53,48,40,0.67
2026-06-11 00:59:53,439,116,1.93
2026-06-11 00:59:53,69,108,1.8
2026-06-11 00:59:53,33,26,0.43
2026-06-11 00:59:53,363,60,1.0
2026-06-11 00:59:53,166,23,0.38
2026-06-11 00:59:53,361,74,1.23
2026-06-11 00:59:53,211,1194,19.9
2026-06-11 00:59:53,355,191,3.18
2026-06-11 00:59:53,357,32,0.53
2026-06-11 00:59:53,29,44,0.73
2026-06-11 00:59:53,104,55,0.92
2026-06-11 00:59:53,104,17,0.28
2026-06-11 00:59:53,162,68,1.13
2026-06-11 00:59:53,171,120,2.0
2026-06-11 00:59:53,110,32,0.53
2026-06-11 00:59:53,86,35,0.58
2026-06-11 00:59:53,48,104,1.73
2026-06-11 00:59:53,369,210,3.5
2026-06-11 00:59:53,198,95,1.58
2026-06-11 00:59:53,192,33,0.55
2026-06-11 00:59:53,113,38,0.63
2026-06-11 00:59:53,358,118,1.97
2026-06-11 00:59:53,140,111,1.85
2026-06-11 01:00:54,18,87,1.45
2026-06-11 01:00:54,110,134,2.23
2026-06-11 01:00:54,45,38,0.63
2026-06-11 01:00:54,136,71,1.18
2026-06-11 01:00:54,186,20,0.33
2026-06-11 01:00:54,106,64,1.07
2026-06-11 01:00:54,69,42,0.7
2026-06-11 01:00:54,33,31,0.52
2026-06-11 01:00:54,141,23,0.38
2026-06-11 01:00:54,439,96,1.6
2026-06-11 01:00:54,195,29,0.48
2026-06-11 01:00:54,186,25,0.42
2026-06-11 01:00:54,86,22,0.37
2026-06-11 01:00:54,51,56,0.93
2026-06-11 01:00:54,79,27,0.45
2026-06-11 01:00:54,105,18,0.3
2026-06-11 01:00:54,79,40,0.67
2026-06-11 01:00:54,69,53,0.88
2026-06-11 01:00:54,61,85,1.42
2026-06-11 01:00:54,363,60,1.0
2026-06-11 01:00:54,747,900,15.0
2026-06-11 01:00:54,195,151,2.52
2026-06-11 01:00:54,361,59,0.98
2026-06-11 01:00:54,192,33,0.55
2026-06-11 01:00:54,162,68,1.13
2026-06-11 01:00:54,106,115,1.92
2026-06-11 01:01:55,102,59,0.98
2026-06-11 01:01:55,180,22,0.37
2026-06-11 01:01:55,79,28,0.47
2026-06-11 01:01:55,193,72,1.2
2026-06-11 01:01:55,496,61,1.02
2026-06-11 01:01:55,61,35,0.58
2026-06-11 01:01:55,106,62,1.03
2026-06-11 01:01:55,10,52,0.87
2026-06-11 01:01:55,112,25,0.42
2026-06-11 01:01:55,85,36,0.6
2026-06-11 01:01:55,360,32,0.53
2026-06-11 01:01:55,496,42,0.7
2026-06-11 01:01:55,97,78,1.3
2026-06-11 01:01:55,192,33,0.55
2026-06-11 01:01:55,356,37,0.62
2026-06-11 01:01:55,777,145,2.42
2026-06-11 01:01:55,92,36,0.6
2026-06-11 01:01:55,93,72,1.2
2026-06-11 01:01:55,363,56,0.93
2026-06-11 01:01:55,28,27,0.45
2026-06-11 01:01:55,369,210,3.5
2026-06-11 01:01:55,112,59,0.98
2026-06-11 01:01:55,138,55,0.92
2026-06-11 01:01:55,370,26,0.43
2026-06-11 01:02:56,24,35,0.58
2026-06-11 01:02:56,171,37,0.62
2026-06-11 01:02:56,361,69,1.15
2026-06-11 01:02:56,230,34,0.57
2026-06-11 01:02:56,141,50,0.83
2026-06-11 01:02:56,97,8,0.13
2026-06-11 01:02:56,138,22,0.37
2026-06-11 01:02:56,136,28,0.47
2026-06-11 01:02:56,139,52,0.87
2026-06-11 01:02:56,51,25,0.42
2026-06-11 01:02:56,197,78,1.3
2026-06-11 01:02:56,370,25,0.42
2026-06-11 01:02:56,68,65,1.08
2026-06-11 01:02:56,131,18,0.3
2026-06-11 01:02:56,18,59,0.98
2026-06-11 01:02:56,162,33,0.55
2026-06-11 01:02:56,114,83,1.38
2026-06-11 01:02:56,361,59,0.98
2026-06-11 01:02:56,112,25,0.42
2026-06-11 01:02:56,48,93,1.55
2026-06-11 01:02:56,747,398,6.63
2026-06-11 01:02:56,86,35,0.58
2026-06-11 01:02:56,92,36,0.6
2026-06-11 01:02:56,131,80,1.33
2026-06-11 01:02:56,363,56,0.93
2026-06-11 01:02:56,370,38,0.63
2026-06-11 01:02:56,94,48,0.8
2026-06-11 01:02:56,369,210,3.5
2026-06-11 01:02:56,192,33,0.55
2026-06-11 01:02:56,362,22,0.37
2026-06-11 01:02:56,43,59,0.98
2026-06-11 01:02:56,104,55,0.92
2026-06-11 01:02:56,364,187,3.12
2026-06-11 01:02:56,212,92,1.53
2026-06-11 01:02:56,113,38,0.63
2026-06-11 01:02:56,376,9,0.15
2026-06-11 01:02:56,121,55,0.92
2026-06-11 01:02:56,97,31,0.52
2026-06-11 01:03:57,95,34,0.57
2026-06-11 01:03:57,113,34,0.57
2026-06-11 01:03:57,140,26,0.43
2026-06-11 01:03:57,27,21,0.35
2026-06-11 01:03:57,136,25,0.42
2026-06-11 01:03:57,376,182,3.03
2026-06-11 01:03:57,86,19,0.32
2026-06-11 01:03:57,198,97,1.62
2026-06-11 01:03:57,189,64,1.07
2026-06-11 01:03:57,197,38,0.63
2026-06-11 01:03:57,198,35,0.58
2026-06-11 01:03:57,48,70,1.17
2026-06-11 01:03:57,93,45,0.75
2026-06-11 01:03:57,209,82,1.37
2026-06-11 01:03:57,113,39,0.65
2026-06-11 01:03:57,44,47,0.78
2026-06-11 01:03:57,28,37,0.62
2026-06-11 01:03:57,186,25,0.42
2026-06-11 01:03:57,49,38,0.63
2026-06-11 01:03:57,136,35,0.58
2026-06-11 01:03:57,411,199,3.32
2026-06-11 01:03:57,34,71,1.18
2026-06-11 01:03:57,365,110,1.83
2026-06-11 01:03:57,372,40,0.67
2026-06-11 01:03:57,164,108,1.8
2026-06-11 01:03:57,86,35,0.58
2026-06-11 01:03:57,363,56,0.93
2026-06-11 01:03:57,51,23,0.38
2026-06-11 01:03:57,372,22,0.37
2026-06-11 01:03:57,350,57,0.95
2026-06-11 01:03:57,362,22,0.37
2026-06-11 01:03:57,353,24,0.4
2026-06-11 01:03:57,112,59,0.98
2026-06-11 01:03:57,61,145,2.42
2026-06-11 01:03:57,18,181,3.02
2026-06-11 01:03:57,97,31,0.52
2026-06-11 01:03:57,38,91,1.52
