timestamp,route_id,travel_seconds,travel_minutes
2026-06-10 19:33:40,24,57,0.95
2026-06-10 19:33:40,166,108,1.8
2026-06-10 19:33:40,71,50,0.83
2026-06-10 19:33:40,18,58,0.97
2026-06-10 19:33:40,747,52,0.87
2026-06-10 19:33:40,80,163,2.72
2026-06-10 19:33:40,206,38,0.63
2026-06-10 19:33:40,179,76,1.27
2026-06-10 19:33:40,25,29,0.48
2026-06-10 19:33:40,141,37,0.62
2026-06-10 19:33:40,160,63,1.05
2026-06-10 19:33:40,66,27,0.45
2026-06-10 19:33:40,18,145,2.42
2026-06-10 19:33:40,196,17,0.28
2026-06-10 19:33:40,193,21,0.35
2026-06-10 19:33:40,105,59,0.98
2026-06-10 19:33:40,92,31,0.52
2026-06-10 19:33:40,69,21,0.35
2026-06-10 19:33:40,411,32,0.53
2026-06-10 19:33:40,54,36,0.6
2026-06-10 19:33:40,164,47,0.78
2026-06-10 19:33:40,51,42,0.7
2026-06-10 19:33:40,95,31,0.52
2026-06-10 19:33:40,110,49,0.82
2026-06-10 19:33:40,161,21,0.35
2026-06-10 19:33:40,777,66,1.1
2026-06-10 19:33:40,203,22,0.37
2026-06-10 19:33:40,105,48,0.8
2026-06-10 19:33:40,166,64,1.07
2026-06-10 19:33:40,49,185,3.08
2026-06-10 19:33:40,161,55,0.92
2026-06-10 19:33:40,128,21,0.35
2026-06-10 19:33:40,439,148,2.47
2026-06-10 19:33:40,69,60,1.0
2026-06-10 19:33:40,33,42,0.7
2026-06-10 19:33:40,24,35,0.58
2026-06-10 19:33:40,195,33,0.55
2026-06-10 19:33:40,51,99,1.65
2026-06-10 19:33:40,193,37,0.62
2026-06-10 19:33:40,198,65,1.08
2026-06-10 19:33:40,97,58,0.97
2026-06-10 19:33:40,180,42,0.7
2026-06-10 19:33:40,86,35,0.58
2026-06-10 19:33:40,61,42,0.7
2026-06-10 19:33:40,79,92,1.53
2026-06-10 19:33:40,33,71,1.18
2026-06-10 19:33:40,51,15,0.25
2026-06-10 19:33:40,439,172,2.87
2026-06-10 19:33:40,430,68,1.13
2026-06-10 19:33:40,138,38,0.63
2026-06-10 19:33:40,460,17,0.28
2026-06-10 19:33:40,13,58,0.97
2026-06-10 19:33:40,45,38,0.63
2026-06-10 19:33:40,121,148,2.47
2026-06-10 19:33:40,189,26,0.43
2026-06-10 19:33:40,32,15,0.25
2026-06-10 19:33:40,202,59,0.98
2026-06-10 19:33:40,197,70,1.17
2026-06-10 19:33:40,85,112,1.87
2026-06-10 19:33:40,61,103,1.72
2026-06-10 19:33:40,179,97,1.62
2026-06-10 19:33:40,49,37,0.62
2026-06-10 19:33:40,67,96,1.6
2026-06-10 19:33:40,229,95,1.58
2026-06-10 19:33:40,162,71,1.18
2026-06-10 19:33:40,129,74,1.23
2026-06-10 19:33:40,209,91,1.52
2026-06-10 19:33:40,81,22,0.37
2026-06-10 19:33:40,202,22,0.37
2026-06-10 19:33:40,61,156,2.6
2026-06-10 19:33:40,49,25,0.42
2026-06-10 19:33:40,209,61,1.02
2026-06-10 19:33:40,197,39,0.65
2026-06-10 19:33:40,193,42,0.7
2026-06-10 19:33:40,93,43,0.72
2026-06-10 19:33:40,80,15,0.25
2026-06-10 19:33:40,200,77,1.28
2026-06-10 19:33:40,24,153,2.55
2026-06-10 19:33:40,49,53,0.88
2026-06-10 19:33:40,41,33,0.55
2026-06-10 19:33:40,32,34,0.57
2026-06-10 19:33:40,50,93,1.55
2026-06-10 19:33:40,192,52,0.87
2026-06-10 19:33:40,208,70,1.17
2026-06-10 19:33:40,12,38,0.63
2026-06-10 19:33:40,470,29,0.48
2026-06-10 19:33:40,196,25,0.42
2026-06-10 19:33:40,51,84,1.4
2026-06-10 19:33:40,79,43,0.72
2026-06-10 19:33:40,204,78,1.3
2026-06-10 19:33:40,141,50,0.83
2026-06-10 19:33:40,198,63,1.05
2026-06-10 19:33:40,186,32,0.53
2026-06-10 19:33:40,20,24,0.4
2026-06-10 19:33:40,10,64,1.07
2026-06-10 19:33:40,10,39,0.65
2026-06-10 19:33:40,230,31,0.52
2026-06-10 19:33:40,90,45,0.75
2026-06-10 19:33:40,16,110,1.83
2026-06-10 19:33:40,36,70,1.17
2026-06-10 19:33:40,35,61,1.02
2026-06-10 19:33:40,138,70,1.17
2026-06-10 19:33:40,496,47,0.78
2026-06-10 19:33:40,81,26,0.43
2026-06-10 19:33:40,51,79,1.32
2026-06-10 19:33:40,28,37,0.62
2026-06-10 19:33:40,69,64,1.07
2026-06-10 19:33:40,67,43,0.72
2026-06-10 19:33:40,150,126,2.1
2026-06-10 19:33:40,14,28,0.47
2026-06-10 19:33:40,198,62,1.03
2026-06-10 19:33:40,112,69,1.15
2026-06-10 19:33:40,33,74,1.23
2026-06-10 19:33:40,496,49,0.82
2026-06-10 19:33:40,41,39,0.65
2026-06-10 19:33:40,185,197,3.28
2026-06-10 19:33:40,187,33,0.55
2026-06-10 19:33:40,24,53,0.88
2026-06-10 19:33:40,79,84,1.4
2026-06-10 19:33:40,67,68,1.13
2026-06-10 19:33:40,449,16,0.27
2026-06-10 19:33:40,47,55,0.92
2026-06-10 19:33:40,129,26,0.43
2026-06-10 19:33:40,209,16,0.27
2026-06-10 19:33:40,104,67,1.12
2026-06-10 19:33:40,29,24,0.4
2026-06-10 19:33:40,94,69,1.15
2026-06-10 19:33:40,185,40,0.67
2026-06-10 19:33:40,51,65,1.08
2026-06-10 19:33:40,124,39,0.65
2026-06-10 19:33:40,124,138,2.3
2026-06-10 19:33:40,43,35,0.58
2026-06-10 19:33:40,55,106,1.77
2026-06-10 19:33:40,225,18,0.3
2026-06-10 19:33:40,66,45,0.75
2026-06-10 19:33:40,487,54,0.9
2026-06-10 19:33:40,107,58,0.97
2026-06-10 19:33:40,211,1020,17.0
2026-06-10 19:33:40,121,38,0.63
2026-06-10 19:33:40,48,161,2.68
2026-06-10 19:33:40,47,105,1.75
2026-06-10 19:33:40,18,68,1.13
2026-06-10 19:33:40,44,114,1.9
2026-06-10 19:33:40,440,86,1.43
2026-06-10 19:33:40,470,57,0.95
2026-06-10 19:33:40,67,61,1.02
2026-06-10 19:33:40,64,61,1.02
2026-06-10 19:33:40,94,60,1.0
2026-06-10 19:33:40,140,41,0.68
2026-06-10 19:33:40,190,121,2.02
2026-06-10 19:33:40,18,69,1.15
2026-06-10 19:33:40,195,34,0.57
2026-06-10 19:33:40,229,15,0.25
2026-06-10 19:33:40,18,25,0.42
2026-06-10 19:33:40,107,58,0.97
2026-06-10 19:33:40,150,31,0.52
2026-06-10 19:33:40,71,73,1.22
2026-06-10 19:33:40,230,174,2.9
2026-06-10 19:33:40,121,26,0.43
2026-06-10 19:33:40,201,92,1.53
2026-06-10 19:33:40,136,11,0.18
2026-06-10 19:33:40,110,29,0.48
2026-06-10 19:33:40,185,56,0.93
2026-06-10 19:33:40,468,194,3.23
2026-06-10 19:33:40,200,51,0.85
2026-06-10 19:33:40,204,47,0.78
2026-06-10 19:33:40,439,106,1.77
2026-06-10 19:33:40,70,93,1.55
2026-06-10 19:33:40,107,44,0.73
2026-06-10 19:33:40,97,114,1.9
2026-06-10 19:33:40,211,37,0.62
2026-06-10 19:33:40,38,46,0.77
2026-06-10 19:33:40,121,26,0.43
2026-06-10 19:33:40,206,60,1.0
2026-06-10 19:33:40,86,29,0.48
2026-06-10 19:33:40,460,158,2.63
2026-06-10 19:33:40,45,38,0.63
2026-06-10 19:33:40,190,18,0.3
2026-06-10 19:33:40,67,45,0.75
2026-06-10 19:33:40,104,61,1.02
2026-06-10 19:33:40,439,49,0.82
2026-06-10 19:33:40,22,21,0.35
2026-06-10 19:33:40,67,64,1.07
2026-06-10 19:33:40,26,15,0.25
2026-06-10 19:33:40,128,67,1.12
2026-06-10 19:33:40,43,36,0.6
2026-06-10 19:33:40,205,25,0.42
2026-06-10 19:33:40,95,58,0.97
2026-06-10 19:33:40,45,33,0.55
2026-06-10 19:33:40,161,79,1.32
2026-06-10 19:33:40,24,54,0.9
2026-06-10 19:33:40,34,50,0.83
2026-06-10 19:33:40,211,48,0.8
2026-06-10 19:33:40,92,77,1.28
2026-06-10 19:33:40,193,62,1.03
2026-06-10 19:33:40,205,35,0.58
2026-06-10 19:33:40,128,57,0.95
2026-06-10 19:33:40,80,52,0.87
2026-06-10 19:33:40,17,32,0.53
2026-06-10 19:33:40,469,118,1.97
2026-06-10 19:33:40,54,103,1.72
2026-06-10 19:33:40,48,219,3.65
2026-06-10 19:33:40,36,101,1.68
2026-06-10 19:33:40,119,56,0.93
2026-06-10 19:33:40,12,17,0.28
2026-06-10 19:33:40,29,36,0.6
2026-06-10 19:33:40,125,66,1.1
2026-06-10 19:33:40,141,48,0.8
2026-06-10 19:33:40,17,41,0.68
2026-06-10 19:33:40,186,44,0.73
2026-06-10 19:33:40,112,20,0.33
2026-06-10 19:33:40,41,40,0.67
2026-06-10 19:33:40,123,26,0.43
2026-06-10 19:33:40,196,60,1.0
2026-06-10 19:33:40,48,166,2.77
2026-06-10 19:33:40,38,88,1.47
2026-06-10 19:33:40,202,37,0.62
2026-06-10 19:33:40,22,27,0.45
2026-06-10 19:33:40,203,37,0.62
2026-06-10 19:33:40,64,69,1.15
2026-06-10 19:33:40,48,45,0.75
2026-06-10 19:33:40,439,101,1.68
2026-06-10 19:33:40,35,59,0.98
2026-06-10 19:33:40,57,65,1.08
2026-06-10 19:33:40,165,75,1.25
2026-06-10 19:33:40,165,66,1.1
2026-06-10 19:33:40,449,30,0.5
2026-06-10 19:33:40,136,112,1.87
2026-06-10 19:33:40,125,97,1.62
2026-06-10 19:33:40,119,60,1.0
2026-06-10 19:33:40,25,27,0.45
2026-06-10 19:33:40,161,89,1.48
2026-06-10 19:33:40,204,26,0.43
2026-06-10 19:33:40,72,25,0.42
2026-06-10 19:33:40,113,51,0.85
2026-06-10 19:33:40,107,66,1.1
2026-06-10 19:33:40,37,60,1.0
2026-06-10 19:33:40,777,240,4.0
2026-06-10 19:33:40,205,206,3.43
2026-06-10 19:33:40,496,142,2.37
2026-06-10 19:33:40,139,54,0.9
2026-06-10 19:33:40,68,57,0.95
2026-06-10 19:33:40,127,97,1.62
2026-06-10 19:33:40,439,86,1.43
2026-06-10 19:33:40,86,37,0.62
2026-06-10 19:33:40,106,62,1.03
2026-06-10 19:33:40,141,44,0.73
2026-06-10 19:33:40,67,79,1.32
2026-06-10 19:33:40,230,17,0.28
2026-06-10 19:33:40,18,25,0.42
2026-06-10 19:33:40,161,116,1.93
2026-06-10 19:33:40,41,52,0.87
2026-06-10 19:33:40,49,63,1.05
2026-06-10 19:33:40,747,833,13.88
2026-06-10 19:33:40,203,56,0.93
2026-06-10 19:33:40,24,44,0.73
2026-06-10 19:33:40,69,61,1.02
2026-06-10 19:33:40,121,36,0.6
2026-06-10 19:33:40,86,44,0.73
2026-06-10 19:33:40,777,136,2.27
2026-06-10 19:33:40,195,51,0.85
2026-06-10 19:33:40,64,47,0.78
2026-06-10 19:33:40,215,89,1.48
2026-06-10 19:33:40,48,60,1.0
2026-06-10 19:33:40,24,46,0.77
2026-06-10 19:33:40,208,43,0.72
2026-06-10 19:33:40,80,48,0.8
2026-06-10 19:33:40,207,29,0.48
2026-06-10 19:33:40,79,25,0.42
2026-06-10 19:33:40,411,29,0.48
2026-06-10 19:33:40,50,59,0.98
2026-06-10 19:33:40,93,139,2.32
2026-06-10 19:33:40,44,16,0.27
2026-06-10 19:33:40,131,41,0.68
2026-06-10 19:33:40,35,144,2.4
2026-06-10 19:33:40,51,80,1.33
2026-06-10 19:33:40,33,53,0.88
2026-06-10 19:33:40,45,90,1.5
2026-06-10 19:33:40,49,78,1.3
2026-06-10 19:33:40,172,103,1.72
2026-06-10 19:33:40,61,29,0.48
2026-06-10 19:33:40,141,50,0.83
2026-06-10 19:33:40,36,94,1.57
2026-06-10 19:33:40,48,38,0.63
2026-06-10 19:33:40,136,73,1.22
2026-06-10 19:33:40,63,75,1.25
2026-06-10 19:33:40,32,100,1.67
2026-06-10 19:33:40,55,83,1.38
2026-06-10 19:33:40,31,51,0.85
2026-06-10 19:33:40,36,84,1.4
2026-06-10 19:33:40,69,63,1.05
2026-06-10 19:33:40,189,42,0.7
2026-06-10 19:33:40,189,18,0.3
2026-06-10 19:33:40,105,60,1.0
2026-06-10 19:33:40,51,91,1.52
2026-06-10 19:33:40,129,59,0.98
2026-06-10 19:33:40,68,66,1.1
2026-06-10 19:33:40,187,70,1.17
2026-06-10 19:33:40,69,43,0.72
2026-06-10 19:33:40,61,105,1.75
2026-06-10 19:33:40,141,44,0.73
2026-06-10 19:33:40,110,127,2.12
2026-06-10 19:33:40,218,18,0.3
2026-06-10 19:33:40,140,37,0.62
2026-06-10 19:33:40,121,39,0.65
2026-06-10 19:33:40,121,26,0.43
2026-06-10 19:33:40,92,161,2.68
2026-06-10 19:33:40,85,67,1.12
2026-06-10 19:33:40,90,16,0.27
2026-06-10 19:33:40,223,175,2.92
2026-06-10 19:33:40,55,127,2.12
2026-06-10 19:33:40,201,100,1.67
2026-06-10 19:33:40,161,39,0.65
2026-06-10 19:33:40,123,120,2.0
2026-06-10 19:33:40,81,89,1.48
2026-06-10 19:33:40,90,35,0.58
2026-06-10 19:33:40,28,71,1.18
2026-06-10 19:33:40,161,79,1.32
2026-06-10 19:33:40,165,69,1.15
2026-06-10 19:33:40,127,68,1.13
2026-06-10 19:33:40,486,44,0.73
2026-06-10 19:33:40,195,18,0.3
2026-06-10 19:33:40,411,39,0.65
2026-06-10 19:33:40,165,69,1.15
2026-06-10 19:33:40,113,42,0.7
2026-06-10 19:33:40,162,36,0.6
2026-06-10 19:33:40,168,60,1.0
2026-06-10 19:33:40,439,45,0.75
2026-06-10 19:33:40,211,32,0.53
2026-06-10 19:33:40,160,103,1.72
2026-06-10 19:33:40,90,31,0.52
2026-06-10 19:33:40,187,29,0.48
2026-06-10 19:33:40,165,39,0.65
2026-06-10 19:33:40,187,64,1.07
2026-06-10 19:33:40,165,18,0.3
2026-06-10 19:33:40,85,44,0.73
2026-06-10 19:33:40,27,51,0.85
2026-06-10 19:33:40,172,54,0.9
2026-06-10 19:33:40,56,53,0.88
2026-06-10 19:33:40,187,107,1.78
2026-06-10 19:33:40,206,215,3.58
2026-06-10 19:33:40,32,53,0.88
2026-06-10 19:33:40,411,228,3.8
2026-06-10 19:33:40,460,121,2.02
2026-06-10 19:33:40,198,31,0.52
2026-06-10 19:33:40,106,24,0.4
2026-06-10 19:33:40,100,34,0.57
2026-06-10 19:33:40,11,66,1.1
2026-06-10 19:33:40,68,136,2.27
2026-06-10 19:33:40,20,90,1.5
2026-06-10 19:33:40,43,41,0.68
2026-06-10 19:33:40,100,105,1.75
2026-06-10 19:33:40,164,111,1.85
2026-06-10 19:33:40,114,32,0.53
2026-06-10 19:33:40,72,36,0.6
2026-06-10 19:33:40,439,84,1.4
2026-06-10 19:33:40,164,62,1.03
2026-06-10 19:33:40,177,123,2.05
2026-06-10 19:33:40,496,40,0.67
2026-06-10 19:33:40,121,38,0.63
2026-06-10 19:33:40,208,29,0.48
2026-06-10 19:33:40,139,91,1.52
2026-06-10 19:33:40,141,31,0.52
2026-06-10 19:33:40,36,93,1.55
2026-06-10 19:33:40,110,87,1.45
2026-06-10 19:33:40,55,63,1.05
2026-06-10 19:33:40,51,28,0.47
2026-06-10 19:33:40,55,56,0.93
2026-06-10 19:33:40,41,53,0.88
2026-06-10 19:33:40,129,63,1.05
2026-06-10 19:33:40,468,65,1.08
2026-06-10 19:33:40,95,41,0.68
2026-06-10 19:33:40,144,56,0.93
2026-06-10 19:33:40,198,299,4.98
2026-06-10 19:33:40,410,111,1.85
2026-06-10 19:33:40,439,97,1.62
2026-06-10 19:33:40,179,38,0.63
2026-06-10 19:33:40,811,23,0.38
2026-06-10 19:33:40,49,219,3.65
2026-06-10 19:33:40,165,33,0.55
2026-06-10 19:33:40,16,23,0.38
2026-06-10 19:33:40,168,86,1.43
2026-06-10 19:33:40,108,47,0.78
2026-06-10 19:33:40,32,59,0.98
2026-06-10 19:33:40,125,25,0.42
2026-06-10 19:33:40,106,31,0.52
2026-06-10 19:33:40,202,24,0.4
2026-06-10 19:33:40,186,31,0.52
2026-06-10 19:33:40,103,36,0.6
2026-06-10 19:33:40,411,1140,19.0
2026-06-10 19:33:40,420,228,3.8
2026-06-10 19:33:40,141,90,1.5
2026-06-10 19:33:40,432,44,0.73
2026-06-10 19:33:40,448,19,0.32
2026-06-10 19:33:40,177,47,0.78
2026-06-10 19:33:40,211,102,1.7
2026-06-10 19:33:40,123,34,0.57
2026-06-10 19:33:40,48,29,0.48
2026-06-10 19:33:40,33,80,1.33
2026-06-10 19:33:40,125,93,1.55
2026-06-10 19:33:40,139,63,1.05
2026-06-10 19:33:40,480,104,1.73
2026-06-10 19:33:40,215,43,0.72
2026-06-10 19:33:40,171,33,0.55
2026-06-10 19:33:40,747,158,2.63
2026-06-10 19:33:40,170,99,1.65
2026-06-10 19:33:40,439,182,3.03
2026-06-10 19:33:40,192,30,0.5
2026-06-10 19:33:40,747,900,15.0
2026-06-10 19:33:40,121,68,1.13
2026-06-10 19:33:40,124,60,1.0
2026-06-10 19:33:40,198,240,4.0
2026-06-10 19:33:40,128,30,0.5
2026-06-10 19:33:40,747,452,7.53
2026-06-10 19:33:40,196,213,3.55
2026-06-10 19:33:40,18,114,1.9
2026-06-10 19:33:40,214,55,0.92
2026-06-10 19:33:40,185,53,0.88
2026-06-10 19:33:40,48,47,0.78
2026-06-10 19:33:40,209,300,5.0
2026-06-10 19:33:40,171,120,2.0
2026-06-10 19:33:40,131,21,0.35
2026-06-10 19:33:40,41,40,0.67
2026-06-10 19:33:40,150,236,3.93
2026-06-10 19:33:40,66,55,0.92
2026-06-10 19:33:40,165,69,1.15
2026-06-10 19:33:40,197,78,1.3
2026-06-10 19:33:40,11,162,2.7
2026-06-10 19:33:40,36,133,2.22
2026-06-10 19:33:40,70,29,0.48
2026-06-10 19:33:40,27,156,2.6
2026-06-10 19:33:40,202,259,4.32
2026-06-10 19:33:40,20,74,1.23
2026-06-10 19:33:40,121,48,0.8
2026-06-10 19:33:40,18,226,3.77
2026-06-10 19:33:40,230,78,1.3
2026-06-10 19:33:40,33,70,1.17
2026-06-10 19:33:40,90,126,2.1
2026-06-10 19:33:40,31,65,1.08
2026-06-10 19:33:40,221,238,3.97
2026-06-10 19:33:40,18,242,4.03
2026-06-10 19:33:40,460,240,4.0
2026-06-10 19:33:40,747,1409,23.48
2026-06-10 19:33:40,48,57,0.95
2026-06-10 19:33:40,150,236,3.93
2026-06-10 19:33:40,449,55,0.92
2026-06-10 19:33:40,85,50,0.83
2026-06-10 19:33:40,17,272,4.53
2026-06-10 19:33:40,202,60,1.0
2026-06-10 19:33:40,174,14,0.23
2026-06-10 19:33:40,211,60,1.0
2026-06-10 19:33:40,747,1515,25.25
2026-06-10 19:33:40,192,33,0.55
2026-06-10 19:33:40,102,51,0.85
2026-06-10 19:33:40,103,87,1.45
2026-06-10 19:33:40,128,60,1.0
2026-06-10 19:33:40,85,32,0.53
2026-06-10 19:33:40,103,102,1.7
2026-06-10 19:33:40,105,141,2.35
2026-06-10 19:33:40,777,300,5.0
2026-06-10 19:33:40,92,259,4.32
2026-06-10 19:33:40,215,147,2.45
2026-06-10 19:33:40,205,42,0.7
2026-06-10 19:33:40,206,35,0.58
2026-06-10 19:33:40,37,92,1.53
2026-06-10 19:33:40,100,34,0.57
2026-06-10 19:33:40,491,73,1.22
2026-06-10 19:33:40,193,63,1.05
2026-06-10 19:33:40,491,941,15.68
2026-06-10 19:33:40,90,35,0.58
2026-06-10 19:33:40,129,78,1.3
2026-06-10 19:33:40,106,41,0.68
2026-06-10 19:33:40,150,59,0.98
2026-06-10 19:33:40,460,240,4.0
2026-06-10 19:33:40,215,147,2.45
2026-06-10 19:33:40,51,80,1.33
2026-06-10 19:33:40,81,89,1.48
2026-06-10 19:33:40,747,855,14.25
2026-06-10 19:33:40,747,1484,24.73
2026-06-10 19:33:40,165,37,0.62
2026-06-10 19:33:40,34,41,0.68
2026-06-10 19:33:40,164,3,0.05
2026-06-10 19:33:40,55,57,0.95
2026-06-10 19:33:40,177,15,0.25
2026-06-10 19:33:40,470,112,1.87
2026-06-10 19:33:40,468,31,0.52
2026-06-10 19:33:40,141,54,0.9
2026-06-10 19:33:40,105,117,1.95
2026-06-10 19:33:40,212,92,1.53
2026-06-10 19:33:40,103,87,1.45
2026-06-10 19:33:40,161,184,3.07
2026-06-10 19:33:40,176,60,1.0
2026-06-10 19:33:40,22,56,0.93
2026-06-10 19:33:40,56,53,0.88
2026-06-10 19:33:40,125,137,2.28
2026-06-10 19:33:40,79,60,1.0
2026-06-10 19:33:40,18,226,3.77
2026-06-10 19:33:40,99,100,1.67
2026-06-10 19:33:40,68,86,1.43
2026-06-10 19:33:40,141,49,0.82
2026-06-10 19:33:40,95,67,1.12
2026-06-10 19:33:40,144,127,2.12
2026-06-10 19:33:40,449,60,1.0
2026-06-10 19:33:40,170,40,0.67
2026-06-10 19:33:40,72,29,0.48
2026-06-10 19:33:40,66,46,0.77
2026-06-10 19:33:40,747,900,15.0
2026-06-10 19:33:40,129,59,0.98
2026-06-10 19:33:40,144,49,0.82
2026-06-10 19:33:40,468,30,0.5
2026-06-10 19:33:40,43,73,1.22
2026-06-10 19:33:40,160,50,0.83
2026-06-10 19:33:40,49,60,1.0
2026-06-10 19:33:40,209,94,1.57
2026-06-10 19:33:40,177,49,0.82
2026-06-10 19:33:40,57,67,1.12
2026-06-10 19:33:40,57,59,0.98
2026-06-10 19:33:40,777,240,4.0
2026-06-10 19:33:40,777,181,3.02
2026-06-10 19:33:40,103,64,1.07
2026-06-10 19:33:40,487,101,1.68
2026-06-10 19:33:40,63,59,0.98
2026-06-10 19:33:40,138,21,0.35
2026-06-10 19:33:40,93,108,1.8
2026-06-10 19:33:40,221,120,2.0
2026-06-10 19:33:40,410,19,0.32
2026-06-10 19:33:40,747,1240,20.67
2026-06-10 19:33:40,165,37,0.62
2026-06-10 19:33:40,61,145,2.42
2026-06-10 19:33:40,196,60,1.0
2026-06-10 19:33:40,106,41,0.68
2026-06-10 19:33:40,22,91,1.52
2026-06-10 19:33:40,70,240,4.0
2026-06-10 19:33:40,20,180,3.0
2026-06-10 19:33:40,102,142,2.37
2026-06-10 19:33:40,747,203,3.38
2026-06-10 19:33:40,136,17,0.28
2026-06-10 19:33:40,70,240,4.0
2026-06-10 19:33:40,164,108,1.8
2026-06-10 19:33:40,128,60,1.0
2026-06-10 19:33:40,71,41,0.68
2026-06-10 19:33:40,127,49,0.82
2026-06-10 19:33:40,44,70,1.17
2026-06-10 19:33:40,129,71,1.18
2026-06-10 19:33:40,67,51,0.85
2026-06-10 19:33:40,99,100,1.67
2026-06-10 19:33:40,140,133,2.22
2026-06-10 19:33:40,180,122,2.03
2026-06-10 19:33:40,47,99,1.65
2026-06-10 19:33:40,47,101,1.68
2026-06-10 19:33:40,28,40,0.67
2026-06-10 19:33:40,51,47,0.78
2026-06-10 19:33:40,211,1020,17.0
2026-06-10 19:33:40,162,120,2.0
2026-06-10 19:33:40,80,105,1.75
2026-06-10 19:33:40,10,61,1.02
2026-06-10 19:33:40,777,240,4.0
2026-06-10 19:33:40,104,21,0.35
2026-06-10 19:33:40,208,71,1.18
2026-06-10 19:33:40,127,110,1.83
2026-06-10 19:33:40,180,106,1.77
2026-06-10 19:33:40,230,50,0.83
2026-06-10 19:33:40,48,47,0.78
2026-06-10 19:33:40,104,55,0.92
2026-06-10 19:33:40,44,70,1.17
2026-06-10 19:33:40,491,73,1.22
2026-06-10 19:33:40,215,131,2.18
2026-06-10 19:33:40,171,74,1.23
2026-06-10 19:33:40,51,67,1.12
2026-06-10 19:33:40,90,75,1.25
2026-06-10 19:33:40,54,32,0.53
2026-06-10 19:33:40,18,91,1.52
2026-06-10 19:33:40,138,69,1.15
2026-06-10 19:33:40,141,54,0.9
2026-06-10 19:33:40,16,119,1.98
2026-06-10 19:33:40,114,62,1.03
2026-06-10 19:33:40,107,20,0.33
2026-06-10 19:33:40,170,76,1.27
2026-06-10 19:33:40,16,15,0.25
2026-06-10 19:33:40,32,57,0.95
2026-06-10 19:33:40,27,46,0.77
2026-06-10 19:33:40,113,46,0.77
2026-06-10 19:33:40,34,71,1.18
2026-06-10 19:33:40,34,42,0.7
2026-06-10 19:33:40,67,55,0.92
2026-06-10 19:33:40,11,14,0.23
2026-06-10 19:33:40,168,52,0.87
2026-06-10 19:33:40,197,45,0.75
2026-06-10 19:33:40,79,84,1.4
2026-06-10 19:33:40,45,26,0.43
2026-06-10 19:33:40,112,71,1.18
2026-06-10 19:33:40,189,83,1.38
2026-06-10 19:33:40,190,33,0.55
2026-06-10 19:33:40,150,59,0.98
2026-06-10 19:33:40,32,69,1.15
2026-06-10 19:33:40,201,42,0.7
2026-06-10 19:33:40,100,10,0.17
2026-06-10 19:33:40,35,73,1.22
2026-06-10 19:33:40,747,203,3.38
2026-06-10 19:33:40,57,67,1.12
2026-06-10 19:33:40,24,52,0.87
2026-06-10 19:33:40,168,67,1.12
2026-06-10 19:33:40,38,360,6.0
2026-06-10 19:33:40,113,46,0.77
2026-06-10 19:33:40,411,75,1.25
2026-06-10 19:33:40,25,51,0.85
2026-06-10 19:33:40,17,78,1.3
2026-06-10 19:33:40,38,81,1.35
2026-06-10 19:33:40,114,33,0.55
2026-06-10 19:33:40,35,75,1.25
2026-06-10 19:33:40,449,463,7.72
2026-06-10 19:33:40,177,49,0.82
2026-06-10 19:33:40,198,109,1.82
2026-06-10 19:33:40,110,32,0.53
2026-06-10 19:33:40,230,184,3.07
2026-06-10 19:33:40,468,60,1.0
2026-06-10 19:33:40,165,37,0.62
2026-06-10 19:33:40,64,102,1.7
2026-06-10 19:33:40,165,69,1.15
2026-06-10 19:33:40,123,25,0.42
2026-06-10 19:33:40,54,43,0.72
2026-06-10 19:33:40,119,101,1.68
2026-06-10 19:33:40,86,33,0.55
2026-06-10 19:33:40,37,92,1.53
2026-06-10 19:33:40,50,183,3.05
2026-06-10 19:33:40,11,55,0.92
2026-06-10 19:33:40,195,143,2.38
2026-06-10 19:33:40,496,84,1.4
2026-06-10 19:33:40,195,181,3.02
2026-06-10 19:33:40,204,68,1.13
2026-06-10 19:33:40,55,57,0.95
2026-06-10 19:33:40,172,54,0.9
2026-06-10 19:33:40,97,41,0.68
2026-06-10 19:33:40,136,66,1.1
2026-06-10 19:33:40,112,71,1.18
2026-06-10 19:33:40,110,179,2.98
2026-06-10 19:33:40,123,120,2.0
2026-06-10 19:33:40,94,48,0.8
2026-06-10 19:33:40,12,47,0.78
2026-06-10 19:33:40,41,40,0.67
2026-06-10 19:33:40,47,99,1.65
2026-06-10 19:33:40,747,900,15.0
2026-06-10 19:33:40,105,44,0.73
2026-06-10 19:33:40,49,121,2.02
2026-06-10 19:33:40,179,38,0.63
2026-06-10 19:33:40,180,115,1.92
2026-06-10 19:33:40,206,215,3.58
2026-06-10 19:33:40,36,93,1.55
2026-06-10 19:33:40,43,25,0.42
2026-06-10 19:33:40,86,47,0.78
2026-06-10 19:33:40,124,60,1.0
2026-06-10 19:33:40,49,60,1.0
2026-06-10 19:33:40,411,1140,19.0
2026-06-10 19:33:40,85,43,0.72
2026-06-10 19:33:40,51,39,0.65
2026-06-10 19:33:40,92,36,0.6
2026-06-10 19:33:40,172,60,1.0
2026-06-10 19:33:40,43,73,1.22
2026-06-10 19:33:40,10,37,0.62
2026-06-10 19:33:40,10,39,0.65
2026-06-10 19:33:40,64,78,1.3
2026-06-10 19:33:40,105,141,2.35
2026-06-10 19:33:40,200,254,4.23
2026-06-10 19:33:40,468,370,6.17
2026-06-10 19:33:40,192,37,0.62
2026-06-10 19:33:40,439,90,1.5
2026-06-10 19:33:40,128,30,0.5
2026-06-10 19:33:40,214,138,2.3
2026-06-10 19:33:40,202,259,4.32
2026-06-10 19:33:40,33,45,0.75
2026-06-10 19:33:40,193,43,0.72
2026-06-10 19:33:40,121,55,0.92
2026-06-10 19:33:40,201,100,1.67
2026-06-10 19:33:40,12,67,1.12
2026-06-10 19:33:40,71,96,1.6
2026-06-10 19:33:40,491,941,15.68
2026-06-10 19:33:40,119,101,1.68
2026-06-10 19:33:40,170,40,0.67
2026-06-10 19:33:40,170,76,1.27
2026-06-10 19:33:40,36,63,1.05
2026-06-10 19:33:40,28,30,0.5
2026-06-10 19:33:40,106,138,2.3
2026-06-10 19:33:40,218,48,0.8
2026-06-10 19:33:40,203,115,1.92
2026-06-10 19:33:40,777,240,4.0
2026-06-10 19:33:40,74,48,0.8
2026-06-10 19:33:40,74,83,1.38
2026-06-10 19:33:40,164,108,1.8
2026-06-10 19:33:40,97,41,0.68
2026-06-10 19:33:40,20,74,1.23
2026-06-10 19:33:40,160,50,0.83
2026-06-10 19:33:40,81,29,0.48
2026-06-10 19:33:40,164,19,0.32
2026-06-10 19:33:40,140,133,2.22
2026-06-10 19:33:40,218,96,1.6
2026-06-10 19:33:40,95,46,0.77
2026-06-10 19:33:40,48,119,1.98
2026-06-10 19:33:40,86,33,0.55
2026-06-10 19:33:40,68,77,1.28
2026-06-10 19:33:40,18,226,3.77
2026-06-10 19:33:40,28,30,0.5
2026-06-10 19:33:40,31,243,4.05
2026-06-10 19:33:40,34,71,1.18
2026-06-10 19:33:40,141,49,0.82
2026-06-10 19:33:40,44,64,1.07
2026-06-10 19:33:40,166,60,1.0
2026-06-10 19:33:40,43,25,0.42
2026-06-10 19:33:40,183,23,0.38
2026-06-10 19:33:40,165,37,0.62
2026-06-10 19:33:40,35,55,0.92
2026-06-10 19:33:40,18,91,1.52
2026-06-10 19:33:40,189,49,0.82
2026-06-10 19:33:40,186,60,1.0
2026-06-10 19:33:40,205,206,3.43
2026-06-10 19:33:40,71,55,0.92
2026-06-10 19:33:40,215,131,2.18
2026-06-10 19:33:40,24,52,0.87
2026-06-10 19:33:40,209,91,1.52
2026-06-10 19:33:40,69,54,0.9
2026-06-10 19:33:40,48,47,0.78
2026-06-10 19:33:40,121,26,0.43
2026-06-10 19:33:40,186,56,0.93
2026-06-10 19:33:40,26,34,0.57
2026-06-10 19:33:40,202,74,1.23
2026-06-10 19:33:40,165,37,0.62
2026-06-10 19:33:40,131,80,1.33
2026-06-10 19:33:40,57,59,0.98
2026-06-10 19:33:40,125,137,2.28
2026-06-10 19:33:40,207,227,3.78
2026-06-10 19:33:40,187,48,0.8
2026-06-10 19:33:40,26,77,1.28
2026-06-10 19:33:40,211,60,1.0
2026-06-10 19:33:40,176,60,1.0
2026-06-10 19:33:40,100,78,1.3
2026-06-10 19:33:40,747,900,15.0
2026-06-10 19:33:40,138,21,0.35
2026-06-10 19:33:40,67,51,0.85
2026-06-10 19:33:40,141,54,0.9
2026-06-10 19:33:40,193,63,1.05
2026-06-10 19:33:40,94,45,0.75
2026-06-10 19:33:40,114,33,0.55
2026-06-10 19:33:40,108,33,0.55
2026-06-10 19:33:40,103,87,1.45
2026-06-10 19:33:40,211,1020,17.0
2026-06-10 19:33:40,777,300,5.0
2026-06-10 19:33:40,61,37,0.62
2026-06-10 19:33:40,57,117,1.95
2026-06-10 19:33:40,161,215,3.58
2026-06-10 19:33:40,174,26,0.43
2026-06-10 19:33:40,51,47,0.78
2026-06-10 19:33:40,54,32,0.53
2026-06-10 19:33:40,37,37,0.62
2026-06-10 19:33:40,64,102,1.7
2026-06-10 19:33:40,102,142,2.37
2026-06-10 19:33:40,54,43,0.72
2026-06-10 19:33:40,136,66,1.1
2026-06-10 19:33:40,161,39,0.65
2026-06-10 19:33:40,221,120,2.0
2026-06-10 19:33:40,124,125,2.08
2026-06-10 19:33:40,747,203,3.38
2026-06-10 19:33:40,470,51,0.85
2026-06-10 19:33:40,150,236,3.93
2026-06-10 19:33:40,41,53,0.88
2026-06-10 19:33:40,105,141,2.35
2026-06-10 19:33:40,12,47,0.78
2026-06-10 19:33:40,11,14,0.23
2026-06-10 19:33:40,136,17,0.28
2026-06-10 19:33:40,200,71,1.18
2026-06-10 19:33:40,119,16,0.27
2026-06-10 19:33:40,49,121,2.02
2026-06-10 19:33:40,80,52,0.87
2026-06-10 19:33:40,97,155,2.58
2026-06-10 19:33:40,162,33,0.55
2026-06-10 19:33:40,51,39,0.65
2026-06-10 19:33:40,50,66,1.1
2026-06-10 19:33:40,112,45,0.75
2026-06-10 19:33:40,108,47,0.78
2026-06-10 19:33:40,24,25,0.42
2026-06-10 19:33:40,55,57,0.95
2026-06-10 19:33:40,190,158,2.63
2026-06-10 19:33:40,470,1260,21.0
2026-06-10 19:33:40,93,84,1.4
2026-06-10 19:33:40,102,51,0.85
2026-06-10 19:33:40,189,83,1.38
2026-06-10 19:33:40,777,240,4.0
2026-06-10 19:33:40,103,64,1.07
2026-06-10 19:33:40,104,55,0.92
2026-06-10 19:33:40,187,107,1.78
2026-06-10 19:33:40,208,186,3.1
2026-06-10 19:33:40,81,89,1.48
2026-06-10 19:33:40,204,78,1.3
2026-06-10 19:33:40,439,112,1.87
2026-06-10 19:33:40,20,180,3.0
2026-06-10 19:33:40,93,139,2.32
2026-06-10 19:33:40,17,40,0.67
2026-06-10 19:33:40,165,69,1.15
2026-06-10 19:33:40,13,54,0.9
2026-06-10 19:33:40,171,74,1.23
2026-06-10 19:33:40,139,91,1.52
2026-06-10 19:33:40,198,299,4.98
2026-06-10 19:33:40,221,264,4.4
2026-06-10 19:33:40,36,133,2.22
2026-06-10 19:33:40,80,105,1.75
2026-06-10 19:33:40,56,86,1.43
2026-06-10 19:33:40,105,44,0.73
2026-06-10 19:33:40,13,53,0.88
2026-06-10 19:33:40,94,45,0.75
2026-06-10 19:33:40,37,92,1.53
2026-06-10 19:33:40,27,156,2.6
2026-06-10 19:33:40,70,29,0.48
2026-06-10 19:33:40,48,119,1.98
2026-06-10 19:33:40,150,59,0.98
2026-06-10 19:33:40,192,33,0.55
2026-06-10 19:33:40,212,92,1.53
2026-06-10 19:33:40,747,1500,25.0
2026-06-10 19:33:40,177,15,0.25
2026-06-10 19:33:40,160,50,0.83
2026-06-10 19:33:40,201,100,1.67
2026-06-10 19:33:40,197,78,1.3
2026-06-10 19:33:40,90,16,0.27
2026-06-10 19:33:40,166,41,0.68
2026-06-10 19:33:40,176,60,1.0
2026-06-10 19:33:40,41,40,0.67
2026-06-10 19:33:40,203,269,4.48
2026-06-10 19:33:40,106,138,2.3
2026-06-10 19:33:40,94,48,0.8
2026-06-10 19:33:40,129,59,0.98
2026-06-10 19:33:40,131,21,0.35
2026-06-10 19:33:40,496,958,15.97
2026-06-10 19:33:40,215,147,2.45
2026-06-10 19:33:40,171,120,2.0
2026-06-10 19:33:40,92,259,4.32
2026-06-10 19:33:40,172,54,0.9
2026-06-10 19:33:40,162,120,2.0
2026-06-10 19:33:40,206,35,0.58
2026-06-10 19:33:40,205,42,0.7
2026-06-10 19:33:40,44,70,1.17
2026-06-10 19:33:40,214,55,0.92
2026-06-10 19:33:40,18,226,3.77
2026-06-10 19:33:40,140,180,3.0
2026-06-10 19:33:40,67,55,0.92
2026-06-10 19:33:40,66,55,0.92
2026-06-10 19:33:40,112,71,1.18
2026-06-10 19:33:40,144,49,0.82
2026-06-10 19:33:40,36,93,1.55
2026-06-10 19:33:40,61,145,2.42
2026-06-10 19:33:40,56,53,0.88
2026-06-10 19:33:40,141,54,0.9
2026-06-10 19:33:40,68,86,1.43
2026-06-10 19:33:40,141,49,0.82
2026-06-10 19:33:40,496,84,1.4
2026-06-10 19:33:40,449,60,1.0
2026-06-10 19:33:40,209,300,5.0
2026-06-10 19:33:40,95,67,1.12
2026-06-10 19:33:40,144,127,2.12
2026-06-10 19:33:40,185,53,0.88
2026-06-10 19:33:40,22,56,0.93
2026-06-10 19:33:40,128,60,1.0
2026-06-10 19:33:40,170,40,0.67
2026-06-10 19:33:40,100,34,0.57
2026-06-10 19:33:40,10,61,1.02
2026-06-10 19:33:40,103,87,1.45
2026-06-10 19:33:40,172,60,1.0
2026-06-10 19:33:40,105,141,2.35
2026-06-10 19:33:40,107,20,0.33
2026-06-10 19:33:40,106,41,0.68
2026-06-10 19:33:40,97,41,0.68
2026-06-10 19:33:40,79,60,1.0
2026-06-10 19:33:40,32,57,0.95
2026-06-10 19:33:40,22,91,1.52
2026-06-10 19:33:40,208,71,1.18
2026-06-10 19:33:40,32,69,1.15
2026-06-10 19:33:40,66,46,0.77
2026-06-10 19:33:40,168,52,0.87
2026-06-10 19:33:40,51,39,0.65
2026-06-10 19:33:40,55,57,0.95
2026-06-10 19:33:40,127,49,0.82
2026-06-10 19:33:40,25,51,0.85
2026-06-10 19:33:40,64,102,1.7
2026-06-10 19:33:40,811,59,0.98
2026-06-10 19:33:40,211,1020,17.0
2026-06-10 19:33:40,129,71,1.18
2026-06-10 19:33:40,127,110,1.83
2026-06-10 19:33:40,20,74,1.23
2026-06-10 19:33:40,104,21,0.35
2026-06-10 19:33:40,201,42,0.7
2026-06-10 19:33:40,198,109,1.82
2026-06-10 19:33:40,229,53,0.88
2026-06-10 19:33:40,165,69,1.15
2026-06-10 19:33:40,67,60,1.0
2026-06-10 19:33:40,110,32,0.53
2026-06-10 19:33:40,121,26,0.43
2026-06-10 19:33:40,49,121,2.02
2026-06-10 19:33:40,114,62,1.03
2026-06-10 19:33:40,747,900,15.0
2026-06-10 19:33:40,45,26,0.43
2026-06-10 19:33:40,79,84,1.4
2026-06-10 19:33:40,197,60,1.0
2026-06-10 19:33:40,16,119,1.98
2026-06-10 19:33:40,51,67,1.12
2026-06-10 19:33:40,113,71,1.18
2026-06-10 19:33:40,105,141,2.35
2026-06-10 19:33:40,138,69,1.15
2026-06-10 19:33:40,195,181,3.02
2026-06-10 19:33:40,48,47,0.78
2026-06-10 19:33:40,55,57,0.95
2026-06-10 19:33:40,411,75,1.25
2026-06-10 19:33:40,16,15,0.25
2026-06-10 19:33:40,195,143,2.38
2026-06-10 19:33:40,161,39,0.65
2026-06-10 19:33:40,121,55,0.92
2026-06-10 19:33:40,48,119,1.98
2026-06-10 19:33:40,468,60,1.0
2026-06-10 19:33:40,168,67,1.12
2026-06-10 19:33:40,197,78,1.3
2026-06-10 19:33:40,179,19,0.32
2026-06-10 19:33:40,18,114,1.9
2026-06-10 19:33:40,161,245,4.08
2026-06-10 19:33:40,38,81,1.35
2026-06-10 19:33:40,64,78,1.3
2026-06-10 19:33:40,123,25,0.42
2026-06-10 19:33:40,38,360,6.0
2026-06-10 19:33:40,81,29,0.48
2026-06-10 19:33:40,190,33,0.55
2026-06-10 19:33:40,17,78,1.3
2026-06-10 19:33:40,67,55,0.92
2026-06-10 19:33:40,106,138,2.3
2026-06-10 19:33:40,193,63,1.05
2026-06-10 19:33:40,12,67,1.12
2026-06-10 19:33:40,186,60,1.0
2026-06-10 19:33:40,11,55,0.92
2026-06-10 19:33:40,105,44,0.73
2026-06-10 19:33:40,86,47,0.78
2026-06-10 19:33:40,47,101,1.68
2026-06-10 19:33:40,44,64,1.07
2026-06-10 19:33:40,24,59,0.98
2026-06-10 19:33:40,229,149,2.48
2026-06-10 19:33:40,204,68,1.13
2026-06-10 19:33:40,174,360,6.0
2026-06-10 19:33:40,449,463,7.72
2026-06-10 19:33:40,49,60,1.0
2026-06-10 19:33:40,777,300,5.0
2026-06-10 19:33:40,180,115,1.92
2026-06-10 19:33:40,92,49,0.82
2026-06-10 19:33:40,176,60,1.0
2026-06-10 19:33:40,192,37,0.62
2026-06-10 19:33:40,439,90,1.5
2026-06-10 19:33:40,128,30,0.5
2026-06-10 19:33:40,85,67,1.12
2026-06-10 19:33:40,187,107,1.78
2026-06-10 19:33:40,18,226,3.77
2026-06-10 19:33:40,141,54,0.9
2026-06-10 19:33:40,777,181,3.02
2026-06-10 19:33:40,468,370,6.17
2026-06-10 19:33:40,141,49,0.82
2026-06-10 19:33:40,27,46,0.77
2026-06-10 19:33:40,71,96,1.6
2026-06-10 19:33:40,200,254,4.23
2026-06-10 19:33:40,33,45,0.75
2026-06-10 19:33:40,24,25,0.42
2026-06-10 19:33:40,90,75,1.25
2026-06-10 19:33:40,189,103,1.72
2026-06-10 19:33:40,176,60,1.0
2026-06-10 19:33:40,214,138,2.3
2026-06-10 19:33:40,61,37,0.62
2026-06-10 19:33:40,202,74,1.23
2026-06-10 19:33:40,85,43,0.72
2026-06-10 19:33:40,165,69,1.15
2026-06-10 19:33:40,203,115,1.92
2026-06-10 19:33:40,55,186,3.1
2026-06-10 19:33:40,496,958,15.97
2026-06-10 19:33:40,185,72,1.2
2026-06-10 19:33:40,193,43,0.72
2026-06-10 19:33:40,26,34,0.57
2026-06-10 19:33:40,162,38,0.63
2026-06-10 19:33:40,747,900,15.0
2026-06-10 19:33:40,160,50,0.83
2026-06-10 19:33:40,218,48,0.8
2026-06-10 19:33:40,34,42,0.7
2026-06-10 19:33:40,218,96,1.6
2026-06-10 19:33:40,95,46,0.77
2026-06-10 19:33:40,777,240,4.0
2026-06-10 19:33:40,136,66,1.1
2026-06-10 19:33:40,35,75,1.25
2026-06-10 19:33:40,72,29,0.48
2026-06-10 19:33:40,26,77,1.28
2026-06-10 19:33:40,31,243,4.05
2026-06-10 19:33:40,20,180,3.0
2026-06-10 19:33:40,67,60,1.0
2026-06-10 19:33:40,80,105,1.75
2026-06-10 19:33:40,189,49,0.82
2026-06-10 19:33:40,69,54,0.9
2026-06-10 19:33:40,37,37,0.62
2026-06-10 19:33:40,49,121,2.02
2026-06-10 19:33:40,68,77,1.28
2026-06-10 19:33:40,186,56,0.93
2026-06-10 19:33:40,183,19,0.32
2026-06-10 19:33:40,190,158,2.63
2026-06-10 19:33:40,131,80,1.33
2026-06-10 19:33:40,119,16,0.27
2026-06-10 19:33:40,439,112,1.87
2026-06-10 19:33:40,51,39,0.65
2026-06-10 19:33:40,48,119,1.98
2026-06-10 19:33:40,70,240,4.0
2026-06-10 19:33:40,121,55,0.92
2026-06-10 19:33:40,161,39,0.65
2026-06-10 19:33:40,110,201,3.35
2026-06-10 19:33:40,161,245,4.08
2026-06-10 19:33:40,108,33,0.55
2026-06-10 19:33:40,174,26,0.43
2026-06-10 19:33:40,172,60,1.0
2026-06-10 19:33:40,165,37,0.62
2026-06-10 19:33:40,27,156,2.6
2026-06-10 19:33:40,170,76,1.27
2026-06-10 19:33:40,105,141,2.35
2026-06-10 19:33:40,124,125,2.08
2026-06-10 19:33:40,200,71,1.18
2026-06-10 19:33:40,112,45,0.75
2026-06-10 19:33:40,24,59,0.98
2026-06-10 19:33:40,13,54,0.9
2026-06-10 19:33:40,470,1260,21.0
2026-06-10 19:33:40,56,86,1.43
2026-06-10 19:33:40,141,49,0.82
2026-06-10 19:33:40,208,186,3.1
2026-06-10 19:33:40,67,82,1.37
2026-06-10 19:33:40,125,83,1.38
2026-06-10 19:33:40,44,106,1.77
2026-06-10 19:33:40,55,71,1.18
2026-06-10 19:43:41,136,61,1.02
2026-06-10 19:43:41,29,58,0.97
2026-06-10 19:43:41,48,40,0.67
2026-06-10 19:43:41,99,72,1.2
2026-06-10 19:43:41,195,55,0.92
2026-06-10 19:43:41,136,77,1.28
2026-06-10 19:43:41,107,39,0.65
2026-06-10 19:43:41,35,54,0.9
2026-06-10 19:43:41,449,27,0.45
2026-06-10 19:43:41,32,63,1.05
2026-06-10 19:43:41,172,50,0.83
2026-06-10 19:43:41,18,78,1.3
2026-06-10 19:43:41,32,31,0.52
2026-06-10 19:43:41,179,38,0.63
2026-06-10 19:43:41,131,41,0.68
2026-06-10 19:43:41,439,63,1.05
2026-06-10 19:43:41,777,57,0.95
2026-06-10 19:43:41,410,111,1.85
2026-06-10 19:43:41,160,101,1.68
2026-06-10 19:43:41,170,22,0.37
2026-06-10 19:43:41,63,44,0.73
2026-06-10 19:43:41,176,50,0.83
2026-06-10 19:43:41,24,36,0.6
2026-06-10 19:43:41,49,44,0.73
2026-06-10 19:43:41,209,41,0.68
2026-06-10 19:43:41,110,372,6.2
2026-06-10 19:43:41,49,62,1.03
2026-06-10 19:43:41,128,25,0.42
2026-06-10 19:43:41,496,67,1.12
2026-06-10 19:43:41,128,44,0.73
2026-06-10 19:43:41,187,160,2.67
2026-06-10 19:43:41,215,29,0.48
2026-06-10 19:43:41,67,48,0.8
2026-06-10 19:43:41,198,99,1.65
2026-06-10 19:43:41,51,9,0.15
2026-06-10 19:43:41,470,102,1.7
2026-06-10 19:43:41,94,63,1.05
2026-06-10 19:43:41,189,28,0.47
2026-06-10 19:43:41,150,60,1.0
2026-06-10 19:43:41,125,49,0.82
2026-06-10 19:43:41,165,45,0.75
2026-06-10 19:43:41,128,36,0.6
2026-06-10 19:43:41,11,91,1.52
2026-06-10 19:43:41,165,58,0.97
2026-06-10 19:43:41,37,108,1.8
2026-06-10 19:43:41,102,26,0.43
2026-06-10 19:43:41,69,97,1.62
2026-06-10 19:43:41,211,42,0.7
2026-06-10 19:43:41,69,60,1.0
2026-06-10 19:43:41,31,45,0.75
2026-06-10 19:43:41,69,65,1.08
2026-06-10 19:43:41,10,125,2.08
2026-06-10 19:43:41,193,50,0.83
2026-06-10 19:43:41,67,60,1.0
2026-06-10 19:43:41,18,240,4.0
2026-06-10 19:43:41,108,50,0.83
2026-06-10 19:43:41,202,9,0.15
2026-06-10 19:43:41,66,59,0.98
2026-06-10 19:43:41,45,61,1.02
2026-06-10 19:43:41,33,50,0.83
2026-06-10 19:43:41,215,53,0.88
2026-06-10 19:43:41,160,95,1.58
2026-06-10 19:43:41,177,68,1.13
2026-06-10 19:43:41,69,54,0.9
2026-06-10 19:43:41,79,15,0.25
2026-06-10 19:43:41,67,121,2.02
2026-06-10 19:43:41,48,57,0.95
2026-06-10 19:43:41,68,27,0.45
2026-06-10 19:43:41,32,29,0.48
2026-06-10 19:43:41,86,27,0.45
2026-06-10 19:43:41,162,41,0.68
2026-06-10 19:43:41,64,63,1.05
2026-06-10 19:43:41,202,67,1.12
2026-06-10 19:43:41,121,44,0.73
2026-06-10 19:43:41,56,94,1.57
2026-06-10 19:43:41,81,128,2.13
2026-06-10 19:43:41,129,138,2.3
2026-06-10 19:43:41,141,18,0.3
2026-06-10 19:43:41,114,66,1.1
2026-06-10 19:43:41,86,34,0.57
2026-06-10 19:43:41,440,60,1.0
2026-06-10 19:43:41,48,49,0.82
2026-06-10 19:43:41,38,14,0.23
2026-06-10 19:43:41,211,1020,17.0
2026-06-10 19:43:41,121,31,0.52
2026-06-10 19:43:41,63,35,0.58
2026-06-10 19:43:41,179,58,0.97
2026-06-10 19:43:41,55,91,1.52
2026-06-10 19:43:41,105,93,1.55
2026-06-10 19:43:41,480,95,1.58
2026-06-10 19:43:41,51,59,0.98
2026-06-10 19:43:41,166,49,0.82
2026-06-10 19:43:41,747,24,0.4
2026-06-10 19:43:41,12,24,0.4
2026-06-10 19:43:41,121,42,0.7
2026-06-10 19:43:41,18,29,0.48
2026-06-10 19:43:41,24,66,1.1
2026-06-10 19:43:41,18,41,0.68
2026-06-10 19:43:41,57,58,0.97
2026-06-10 19:43:41,35,63,1.05
2026-06-10 19:43:41,18,49,0.82
2026-06-10 19:43:41,44,157,2.62
2026-06-10 19:43:41,32,42,0.7
2026-06-10 19:43:41,56,21,0.35
2026-06-10 19:43:41,11,9,0.15
2026-06-10 19:43:41,124,76,1.27
2026-06-10 19:43:41,200,39,0.65
2026-06-10 19:43:41,104,20,0.33
2026-06-10 19:43:41,119,139,2.32
2026-06-10 19:43:41,161,81,1.35
2026-06-10 19:43:41,24,52,0.87
2026-06-10 19:43:41,67,68,1.13
2026-06-10 19:43:41,41,74,1.23
2026-06-10 19:43:41,105,46,0.77
2026-06-10 19:43:41,187,20,0.33
2026-06-10 19:43:41,165,43,0.72
2026-06-10 19:43:41,90,23,0.38
2026-06-10 19:43:41,119,24,0.4
2026-06-10 19:43:41,193,24,0.4
2026-06-10 19:43:41,110,49,0.82
2026-06-10 19:43:41,13,54,0.9
2026-06-10 19:43:41,211,37,0.62
2026-06-10 19:43:41,203,70,1.17
2026-06-10 19:43:41,92,21,0.35
2026-06-10 19:43:41,121,86,1.43
2026-06-10 19:43:41,449,32,0.53
2026-06-10 19:43:41,61,129,2.15
2026-06-10 19:43:41,55,54,0.9
2026-06-10 19:43:41,192,37,0.62
2026-06-10 19:43:41,439,34,0.57
2026-06-10 19:43:41,139,61,1.02
2026-06-10 19:43:41,136,75,1.25
2026-06-10 19:43:41,747,900,15.0
2026-06-10 19:43:41,68,55,0.92
2026-06-10 19:43:41,50,168,2.8
2026-06-10 19:43:41,141,79,1.32
2026-06-10 19:43:41,198,63,1.05
2026-06-10 19:43:41,11,95,1.58
2026-06-10 19:43:41,200,51,0.85
2026-06-10 19:43:41,108,41,0.68
2026-06-10 19:43:41,144,49,0.82
2026-06-10 19:43:41,80,44,0.73
2026-06-10 19:43:41,439,63,1.05
2026-06-10 19:43:41,44,50,0.83
2026-06-10 19:43:41,51,91,1.52
2026-06-10 19:43:41,747,1484,24.73
2026-06-10 19:43:41,195,49,0.82
2026-06-10 19:43:41,141,98,1.63
2026-06-10 19:43:41,41,29,0.48
2026-06-10 19:43:41,487,59,0.98
2026-06-10 19:43:41,439,61,1.02
2026-06-10 19:43:41,48,48,0.8
2026-06-10 19:43:41,202,56,0.93
2026-06-10 19:43:41,460,68,1.13
2026-06-10 19:43:41,187,25,0.42
2026-06-10 19:43:41,92,69,1.15
2026-06-10 19:43:41,229,180,3.0
2026-06-10 19:43:41,141,28,0.47
2026-06-10 19:43:41,432,33,0.55
2026-06-10 19:43:41,124,80,1.33
2026-06-10 19:43:41,140,32,0.53
2026-06-10 19:43:41,48,122,2.03
2026-06-10 19:43:41,70,123,2.05
2026-06-10 19:43:41,80,77,1.28
2026-06-10 19:43:41,811,65,1.08
2026-06-10 19:43:41,468,58,0.97
2026-06-10 19:43:41,72,27,0.45
2026-06-10 19:43:41,185,49,0.82
2026-06-10 19:43:41,460,221,3.68
2026-06-10 19:43:41,31,73,1.22
2026-06-10 19:43:41,17,40,0.67
2026-06-10 19:43:41,41,79,1.32
2026-06-10 19:43:41,177,70,1.17
2026-06-10 19:43:41,123,29,0.48
2026-06-10 19:43:41,161,59,0.98
2026-06-10 19:43:41,54,58,0.97
2026-06-10 19:43:41,141,43,0.72
2026-06-10 19:43:41,71,54,0.9
2026-06-10 19:43:41,54,62,1.03
2026-06-10 19:43:41,81,32,0.53
2026-06-10 19:43:41,201,27,0.45
2026-06-10 19:43:41,49,26,0.43
2026-06-10 19:43:41,104,96,1.6
2026-06-10 19:43:41,121,49,0.82
2026-06-10 19:43:41,67,80,1.33
2026-06-10 19:43:41,205,48,0.8
2026-06-10 19:43:41,141,138,2.3
2026-06-10 19:43:41,177,120,2.0
2026-06-10 19:43:41,54,180,3.0
2026-06-10 19:43:41,107,42,0.7
2026-06-10 19:43:41,43,68,1.13
2026-06-10 19:43:41,186,26,0.43
2026-06-10 19:43:41,51,43,0.72
2026-06-10 19:43:41,61,72,1.2
2026-06-10 19:43:41,107,76,1.27
2026-06-10 19:43:41,25,37,0.62
2026-06-10 19:43:41,208,56,0.93
2026-06-10 19:43:41,161,42,0.7
2026-06-10 19:43:41,103,39,0.65
2026-06-10 19:43:41,106,62,1.03
2026-06-10 19:43:41,106,41,0.68
2026-06-10 19:43:41,51,48,0.8
2026-06-10 19:43:41,24,56,0.93
2026-06-10 19:43:41,197,63,1.05
2026-06-10 19:43:41,138,78,1.3
2026-06-10 19:43:41,192,59,0.98
2026-06-10 19:43:41,69,68,1.13
2026-06-10 19:43:41,180,60,1.0
2026-06-10 19:43:41,189,27,0.45
2026-06-10 19:43:41,211,55,0.92
2026-06-10 19:43:41,203,31,0.52
2026-06-10 19:43:41,85,58,0.97
2026-06-10 19:43:41,54,22,0.37
2026-06-10 19:43:41,205,21,0.35
2026-06-10 19:43:41,97,9,0.15
2026-06-10 19:43:41,66,29,0.48
2026-06-10 19:43:41,49,53,0.88
2026-06-10 19:43:41,103,74,1.23
2026-06-10 19:43:41,67,86,1.43
2026-06-10 19:43:41,61,59,0.98
2026-06-10 19:43:41,41,39,0.65
2026-06-10 19:43:41,190,24,0.4
2026-06-10 19:43:41,95,60,1.0
2026-06-10 19:43:41,51,18,0.3
2026-06-10 19:43:41,80,43,0.72
2026-06-10 19:43:41,198,64,1.07
2026-06-10 19:43:41,171,25,0.42
2026-06-10 19:43:41,411,156,2.6
2026-06-10 19:43:41,161,57,0.95
2026-06-10 19:43:41,196,45,0.75
2026-06-10 19:43:41,141,44,0.73
2026-06-10 19:43:41,215,89,1.48
2026-06-10 19:43:41,208,39,0.65
2026-06-10 19:43:41,45,42,0.7
2026-06-10 19:43:41,150,34,0.57
2026-06-10 19:43:41,43,25,0.42
2026-06-10 19:43:41,129,66,1.1
2026-06-10 19:43:41,37,40,0.67
2026-06-10 19:43:41,104,105,1.75
2026-06-10 19:43:41,28,120,2.0
2026-06-10 19:43:41,195,55,0.92
2026-06-10 19:43:41,180,79,1.32
2026-06-10 19:43:41,90,36,0.6
2026-06-10 19:43:41,164,34,0.57
2026-06-10 19:43:41,24,43,0.72
2026-06-10 19:43:41,105,54,0.9
2026-06-10 19:43:41,20,114,1.9
2026-06-10 19:43:41,221,34,0.57
2026-06-10 19:43:41,166,48,0.8
2026-06-10 19:43:41,198,23,0.38
2026-06-10 19:43:41,48,89,1.48
2026-06-10 19:43:41,49,57,0.95
2026-06-10 19:43:41,94,140,2.33
2026-06-10 19:43:41,49,141,2.35
2026-06-10 19:43:41,221,20,0.33
2026-06-10 19:43:41,18,180,3.0
2026-06-10 19:43:41,187,44,0.73
2026-06-10 19:43:41,13,42,0.7
2026-06-10 19:43:41,48,45,0.75
2026-06-10 19:43:41,67,79,1.32
2026-06-10 19:43:41,410,41,0.68
2026-06-10 19:43:41,24,186,3.1
2026-06-10 19:43:41,113,52,0.87
2026-06-10 19:43:41,103,47,0.78
2026-06-10 19:43:41,97,50,0.83
2026-06-10 19:43:41,180,146,2.43
2026-06-10 19:43:41,204,29,0.48
2026-06-10 19:43:41,189,57,0.95
2026-06-10 19:43:41,439,53,0.88
2026-06-10 19:43:41,85,58,0.97
2026-06-10 19:43:41,496,84,1.4
2026-06-10 19:43:41,439,132,2.2
2026-06-10 19:43:41,105,141,2.35
2026-06-10 19:43:41,215,54,0.9
2026-06-10 19:43:41,36,103,1.72
2026-06-10 19:43:41,209,91,1.52
2026-06-10 19:43:41,41,53,0.88
2026-06-10 19:43:41,183,24,0.4
2026-06-10 19:43:41,112,49,0.82
2026-06-10 19:43:41,187,48,0.8
2026-06-10 19:43:41,80,365,6.08
2026-06-10 19:43:41,189,49,0.82
2026-06-10 19:43:41,141,26,0.43
2026-06-10 19:43:41,747,900,15.0
2026-06-10 19:43:41,138,21,0.35
2026-06-10 19:43:41,460,143,2.38
2026-06-10 19:43:41,121,66,1.1
2026-06-10 19:43:41,136,66,1.1
2026-06-10 19:43:41,93,72,1.2
2026-06-10 19:43:41,747,1518,25.3
2026-06-10 19:43:41,38,92,1.53
2026-06-10 19:43:41,10,78,1.3
2026-06-10 19:43:41,28,32,0.53
2026-06-10 19:43:41,204,59,0.98
2026-06-10 19:43:41,144,45,0.75
2026-06-10 19:43:41,35,57,0.95
2026-06-10 19:43:41,139,57,0.95
2026-06-10 19:43:41,121,42,0.7
2026-06-10 19:43:41,230,147,2.45
2026-06-10 19:43:41,225,25,0.42
2026-06-10 19:43:41,85,43,0.72
2026-06-10 19:43:41,90,120,2.0
2026-06-10 19:43:41,47,69,1.15
2026-06-10 19:43:41,162,77,1.28
2026-06-10 19:43:41,411,120,2.0
2026-06-10 19:43:41,123,30,0.5
2026-06-10 19:43:41,33,45,0.75
2026-06-10 19:43:41,106,42,0.7
2026-06-10 19:43:41,49,20,0.33
2026-06-10 19:43:41,211,83,1.38
2026-06-10 19:43:41,79,40,0.67
2026-06-10 19:43:41,33,38,0.63
2026-06-10 19:43:41,197,40,0.67
2026-06-10 19:43:41,33,59,0.98
2026-06-10 19:43:41,55,54,0.9
2026-06-10 19:43:41,20,180,3.0
2026-06-10 19:43:41,491,941,15.68
2026-06-10 19:43:41,36,52,0.87
2026-06-10 19:43:41,112,26,0.43
2026-06-10 19:43:41,165,49,0.82
2026-06-10 19:43:41,95,46,0.77
2026-06-10 19:43:41,174,87,1.45
2026-06-10 19:43:41,17,41,0.68
2026-06-10 19:43:41,161,78,1.3
2026-06-10 19:43:41,138,57,0.95
2026-06-10 19:43:41,93,108,1.8
2026-06-10 19:43:41,97,155,2.58
2026-06-10 19:43:41,36,102,1.7
2026-06-10 19:43:41,211,102,1.7
2026-06-10 19:43:41,193,48,0.8
2026-06-10 19:43:41,439,93,1.55
2026-06-10 19:43:41,496,73,1.22
2026-06-10 19:43:41,209,66,1.1
2026-06-10 19:43:41,209,43,0.72
2026-06-10 19:43:41,168,10,0.17
2026-06-10 19:43:41,114,63,1.05
2026-06-10 19:43:41,27,21,0.35
2026-06-10 19:43:41,51,62,1.03
2026-06-10 19:43:41,121,101,1.68
2026-06-10 19:43:41,171,28,0.47
2026-06-10 19:43:41,139,33,0.55
2026-06-10 19:43:41,14,49,0.82
2026-06-10 19:43:41,55,69,1.15
2026-06-10 19:43:41,110,38,0.63
2026-06-10 19:43:41,168,16,0.27
2026-06-10 19:43:41,179,55,0.92
2026-06-10 19:43:41,68,26,0.43
2026-06-10 19:43:41,164,47,0.78
2026-06-10 19:43:41,29,32,0.53
2026-06-10 19:43:41,165,33,0.55
2026-06-10 19:43:41,90,126,2.1
2026-06-10 19:43:41,112,37,0.62
2026-06-10 19:43:41,18,66,1.1
2026-06-10 19:43:41,129,72,1.2
2026-06-10 19:43:41,110,45,0.75
2026-06-10 19:43:41,470,57,0.95
2026-06-10 19:43:41,161,49,0.82
2026-06-10 19:43:41,102,127,2.12
2026-06-10 19:43:41,196,23,0.38
2026-06-10 19:43:41,113,47,0.78
2026-06-10 19:43:41,460,235,3.92
2026-06-10 19:43:41,124,66,1.1
2026-06-10 19:43:41,18,39,0.65
2026-06-10 19:43:41,197,47,0.78
2026-06-10 19:43:41,12,64,1.07
2026-06-10 19:43:41,206,34,0.57
2026-06-10 19:43:41,43,24,0.4
2026-06-10 19:43:41,420,41,0.68
2026-06-10 19:43:41,20,100,1.67
2026-06-10 19:43:41,164,19,0.32
2026-06-10 19:43:41,100,19,0.32
2026-06-10 19:43:41,33,26,0.43
2026-06-10 19:43:41,22,55,0.92
2026-06-10 19:43:41,439,101,1.68
2026-06-10 19:43:41,211,136,2.27
2026-06-10 19:43:41,496,142,2.37
2026-06-10 19:43:41,170,27,0.45
2026-06-10 19:43:41,41,48,0.8
2026-06-10 19:43:41,204,68,1.13
2026-06-10 19:43:41,186,67,1.12
2026-06-10 19:43:41,90,35,0.58
2026-06-10 19:43:41,190,117,1.95
2026-06-10 19:43:41,92,55,0.92
2026-06-10 19:43:41,25,70,1.17
2026-06-10 19:43:41,16,26,0.43
2026-06-10 19:43:41,165,64,1.07
2026-06-10 19:43:41,439,228,3.8
2026-06-10 19:43:41,139,18,0.3
2026-06-10 19:43:41,119,31,0.52
2026-06-10 19:43:41,131,44,0.73
2026-06-10 19:43:41,172,84,1.4
2026-06-10 19:43:41,43,44,0.73
2026-06-10 19:43:41,190,60,1.0
2026-06-10 19:43:41,12,36,0.6
2026-06-10 19:43:41,430,51,0.85
2026-06-10 19:43:41,208,39,0.65
2026-06-10 19:43:41,16,38,0.63
2026-06-10 19:43:41,211,60,1.0
2026-06-10 19:43:41,202,74,1.23
2026-06-10 19:43:41,172,54,0.9
2026-06-10 19:43:41,34,71,1.18
2026-06-10 19:43:41,189,83,1.38
2026-06-10 19:43:41,113,46,0.77
2026-06-10 19:43:41,36,78,1.3
2026-06-10 19:43:41,206,50,0.83
2026-06-10 19:43:41,86,35,0.58
2026-06-10 19:43:41,141,54,0.9
2026-06-10 19:43:41,123,25,0.42
2026-06-10 19:43:41,107,19,0.32
2026-06-10 19:43:41,67,51,0.85
2026-06-10 19:43:41,114,33,0.55
2026-06-10 19:43:41,201,82,1.37
2026-06-10 19:43:41,129,35,0.58
2026-06-10 19:43:41,468,54,0.9
2026-06-10 19:43:41,69,45,0.75
2026-06-10 19:43:41,71,96,1.6
2026-06-10 19:43:41,439,173,2.88
2026-06-10 19:43:41,141,49,0.82
2026-06-10 19:43:41,36,92,1.53
2026-06-10 19:43:41,161,39,0.65
2026-06-10 19:43:41,165,37,0.62
2026-06-10 19:43:41,207,169,2.82
2026-06-10 19:43:41,51,67,1.12
2026-06-10 19:43:41,165,37,0.62
2026-06-10 19:43:41,79,60,1.0
2026-06-10 19:43:41,48,119,1.98
2026-06-10 19:43:41,124,60,1.0
2026-06-10 19:43:41,79,84,1.4
2026-06-10 19:43:41,211,1020,17.0
2026-06-10 19:43:41,172,60,1.0
2026-06-10 19:43:41,81,29,0.48
2026-06-10 19:43:41,777,240,4.0
2026-06-10 19:43:41,747,947,15.78
2026-06-10 19:43:41,54,32,0.53
2026-06-10 19:43:41,55,57,0.95
2026-06-10 19:43:41,100,78,1.3
2026-06-10 19:43:41,11,14,0.23
2026-06-10 19:43:41,230,360,6.0
2026-06-10 19:43:41,105,44,0.73
2026-06-10 19:43:41,203,115,1.92
2026-06-10 19:43:41,72,340,5.67
2026-06-10 19:43:41,106,35,0.58
2026-06-10 19:43:41,140,180,3.0
2026-06-10 19:43:41,449,463,7.72
2026-06-10 19:43:41,165,69,1.15
2026-06-10 19:43:41,129,59,0.98
2026-06-10 19:43:41,198,109,1.82
2026-06-10 19:43:41,200,254,4.23
2026-06-10 19:43:41,92,49,0.82
2026-06-10 19:43:41,26,77,1.28
2026-06-10 19:43:41,93,139,2.32
2026-06-10 19:43:41,41,40,0.67
2026-06-10 19:43:41,93,84,1.4
2026-06-10 19:43:41,125,27,0.45
2026-06-10 19:43:41,61,37,0.62
2026-06-10 19:43:41,176,60,1.0
2026-06-10 19:43:41,71,41,0.68
2026-06-10 19:43:41,179,19,0.32
2026-06-10 19:43:41,165,69,1.15
2026-06-10 19:43:41,108,33,0.55
2026-06-10 19:43:41,104,55,0.92
2026-06-10 19:43:41,97,155,2.58
2026-06-10 19:43:41,174,26,0.43
2026-06-10 19:43:41,136,17,0.28
2026-06-10 19:43:41,26,34,0.57
2026-06-10 19:43:41,54,43,0.72
2026-06-10 19:43:41,102,142,2.37
2026-06-10 19:43:41,128,30,0.5
2026-06-10 19:43:41,10,39,0.65
2026-06-10 19:43:41,95,46,0.77
2026-06-10 19:43:41,128,159,2.65
2026-06-10 19:43:41,162,120,2.0
2026-06-10 19:43:41,125,137,2.28
2026-06-10 19:43:41,55,186,3.1
2026-06-10 19:43:41,189,49,0.82
2026-06-10 19:43:41,67,55,0.92
2026-06-10 19:43:41,195,32,0.53
2026-06-10 19:43:41,26,34,0.57
2026-06-10 19:43:41,747,900,15.0
2026-06-10 19:43:41,747,900,15.0
2026-06-10 19:43:41,747,1500,25.0
2026-06-10 19:43:41,108,47,0.78
2026-06-10 19:43:41,747,1260,21.0
2026-06-10 19:43:41,103,64,1.07
2026-06-10 19:43:41,204,78,1.3
2026-06-10 19:43:41,200,71,1.18
2026-06-10 19:43:41,26,77,1.28
2026-06-10 19:43:41,221,120,2.0
2026-06-10 19:43:41,150,236,3.93
2026-06-10 19:43:41,165,37,0.62
2026-06-10 19:43:41,215,131,2.18
2026-06-10 19:43:41,777,240,4.0
2026-06-10 19:43:41,193,43,0.72
2026-06-10 19:43:41,24,59,0.98
2026-06-10 19:43:41,160,50,0.83
2026-06-10 19:43:41,411,75,1.25
2026-06-10 19:43:41,193,63,1.05
2026-06-10 19:43:41,218,48,0.8
2026-06-10 19:43:41,187,107,1.78
2026-06-10 19:43:41,48,54,0.9
2026-06-10 19:43:41,470,51,0.85
2026-06-10 19:43:41,124,125,2.08
2026-06-10 19:43:41,12,47,0.78
2026-06-10 19:43:41,48,119,1.98
2026-06-10 19:43:41,80,52,0.87
2026-06-10 19:43:41,221,264,4.4
2026-06-10 19:43:41,176,60,1.0
2026-06-10 19:43:41,186,60,1.0
2026-06-10 19:43:41,61,37,0.62
2026-06-10 19:43:41,49,60,1.0
2026-06-10 19:43:41,81,29,0.48
2026-06-10 19:43:41,214,138,2.3
2026-06-10 19:43:41,113,46,0.77
2026-06-10 19:43:41,136,66,1.1
2026-06-10 19:43:41,31,243,4.05
2026-06-10 19:43:41,125,102,1.7
2026-06-10 19:43:41,94,45,0.75
2026-06-10 19:43:41,162,33,0.55
2026-06-10 19:43:41,37,37,0.62
2026-06-10 19:43:41,110,179,2.98
2026-06-10 19:43:41,29,45,0.75
2026-06-10 19:43:41,93,84,1.4
2026-06-10 19:43:41,64,102,1.7
2026-06-10 19:43:41,112,45,0.75
2026-06-10 19:43:41,17,40,0.67
2026-06-10 19:43:41,119,16,0.27
2026-06-10 19:43:41,193,63,1.05
2026-06-10 19:43:41,27,46,0.77
2026-06-10 19:43:41,747,203,3.38
2026-06-10 19:43:41,196,60,1.0
2026-06-10 19:43:41,185,53,0.88
2026-06-10 19:43:41,496,958,15.97
2026-06-10 19:43:41,127,49,0.82
2026-06-10 19:43:41,207,34,0.57
2026-06-10 19:43:41,208,186,3.1
2026-06-10 19:43:41,94,45,0.75
2026-06-10 19:43:41,50,66,1.1
2026-06-10 19:43:41,496,958,15.97
2026-06-10 19:43:41,177,15,0.25
2026-06-10 19:43:41,439,112,1.87
2026-06-10 19:43:41,74,83,1.38
2026-06-10 19:43:41,10,112,1.87
2026-06-10 19:43:41,174,360,6.0
2026-06-10 19:43:41,202,74,1.23
2026-06-10 19:43:41,35,75,1.25
2026-06-10 19:43:41,90,75,1.25
2026-06-10 19:43:41,171,74,1.23
2026-06-10 19:43:41,13,53,0.88
2026-06-10 19:43:41,56,86,1.43
2026-06-10 19:43:41,13,54,0.9
2026-06-10 19:43:41,203,269,4.48
2026-06-10 19:43:41,190,158,2.63
2026-06-10 19:43:41,160,50,0.83
2026-06-10 19:43:41,198,299,4.98
2026-06-10 19:43:41,24,52,0.87
2026-06-10 19:43:41,470,1260,21.0
2026-06-10 19:43:41,102,51,0.85
2026-06-10 19:43:41,56,86,1.43
2026-06-10 19:43:41,180,115,1.92
2026-06-10 19:43:41,180,146,2.43
2026-06-10 19:43:41,777,181,3.02
2026-06-10 19:43:41,108,33,0.55
2026-06-10 19:43:41,221,120,2.0
2026-06-10 19:43:41,24,25,0.42
2026-06-10 19:43:41,24,25,0.42
2026-06-10 19:43:41,49,121,2.02
2026-06-10 19:43:41,20,74,1.23
2026-06-10 19:43:41,192,33,0.55
2026-06-10 19:43:41,94,48,0.8
2026-06-10 19:43:41,28,20,0.33
2026-06-10 19:43:41,86,33,0.55
2026-06-10 19:43:41,139,91,1.52
2026-06-10 19:43:41,141,54,0.9
2026-06-10 19:43:41,121,26,0.43
2026-06-10 19:43:41,205,158,2.63
2026-06-10 19:43:41,121,26,0.43
2026-06-10 19:43:41,85,67,1.12
2026-06-10 19:43:41,90,16,0.27
2026-06-10 19:43:41,223,175,2.92
2026-06-10 19:43:41,201,100,1.67
2026-06-10 19:43:41,161,39,0.65
2026-06-10 19:43:41,123,120,2.0
2026-06-10 19:43:41,81,89,1.48
2026-06-10 19:43:41,187,107,1.78
2026-06-10 19:43:41,206,215,3.58
2026-06-10 19:43:41,411,1140,19.0
2026-06-10 19:43:41,747,158,2.63
2026-06-10 19:43:41,214,55,0.92
2026-06-10 19:43:41,185,53,0.88
2026-06-10 19:43:41,48,47,0.78
2026-06-10 19:43:41,209,300,5.0
2026-06-10 19:43:41,171,120,2.0
2026-06-10 19:43:41,131,21,0.35
2026-06-10 19:43:41,41,40,0.67
2026-06-10 19:43:41,150,236,3.93
2026-06-10 19:43:41,66,55,0.92
2026-06-10 19:43:41,165,69,1.15
2026-06-10 19:43:41,197,78,1.3
2026-06-10 19:43:41,36,133,2.22
2026-06-10 19:43:41,70,29,0.48
2026-06-10 19:43:41,27,156,2.6
2026-06-10 19:43:41,202,259,4.32
2026-06-10 19:43:41,150,236,3.93
2026-06-10 19:43:41,103,87,1.45
2026-06-10 19:43:41,105,141,2.35
2026-06-10 19:43:41,777,300,5.0
2026-06-10 19:43:41,92,259,4.32
2026-06-10 19:43:41,215,147,2.45
2026-06-10 19:43:41,205,42,0.7
2026-06-10 19:43:41,206,35,0.58
2026-06-10 19:43:41,37,92,1.53
2026-06-10 19:43:41,100,34,0.57
2026-06-10 19:43:41,491,73,1.22
2026-06-10 19:43:41,491,941,15.68
2026-06-10 19:43:41,165,37,0.62
2026-06-10 19:43:41,103,87,1.45
2026-06-10 19:43:41,161,184,3.07
2026-06-10 19:43:41,176,60,1.0
2026-06-10 19:43:41,22,56,0.93
2026-06-10 19:43:41,56,53,0.88
2026-06-10 19:43:41,125,137,2.28
2026-06-10 19:43:41,79,60,1.0
2026-06-10 19:43:41,18,226,3.77
2026-06-10 19:43:41,99,100,1.67
2026-06-10 19:43:41,68,86,1.43
2026-06-10 19:43:41,141,49,0.82
2026-06-10 19:43:41,95,67,1.12
2026-06-10 19:43:41,144,127,2.12
2026-06-10 19:43:41,449,60,1.0
2026-06-10 19:43:41,170,40,0.67
2026-06-10 19:43:41,72,29,0.48
2026-06-10 19:43:41,66,46,0.77
2026-06-10 19:43:41,747,900,15.0
2026-06-10 19:43:41,129,59,0.98
2026-06-10 19:43:41,144,49,0.82
2026-06-10 19:43:41,43,73,1.22
2026-06-10 19:43:41,177,49,0.82
2026-06-10 19:43:41,57,67,1.12
2026-06-10 19:43:41,57,59,0.98
2026-06-10 19:43:41,777,240,4.0
2026-06-10 19:43:41,777,181,3.02
2026-06-10 19:43:41,747,1240,20.67
2026-06-10 19:43:41,61,145,2.42
2026-06-10 19:43:41,196,60,1.0
2026-06-10 19:43:41,106,41,0.68
2026-06-10 19:43:41,22,91,1.52
2026-06-10 19:43:41,70,240,4.0
2026-06-10 19:43:41,20,180,3.0
2026-06-10 19:43:41,70,240,4.0
2026-06-10 19:43:41,164,108,1.8
2026-06-10 19:43:41,128,60,1.0
2026-06-10 19:43:41,127,49,0.82
2026-06-10 19:43:41,44,70,1.17
2026-06-10 19:43:41,129,71,1.18
2026-06-10 19:43:41,67,51,0.85
2026-06-10 19:43:41,99,100,1.67
2026-06-10 19:43:41,140,133,2.22
2026-06-10 19:43:41,47,99,1.65
2026-06-10 19:43:41,47,101,1.68
2026-06-10 19:43:41,51,47,0.78
2026-06-10 19:43:41,211,1020,17.0
2026-06-10 19:43:41,162,120,2.0
2026-06-10 19:43:41,80,105,1.75
2026-06-10 19:43:41,10,61,1.02
2026-06-10 19:43:41,777,240,4.0
2026-06-10 19:43:41,104,21,0.35
2026-06-10 19:43:41,208,71,1.18
2026-06-10 19:43:41,127,110,1.83
2026-06-10 19:43:41,230,50,0.83
2026-06-10 19:43:41,51,53,0.88
2026-06-10 19:43:41,18,91,1.52
2026-06-10 19:43:41,138,69,1.15
2026-06-10 19:43:41,141,54,0.9
2026-06-10 19:43:41,16,119,1.98
2026-06-10 19:43:41,114,62,1.03
2026-06-10 19:43:41,107,20,0.33
2026-06-10 19:43:41,170,76,1.27
2026-06-10 19:43:41,16,15,0.25
2026-06-10 19:43:41,32,57,0.95
2026-06-10 19:43:41,27,46,0.77
2026-06-10 19:43:41,34,42,0.7
2026-06-10 19:43:41,67,55,0.92
2026-06-10 19:43:41,168,52,0.87
2026-06-10 19:43:41,197,45,0.75
2026-06-10 19:43:41,79,84,1.4
2026-06-10 19:43:41,45,26,0.43
2026-06-10 19:43:41,112,71,1.18
2026-06-10 19:43:41,189,83,1.38
2026-06-10 19:43:41,190,33,0.55
2026-06-10 19:43:41,150,59,0.98
2026-06-10 19:43:41,32,69,1.15
2026-06-10 19:43:41,201,42,0.7
2026-06-10 19:43:41,57,67,1.12
2026-06-10 19:43:41,24,52,0.87
2026-06-10 19:43:41,168,67,1.12
2026-06-10 19:43:41,38,360,6.0
2026-06-10 19:43:41,113,46,0.77
2026-06-10 19:43:41,411,75,1.25
2026-06-10 19:43:41,25,51,0.85
2026-06-10 19:43:41,17,78,1.3
2026-06-10 19:43:41,38,81,1.35
2026-06-10 19:43:41,35,75,1.25
2026-06-10 19:43:41,449,463,7.72
2026-06-10 19:43:41,177,49,0.82
2026-06-10 19:43:41,198,109,1.82
2026-06-10 19:43:41,110,32,0.53
2026-06-10 19:43:41,230,184,3.07
2026-06-10 19:43:41,468,60,1.0
2026-06-10 19:43:41,165,37,0.62
2026-06-10 19:43:41,64,102,1.7
2026-06-10 19:43:41,165,69,1.15
2026-06-10 19:43:41,119,101,1.68
2026-06-10 19:43:41,50,183,3.05
2026-06-10 19:43:41,11,55,0.92
2026-06-10 19:43:41,195,143,2.38
2026-06-10 19:43:41,496,84,1.4
2026-06-10 19:43:41,195,181,3.02
2026-06-10 19:43:41,204,68,1.13
2026-06-10 19:43:41,55,57,0.95
2026-06-10 19:43:41,172,54,0.9
2026-06-10 19:43:41,97,41,0.68
2026-06-10 19:43:41,136,66,1.1
2026-06-10 19:43:41,110,179,2.98
2026-06-10 19:43:41,123,120,2.0
2026-06-10 19:43:41,47,99,1.65
2026-06-10 19:43:41,747,900,15.0
2026-06-10 19:43:41,105,44,0.73
2026-06-10 19:43:41,49,121,2.02
2026-06-10 19:43:41,179,38,0.63
2026-06-10 19:43:41,180,115,1.92
2026-06-10 19:43:41,206,215,3.58
2026-06-10 19:43:41,36,93,1.55
2026-06-10 19:43:41,86,47,0.78
2026-06-10 19:43:41,124,60,1.0
2026-06-10 19:43:41,49,60,1.0
2026-06-10 19:43:41,411,1140,19.0
2026-06-10 19:43:41,85,43,0.72
2026-06-10 19:43:41,51,39,0.65
2026-06-10 19:43:41,92,36,0.6
2026-06-10 19:43:41,172,60,1.0
2026-06-10 19:43:41,64,78,1.3
2026-06-10 19:43:41,105,141,2.35
2026-06-10 19:43:41,200,254,4.23
2026-06-10 19:43:41,468,370,6.17
2026-06-10 19:43:41,192,37,0.62
2026-06-10 19:43:41,439,90,1.5
2026-06-10 19:43:41,128,30,0.5
2026-06-10 19:43:41,214,138,2.3
2026-06-10 19:43:41,202,259,4.32
2026-06-10 19:43:41,33,45,0.75
2026-06-10 19:43:41,193,43,0.72
2026-06-10 19:43:41,121,55,0.92
2026-06-10 19:43:41,12,67,1.12
2026-06-10 19:43:41,71,96,1.6
2026-06-10 19:43:41,491,941,15.68
2026-06-10 19:43:41,119,101,1.68
2026-06-10 19:43:41,170,76,1.27
2026-06-10 19:43:41,28,30,0.5
2026-06-10 19:43:41,106,138,2.3
2026-06-10 19:43:41,218,48,0.8
2026-06-10 19:43:41,203,115,1.92
2026-06-10 19:43:41,777,240,4.0
2026-06-10 19:43:41,74,48,0.8
2026-06-10 19:43:41,164,108,1.8
2026-06-10 19:43:41,20,74,1.23
2026-06-10 19:43:41,160,50,0.83
2026-06-10 19:43:41,81,29,0.48
2026-06-10 19:43:41,164,19,0.32
2026-06-10 19:43:41,140,133,2.22
2026-06-10 19:43:41,218,96,1.6
2026-06-10 19:43:41,95,46,0.77
2026-06-10 19:43:41,48,119,1.98
2026-06-10 19:43:41,86,33,0.55
2026-06-10 19:43:41,68,77,1.28
2026-06-10 19:43:41,18,226,3.77
2026-06-10 19:43:41,28,30,0.5
2026-06-10 19:43:41,31,243,4.05
2026-06-10 19:43:41,34,71,1.18
2026-06-10 19:43:41,141,49,0.82
2026-06-10 19:43:41,44,64,1.07
2026-06-10 19:43:41,166,60,1.0
2026-06-10 19:43:41,43,25,0.42
2026-06-10 19:43:41,183,23,0.38
2026-06-10 19:43:41,165,37,0.62
2026-06-10 19:43:41,35,55,0.92
2026-06-10 19:43:41,18,91,1.52
2026-06-10 19:43:41,189,49,0.82
2026-06-10 19:43:41,186,60,1.0
2026-06-10 19:43:41,205,206,3.43
2026-06-10 19:43:41,71,55,0.92
2026-06-10 19:43:41,215,131,2.18
2026-06-10 19:43:41,24,52,0.87
2026-06-10 19:43:41,209,91,1.52
2026-06-10 19:43:41,69,54,0.9
2026-06-10 19:43:41,48,47,0.78
2026-06-10 19:43:41,121,26,0.43
2026-06-10 19:43:41,186,56,0.93
2026-06-10 19:43:41,26,34,0.57
2026-06-10 19:43:41,202,74,1.23
2026-06-10 19:43:41,131,80,1.33
2026-06-10 19:43:41,57,59,0.98
2026-06-10 19:43:41,187,48,0.8
2026-06-10 19:43:41,26,77,1.28
2026-06-10 19:43:41,211,60,1.0
2026-06-10 19:43:41,176,60,1.0
2026-06-10 19:43:41,100,78,1.3
2026-06-10 19:43:41,747,900,15.0
2026-06-10 19:43:41,138,21,0.35
2026-06-10 19:43:41,67,51,0.85
2026-06-10 19:43:41,141,54,0.9
2026-06-10 19:43:41,193,63,1.05
2026-06-10 19:43:41,94,45,0.75
2026-06-10 19:43:41,114,33,0.55
2026-06-10 19:43:41,103,87,1.45
2026-06-10 19:43:41,211,1020,17.0
2026-06-10 19:43:41,777,300,5.0
2026-06-10 19:43:41,61,37,0.62
2026-06-10 19:43:41,57,68,1.13
2026-06-10 19:43:41,161,215,3.58
2026-06-10 19:43:41,174,26,0.43
2026-06-10 19:43:41,51,47,0.78
2026-06-10 19:43:41,54,32,0.53
2026-06-10 19:43:41,37,37,0.62
2026-06-10 19:43:41,64,102,1.7
2026-06-10 19:43:41,102,142,2.37
2026-06-10 19:43:41,54,43,0.72
2026-06-10 19:43:41,136,66,1.1
2026-06-10 19:43:41,161,39,0.65
2026-06-10 19:43:41,124,125,2.08
2026-06-10 19:43:41,747,203,3.38
2026-06-10 19:43:41,470,51,0.85
2026-06-10 19:43:41,41,53,0.88
2026-06-10 19:43:41,105,141,2.35
2026-06-10 19:43:41,12,47,0.78
2026-06-10 19:43:41,11,14,0.23
2026-06-10 19:43:41,136,17,0.28
2026-06-10 19:43:41,200,71,1.18
2026-06-10 19:43:41,119,16,0.27
2026-06-10 19:43:41,49,121,2.02
2026-06-10 19:43:41,80,52,0.87
2026-06-10 19:43:41,97,155,2.58
2026-06-10 19:43:41,162,33,0.55
2026-06-10 19:43:41,51,39,0.65
2026-06-10 19:43:41,50,66,1.1
2026-06-10 19:43:41,112,45,0.75
2026-06-10 19:43:41,108,47,0.78
2026-06-10 19:43:41,24,25,0.42
2026-06-10 19:43:41,55,57,0.95
2026-06-10 19:43:41,190,158,2.63
2026-06-10 19:43:41,470,1260,21.0
2026-06-10 19:43:41,102,51,0.85
2026-06-10 19:43:41,189,83,1.38
2026-06-10 19:43:41,777,240,4.0
2026-06-10 19:43:41,103,64,1.07
2026-06-10 19:43:41,104,55,0.92
2026-06-10 19:43:41,187,107,1.78
2026-06-10 19:43:41,208,186,3.1
2026-06-10 19:43:41,81,89,1.48
2026-06-10 19:43:41,204,78,1.3
2026-06-10 19:43:41,439,112,1.87
2026-06-10 19:43:41,20,180,3.0
2026-06-10 19:43:41,93,139,2.32
2026-06-10 19:43:41,17,40,0.67
2026-06-10 19:43:41,165,69,1.15
2026-06-10 19:43:41,13,54,0.9
2026-06-10 19:43:41,171,74,1.23
2026-06-10 19:43:41,139,91,1.52
2026-06-10 19:43:41,198,299,4.98
2026-06-10 19:43:41,221,264,4.4
2026-06-10 19:43:41,36,133,2.22
2026-06-10 19:43:41,80,105,1.75
2026-06-10 19:43:41,105,44,0.73
2026-06-10 19:43:41,13,53,0.88
2026-06-10 19:43:41,37,92,1.53
2026-06-10 19:43:41,27,156,2.6
2026-06-10 19:43:41,70,29,0.48
2026-06-10 19:43:41,150,59,0.98
2026-06-10 19:43:41,192,33,0.55
2026-06-10 19:43:41,212,92,1.53
2026-06-10 19:43:41,177,15,0.25
2026-06-10 19:43:41,160,50,0.83
2026-06-10 19:43:41,201,100,1.67
2026-06-10 19:43:41,197,78,1.3
2026-06-10 19:43:41,90,16,0.27
2026-06-10 19:43:41,166,41,0.68
2026-06-10 19:43:41,176,60,1.0
2026-06-10 19:43:41,203,269,4.48
2026-06-10 19:43:41,106,138,2.3
2026-06-10 19:43:41,94,48,0.8
2026-06-10 19:43:41,131,21,0.35
2026-06-10 19:43:41,496,958,15.97
2026-06-10 19:43:41,215,147,2.45
2026-06-10 19:43:41,171,120,2.0
2026-06-10 19:43:41,92,259,4.32
2026-06-10 19:43:41,172,54,0.9
2026-06-10 19:43:41,206,35,0.58
2026-06-10 19:43:41,205,42,0.7
2026-06-10 19:43:41,44,70,1.17
2026-06-10 19:43:41,214,55,0.92
2026-06-10 19:43:41,18,226,3.77
2026-06-10 19:43:41,67,55,0.92
2026-06-10 19:43:41,66,55,0.92
2026-06-10 19:43:41,112,71,1.18
2026-06-10 19:43:41,144,49,0.82
2026-06-10 19:43:41,36,93,1.55
2026-06-10 19:43:41,61,145,2.42
2026-06-10 19:43:41,56,53,0.88
2026-06-10 19:43:41,141,54,0.9
2026-06-10 19:43:41,68,86,1.43
2026-06-10 19:43:41,141,49,0.82
2026-06-10 19:43:41,496,84,1.4
2026-06-10 19:43:41,449,60,1.0
2026-06-10 19:43:41,209,300,5.0
2026-06-10 19:43:41,95,67,1.12
2026-06-10 19:43:41,144,127,2.12
2026-06-10 19:43:41,22,56,0.93
2026-06-10 19:43:41,128,60,1.0
2026-06-10 19:43:41,170,40,0.67
2026-06-10 19:43:41,100,34,0.57
2026-06-10 19:43:41,10,61,1.02
2026-06-10 19:43:41,103,87,1.45
2026-06-10 19:43:41,172,60,1.0
2026-06-10 19:43:41,105,141,2.35
2026-06-10 19:43:41,107,20,0.33
2026-06-10 19:43:41,106,41,0.68
2026-06-10 19:43:41,97,41,0.68
2026-06-10 19:43:41,32,57,0.95
2026-06-10 19:43:41,22,91,1.52
2026-06-10 19:43:41,208,71,1.18
2026-06-10 19:43:41,32,69,1.15
2026-06-10 19:43:41,66,46,0.77
2026-06-10 19:43:41,168,52,0.87
2026-06-10 19:43:41,51,39,0.65
2026-06-10 19:43:41,25,51,0.85
2026-06-10 19:43:41,64,102,1.7
2026-06-10 19:43:41,129,71,1.18
2026-06-10 19:43:41,127,110,1.83
2026-06-10 19:43:41,20,74,1.23
2026-06-10 19:43:41,104,21,0.35
2026-06-10 19:43:41,201,42,0.7
2026-06-10 19:43:41,229,53,0.88
2026-06-10 19:43:41,165,69,1.15
2026-06-10 19:43:41,67,60,1.0
2026-06-10 19:43:41,110,32,0.53
2026-06-10 19:43:41,121,26,0.43
2026-06-10 19:43:41,49,121,2.02
2026-06-10 19:43:41,114,62,1.03
2026-06-10 19:43:41,45,26,0.43
2026-06-10 19:43:41,197,60,1.0
2026-06-10 19:43:41,16,119,1.98
2026-06-10 19:43:41,113,71,1.18
2026-06-10 19:43:41,105,141,2.35
2026-06-10 19:43:41,138,69,1.15
2026-06-10 19:43:41,195,181,3.02
2026-06-10 19:43:41,48,47,0.78
2026-06-10 19:43:41,55,57,0.95
2026-06-10 19:43:41,16,15,0.25
2026-06-10 19:43:41,195,143,2.38
2026-06-10 19:43:41,121,55,0.92
2026-06-10 19:43:41,48,119,1.98
2026-06-10 19:43:41,468,60,1.0
2026-06-10 19:43:41,168,67,1.12
2026-06-10 19:43:41,179,19,0.32
2026-06-10 19:43:41,18,114,1.9
2026-06-10 19:43:41,161,245,4.08
2026-06-10 19:43:41,38,81,1.35
2026-06-10 19:43:41,64,78,1.3
2026-06-10 19:43:41,123,25,0.42
2026-06-10 19:43:41,38,360,6.0
2026-06-10 19:43:41,190,33,0.55
2026-06-10 19:43:41,17,78,1.3
2026-06-10 19:43:41,12,67,1.12
2026-06-10 19:43:41,186,60,1.0
2026-06-10 19:43:41,11,55,0.92
2026-06-10 19:43:41,105,44,0.73
2026-06-10 19:43:41,86,47,0.78
2026-06-10 19:43:41,47,101,1.68
2026-06-10 19:43:41,44,64,1.07
2026-06-10 19:43:41,229,149,2.48
2026-06-10 19:43:41,777,300,5.0
2026-06-10 19:43:41,192,37,0.62
2026-06-10 19:43:41,439,90,1.5
2026-06-10 19:43:41,85,67,1.12
2026-06-10 19:43:41,18,226,3.77
2026-06-10 19:43:41,468,370,6.17
2026-06-10 19:43:41,33,45,0.75
2026-06-10 19:43:41,90,75,1.25
2026-06-10 19:43:41,189,103,1.72
2026-06-10 19:43:41,496,958,15.97
2026-06-10 19:43:41,185,72,1.2
2026-06-10 19:43:41,34,42,0.7
2026-06-10 19:43:41,218,96,1.6
2026-06-10 19:43:41,72,29,0.48
2026-06-10 19:43:41,67,60,1.0
2026-06-10 19:43:41,80,105,1.75
2026-06-10 19:43:41,69,54,0.9
2026-06-10 19:43:41,125,45,0.75
2026-06-10 19:43:41,44,30,0.5
2026-06-10 19:43:41,55,32,0.53
2026-06-10 19:53:42,225,44,0.73
2026-06-10 19:53:42,51,60,1.0
2026-06-10 19:53:42,777,29,0.48
2026-06-10 19:53:42,86,42,0.7
2026-06-10 19:53:42,140,35,0.58
2026-06-10 19:53:42,206,57,0.95
2026-06-10 19:53:42,27,47,0.78
2026-06-10 19:53:42,24,60,1.0
2026-06-10 19:53:42,68,27,0.45
2026-06-10 19:53:42,86,43,0.72
2026-06-10 19:53:42,110,28,0.47
2026-06-10 19:53:42,128,42,0.7
2026-06-10 19:53:42,95,26,0.43
2026-06-10 19:53:42,104,91,1.52
2026-06-10 19:53:42,141,21,0.35
2026-06-10 19:53:42,32,85,1.42
2026-06-10 19:53:42,128,84,1.4
2026-06-10 19:53:42,26,36,0.6
2026-06-10 19:53:42,186,14,0.23
2026-06-10 19:53:42,186,38,0.63
2026-06-10 19:53:42,202,18,0.3
2026-06-10 19:53:42,183,53,0.88
2026-06-10 19:53:42,110,65,1.08
2026-06-10 19:53:42,105,96,1.6
2026-06-10 19:53:42,85,63,1.05
2026-06-10 19:53:42,63,127,2.12
2026-06-10 19:53:42,57,28,0.47
2026-06-10 19:53:42,103,26,0.43
2026-06-10 19:53:42,45,37,0.62
2026-06-10 19:53:42,18,78,1.3
2026-06-10 19:53:42,90,37,0.62
2026-06-10 19:53:42,138,70,1.17
2026-06-10 19:53:42,121,26,0.43
2026-06-10 19:53:42,57,67,1.12
2026-06-10 19:53:42,165,79,1.32
2026-06-10 19:53:42,187,48,0.8
2026-06-10 19:53:42,112,33,0.55
2026-06-10 19:53:42,79,39,0.65
2026-06-10 19:53:42,129,82,1.37
2026-06-10 19:53:42,17,71,1.18
2026-06-10 19:53:42,186,41,0.68
2026-06-10 19:53:42,20,74,1.23
2026-06-10 19:53:42,61,50,0.83
2026-06-10 19:53:42,18,53,0.88
2026-06-10 19:53:42,18,47,0.78
2026-06-10 19:53:42,215,53,0.88
2026-06-10 19:53:42,439,33,0.55
2026-06-10 19:53:42,86,32,0.53
2026-06-10 19:53:42,139,38,0.63
2026-06-10 19:53:42,211,62,1.03
2026-06-10 19:53:42,208,30,0.5
2026-06-10 19:53:42,177,15,0.25
2026-06-10 19:53:42,24,56,0.93
2026-06-10 19:53:42,107,20,0.33
2026-06-10 19:53:42,49,41,0.68
2026-06-10 19:53:42,162,27,0.45
2026-06-10 19:53:42,33,30,0.5
2026-06-10 19:53:42,103,45,0.75
2026-06-10 19:53:42,94,57,0.95
2026-06-10 19:53:42,10,91,1.52
2026-06-10 19:53:42,189,38,0.63
2026-06-10 19:53:42,171,58,0.97
2026-06-10 19:53:42,195,55,0.92
2026-06-10 19:53:42,90,75,1.25
2026-06-10 19:53:42,480,142,2.37
2026-06-10 19:53:42,125,45,0.75
2026-06-10 19:53:42,51,97,1.62
2026-06-10 19:53:42,48,37,0.62
2026-06-10 19:53:42,18,43,0.72
2026-06-10 19:53:42,107,24,0.4
2026-06-10 19:53:42,70,26,0.43
2026-06-10 19:53:42,105,46,0.77
2026-06-10 19:53:42,48,228,3.8
2026-06-10 19:53:42,203,47,0.78
2026-06-10 19:53:42,468,38,0.63
2026-06-10 19:53:42,195,35,0.58
2026-06-10 19:53:42,460,34,0.57
2026-06-10 19:53:42,33,34,0.57
2026-06-10 19:53:42,123,25,0.42
2026-06-10 19:53:42,124,88,1.47
2026-06-10 19:53:42,69,104,1.73
2026-06-10 19:53:42,43,27,0.45
2026-06-10 19:53:42,51,48,0.8
2026-06-10 19:53:42,45,60,1.0
2026-06-10 19:53:42,18,99,1.65
2026-06-10 19:53:42,206,62,1.03
2026-06-10 19:53:42,16,15,0.25
2026-06-10 19:53:42,121,45,0.75
2026-06-10 19:53:42,420,59,0.98
2026-06-10 19:53:42,26,39,0.65
2026-06-10 19:53:42,197,28,0.47
2026-06-10 19:53:42,80,92,1.53
2026-06-10 19:53:42,121,71,1.18
2026-06-10 19:53:42,193,23,0.38
2026-06-10 19:53:42,496,44,0.73
2026-06-10 19:53:42,24,95,1.58
2026-06-10 19:53:42,16,119,1.98
2026-06-10 19:53:42,17,36,0.6
2026-06-10 19:53:42,161,49,0.82
2026-06-10 19:53:42,20,108,1.8
2026-06-10 19:53:42,165,59,0.98
2026-06-10 19:53:42,202,64,1.07
2026-06-10 19:53:42,221,48,0.8
2026-06-10 19:53:42,128,30,0.5
2026-06-10 19:53:42,81,34,0.57
2026-06-10 19:53:42,114,64,1.07
2026-06-10 19:53:42,10,66,1.1
2026-06-10 19:53:42,121,51,0.85
2026-06-10 19:53:42,13,54,0.9
2026-06-10 19:53:42,195,42,0.7
2026-06-10 19:53:42,209,30,0.5
2026-06-10 19:53:42,141,60,1.0
2026-06-10 19:53:42,200,43,0.72
2026-06-10 19:53:42,230,46,0.77
2026-06-10 19:53:42,179,61,1.02
2026-06-10 19:53:42,54,112,1.87
2026-06-10 19:53:42,198,20,0.33
2026-06-10 19:53:42,43,36,0.6
2026-06-10 19:53:42,22,52,0.87
2026-06-10 19:53:42,190,50,0.83
2026-06-10 19:53:42,439,54,0.9
2026-06-10 19:53:42,86,72,1.2
2026-06-10 19:53:42,206,168,2.8
2026-06-10 19:53:42,439,84,1.4
2026-06-10 19:53:42,470,91,1.52
2026-06-10 19:53:42,114,44,0.73
2026-06-10 19:53:42,106,40,0.67
2026-06-10 19:53:42,190,18,0.3
2026-06-10 19:53:42,161,46,0.77
2026-06-10 19:53:42,129,40,0.67
2026-06-10 19:53:42,48,219,3.65
2026-06-10 19:53:42,51,36,0.6
2026-06-10 19:53:42,55,36,0.6
2026-06-10 19:53:42,41,20,0.33
2026-06-10 19:53:42,37,28,0.47
2026-06-10 19:53:42,198,81,1.35
2026-06-10 19:53:42,496,50,0.83
2026-06-10 19:53:42,33,23,0.38
2026-06-10 19:53:42,49,47,0.78
2026-06-10 19:53:42,174,480,8.0
2026-06-10 19:53:42,69,45,0.75
2026-06-10 19:53:42,92,19,0.32
2026-06-10 19:53:42,55,51,0.85
2026-06-10 19:53:42,439,132,2.2
2026-06-10 19:53:42,106,85,1.42
2026-06-10 19:53:42,90,66,1.1
2026-06-10 19:53:42,48,51,0.85
2026-06-10 19:53:42,141,69,1.15
2026-06-10 19:53:42,192,21,0.35
2026-06-10 19:53:42,189,34,0.57
2026-06-10 19:53:42,185,32,0.53
2026-06-10 19:53:42,24,81,1.35
2026-06-10 19:53:42,99,33,0.55
2026-06-10 19:53:42,160,44,0.73
2026-06-10 19:53:42,95,30,0.5
2026-06-10 19:53:42,141,56,0.93
2026-06-10 19:53:42,449,55,0.92
2026-06-10 19:53:42,439,105,1.75
2026-06-10 19:53:42,69,35,0.58
2026-06-10 19:53:42,33,38,0.63
2026-06-10 19:53:42,747,840,14.0
2026-06-10 19:53:42,162,70,1.17
2026-06-10 19:53:42,129,57,0.95
2026-06-10 19:53:42,439,182,3.03
2026-06-10 19:53:42,470,70,1.17
2026-06-10 19:53:42,200,52,0.87
2026-06-10 19:53:42,44,21,0.35
2026-06-10 19:53:42,48,43,0.72
2026-06-10 19:53:42,24,76,1.27
2026-06-10 19:53:42,139,92,1.53
2026-06-10 19:53:42,68,22,0.37
2026-06-10 19:53:42,18,44,0.73
2026-06-10 19:53:42,28,21,0.35
2026-06-10 19:53:42,124,20,0.33
2026-06-10 19:53:42,192,57,0.95
2026-06-10 19:53:42,49,62,1.03
2026-06-10 19:53:42,48,214,3.57
2026-06-10 19:53:42,51,60,1.0
2026-06-10 19:53:42,71,51,0.85
2026-06-10 19:53:42,209,37,0.62
2026-06-10 19:53:42,22,46,0.77
2026-06-10 19:53:42,185,30,0.5
2026-06-10 19:53:42,86,43,0.72
2026-06-10 19:53:42,55,30,0.5
2026-06-10 19:53:42,85,50,0.83
2026-06-10 19:53:42,468,60,1.0
2026-06-10 19:53:42,460,220,3.67
2026-06-10 19:53:42,99,32,0.53
2026-06-10 19:53:42,141,27,0.45
2026-06-10 19:53:42,141,31,0.52
2026-06-10 19:53:42,71,18,0.3
2026-06-10 19:53:42,179,38,0.63
2026-06-10 19:53:42,193,73,1.22
2026-06-10 19:53:42,112,44,0.73
2026-06-10 19:53:42,136,62,1.03
2026-06-10 19:53:42,24,58,0.97
2026-06-10 19:53:42,67,90,1.5
2026-06-10 19:53:42,150,67,1.12
2026-06-10 19:53:42,198,65,1.08
2026-06-10 19:53:42,102,50,0.83
2026-06-10 19:53:42,56,35,0.58
2026-06-10 19:53:42,468,50,0.83
2026-06-10 19:53:42,90,23,0.38
2026-06-10 19:53:42,164,40,0.67
2026-06-10 19:53:42,27,60,1.0
2026-06-10 19:53:42,138,32,0.53
2026-06-10 19:53:42,43,43,0.72
2026-06-10 19:53:42,94,53,0.88
2026-06-10 19:53:42,439,112,1.87
2026-06-10 19:53:42,33,48,0.8
2026-06-10 19:53:42,204,201,3.35
2026-06-10 19:53:42,196,20,0.33
2026-06-10 19:53:42,121,101,1.68
2026-06-10 19:53:42,104,46,0.77
2026-06-10 19:53:42,69,118,1.97
2026-06-10 19:53:42,92,64,1.07
2026-06-10 19:53:42,69,80,1.33
2026-06-10 19:53:42,35,58,0.97
2026-06-10 19:53:42,211,23,0.38
2026-06-10 19:53:42,136,43,0.72
2026-06-10 19:53:42,35,30,0.5
2026-06-10 19:53:42,37,90,1.5
2026-06-10 19:53:42,161,54,0.9
2026-06-10 19:53:42,218,60,1.0
2026-06-10 19:53:42,160,87,1.45
2026-06-10 19:53:42,80,70,1.17
2026-06-10 19:53:42,108,23,0.38
2026-06-10 19:53:42,121,38,0.63
2026-06-10 19:53:42,141,36,0.6
2026-06-10 19:53:42,67,48,0.8
2026-06-10 19:53:42,51,72,1.2
2026-06-10 19:53:42,36,58,0.97
2026-06-10 19:53:42,496,216,3.6
2026-06-10 19:53:42,161,47,0.78
2026-06-10 19:53:42,48,44,0.73
2026-06-10 19:53:42,67,77,1.28
2026-06-10 19:53:42,44,70,1.17
2026-06-10 19:53:42,34,38,0.63
2026-06-10 19:53:42,18,65,1.08
2026-06-10 19:53:42,51,43,0.72
2026-06-10 19:53:42,202,135,2.25
2026-06-10 19:53:42,203,64,1.07
2026-06-10 19:53:42,221,22,0.37
2026-06-10 19:53:42,90,39,0.65
2026-06-10 19:53:42,70,29,0.48
2026-06-10 19:53:42,33,51,0.85
2026-06-10 19:53:42,29,27,0.45
2026-06-10 19:53:42,70,240,4.0
2026-06-10 19:53:42,172,44,0.73
2026-06-10 19:53:42,67,62,1.03
2026-06-10 19:53:42,211,187,3.12
2026-06-10 19:53:42,136,100,1.67
2026-06-10 19:53:42,41,93,1.55
2026-06-10 19:53:42,141,44,0.73
2026-06-10 19:53:42,102,28,0.47
2026-06-10 19:53:42,105,86,1.43
2026-06-10 19:53:42,110,29,0.48
2026-06-10 19:53:42,107,22,0.37
2026-06-10 19:53:42,811,15,0.25
2026-06-10 19:53:42,49,36,0.6
2026-06-10 19:53:42,11,55,0.92
2026-06-10 19:53:42,35,88,1.47
2026-06-10 19:53:42,36,61,1.02
2026-06-10 19:53:42,121,81,1.35
2026-06-10 19:53:42,202,29,0.48
2026-06-10 19:53:42,211,36,0.6
2026-06-10 19:53:42,202,85,1.42
2026-06-10 19:53:42,66,60,1.0
2026-06-10 19:53:42,430,21,0.35
2026-06-10 19:53:42,97,83,1.38
2026-06-10 19:53:42,208,36,0.6
2026-06-10 19:53:42,81,31,0.52
2026-06-10 19:53:42,177,28,0.47
2026-06-10 19:53:42,105,38,0.63
2026-06-10 19:53:42,193,24,0.4
2026-06-10 19:53:42,170,72,1.2
2026-06-10 19:53:42,747,245,4.08
2026-06-10 19:53:42,72,12,0.2
2026-06-10 19:53:42,93,23,0.38
2026-06-10 19:53:42,63,23,0.38
2026-06-10 19:53:42,193,55,0.92
2026-06-10 19:53:42,114,62,1.03
2026-06-10 19:53:42,121,56,0.93
2026-06-10 19:53:42,31,52,0.87
2026-06-10 19:53:42,112,48,0.8
2026-06-10 19:53:42,35,56,0.93
2026-06-10 19:53:42,32,153,2.55
2026-06-10 19:53:42,468,37,0.62
2026-06-10 19:53:42,165,115,1.92
2026-06-10 19:53:42,747,854,14.23
2026-06-10 19:53:42,18,145,2.42
2026-06-10 19:53:42,192,22,0.37
2026-06-10 19:53:42,160,73,1.22
2026-06-10 19:53:42,198,41,0.68
2026-06-10 19:53:42,203,135,2.25
2026-06-10 19:53:42,12,55,0.92
2026-06-10 19:53:42,215,241,4.02
2026-06-10 19:53:42,41,53,0.88
2026-06-10 19:53:42,411,77,1.28
2026-06-10 19:53:42,168,89,1.48
2026-06-10 19:53:42,61,40,0.67
2026-06-10 19:53:42,164,34,0.57
2026-06-10 19:53:42,34,18,0.3
2026-06-10 19:53:42,110,26,0.43
2026-06-10 19:53:42,25,101,1.68
2026-06-10 19:53:42,85,7,0.12
2026-06-10 19:53:42,49,34,0.57
2026-06-10 19:53:42,61,55,0.92
2026-06-10 19:53:42,36,49,0.82
2026-06-10 19:53:42,67,68,1.13
2026-06-10 19:53:42,48,57,0.95
2026-06-10 19:53:42,204,80,1.33
2026-06-10 19:53:42,67,85,1.42
2026-06-10 19:53:42,13,122,2.03
2026-06-10 19:53:42,215,52,0.87
2026-06-10 19:53:42,439,97,1.62
2026-06-10 19:53:42,411,41,0.68
2026-06-10 19:53:42,56,107,1.78
2026-06-10 19:53:42,85,51,0.85
2026-06-10 19:53:42,205,55,0.92
2026-06-10 19:53:42,64,80,1.33
2026-06-10 19:53:42,161,49,0.82
2026-06-10 19:53:42,119,83,1.38
2026-06-10 19:53:42,747,1484,24.73
2026-06-10 19:53:42,79,32,0.53
2026-06-10 19:53:42,176,31,0.52
2026-06-10 19:53:42,177,49,0.82
2026-06-10 19:53:42,207,162,2.7
2026-06-10 19:53:42,67,91,1.52
2026-06-10 19:53:42,43,92,1.53
2026-06-10 19:53:42,55,72,1.2
2026-06-10 19:53:42,54,53,0.88
2026-06-10 19:53:42,93,42,0.7
2026-06-10 19:53:42,193,55,0.92
2026-06-10 19:53:42,197,44,0.73
2026-06-10 19:53:42,161,70,1.17
2026-06-10 19:53:42,449,31,0.52
2026-06-10 19:53:42,215,323,5.38
2026-06-10 19:53:42,38,137,2.28
2026-06-10 19:53:42,165,108,1.8
2026-06-10 19:53:42,150,104,1.73
2026-06-10 19:53:42,487,66,1.1
2026-06-10 19:53:42,439,21,0.35
2026-06-10 19:53:42,189,29,0.48
2026-06-10 19:53:42,123,25,0.42
2026-06-10 19:53:42,121,101,1.68
2026-06-10 19:53:42,97,39,0.65
2026-06-10 19:53:42,55,46,0.77
2026-06-10 19:53:42,33,57,0.95
2026-06-10 19:53:42,202,28,0.47
2026-06-10 19:53:42,150,31,0.52
2026-06-10 19:53:42,777,240,4.0
2026-06-10 19:53:42,49,103,1.72
2026-06-10 19:53:42,24,97,1.62
2026-06-10 19:53:42,128,30,0.5
2026-06-10 19:53:42,214,138,2.3
2026-06-10 19:53:42,64,102,1.7
2026-06-10 19:53:42,32,57,0.95
2026-06-10 19:53:42,180,115,1.92
2026-06-10 19:53:42,468,60,1.0
2026-06-10 19:53:42,20,180,3.0
2026-06-10 19:53:42,777,240,4.0
2026-06-10 19:53:42,121,104,1.73
2026-06-10 19:53:42,777,181,3.02
2026-06-10 19:53:42,66,46,0.77
2026-06-10 19:53:42,100,34,0.57
2026-06-10 19:53:42,12,55,0.92
2026-06-10 19:53:42,66,55,0.92
2026-06-10 19:53:42,66,46,0.77
2026-06-10 19:53:42,470,73,1.22
2026-06-10 19:53:42,187,83,1.38
2026-06-10 19:53:42,57,67,1.12
2026-06-10 19:53:42,38,91,1.52
2026-06-10 19:53:42,24,25,0.42
2026-06-10 19:53:42,50,56,0.93
2026-06-10 19:53:42,20,36,0.6
2026-06-10 19:53:42,61,46,0.77
2026-06-10 19:53:42,17,160,2.67
2026-06-10 19:53:42,32,57,0.95
2026-06-10 19:53:42,108,106,1.77
2026-06-10 19:53:42,192,33,0.55
2026-06-10 19:53:42,49,61,1.02
2026-06-10 19:53:42,166,25,0.42
2026-06-10 19:53:42,411,164,2.73
2026-06-10 19:53:42,165,83,1.38
2026-06-10 19:53:42,31,48,0.8
2026-06-10 19:53:42,74,48,0.8
2026-06-10 19:53:42,74,83,1.38
2026-06-10 19:53:42,74,50,0.83
2026-06-10 19:53:42,51,47,0.78
2026-06-10 19:53:42,180,94,1.57
2026-06-10 19:53:42,24,40,0.67
2026-06-10 19:53:42,230,49,0.82
2026-06-10 19:53:42,205,101,1.68
2026-06-10 19:53:42,11,113,1.88
2026-06-10 19:53:42,747,1233,20.55
2026-06-10 19:53:42,208,71,1.18
2026-06-10 19:53:42,439,155,2.58
2026-06-10 19:53:42,218,110,1.83
2026-06-10 19:53:42,140,133,2.22
2026-06-10 19:53:42,165,37,0.62
2026-06-10 19:53:42,36,87,1.45
2026-06-10 19:53:42,460,116,1.93
2026-06-10 19:53:42,205,42,0.7
2026-06-10 19:53:42,174,300,5.0
2026-06-10 19:53:42,49,60,1.0
2026-06-10 19:53:42,411,1080,18.0
2026-06-10 19:53:42,193,63,1.05
2026-06-10 19:53:42,183,19,0.32
2026-06-10 19:53:42,195,143,2.38
2026-06-10 19:53:42,48,47,0.78
2026-06-10 19:53:42,496,958,15.97
2026-06-10 19:53:42,198,109,1.82
2026-06-10 19:53:42,112,71,1.18
2026-06-10 19:53:42,195,181,3.02
2026-06-10 19:53:42,11,55,0.92
2026-06-10 19:53:42,49,121,2.02
2026-06-10 19:53:42,138,69,1.15
2026-06-10 19:53:42,25,51,0.85
2026-06-10 19:53:42,193,63,1.05
2026-06-10 19:53:42,410,19,0.32
2026-06-10 19:53:42,165,45,0.75
2026-06-10 19:53:42,128,35,0.58
2026-06-10 19:53:42,165,37,0.62
2026-06-10 19:53:42,165,69,1.15
2026-06-10 19:53:42,71,55,0.92
2026-06-10 19:53:42,180,146,2.43
2026-06-10 19:53:42,68,86,1.43
2026-06-10 19:53:42,185,53,0.88
2026-06-10 19:53:42,34,42,0.7
2026-06-10 19:53:42,34,71,1.18
2026-06-10 19:53:42,90,16,0.27
2026-06-10 19:53:42,229,90,1.5
2026-06-10 19:53:42,747,881,14.68
2026-06-10 19:53:42,190,158,2.63
2026-06-10 19:53:42,449,64,1.07
2026-06-10 19:53:42,170,158,2.63
2026-06-10 19:53:42,196,60,1.0
2026-06-10 19:53:42,491,139,2.32
2026-06-10 19:53:42,144,127,2.12
2026-06-10 19:53:42,179,19,0.32
2026-06-10 19:53:42,777,240,4.0
2026-06-10 19:53:42,92,36,0.6
2026-06-10 19:53:42,48,119,1.98
2026-06-10 19:53:42,18,226,3.77
2026-06-10 19:53:42,206,215,3.58
2026-06-10 19:53:42,57,59,0.98
2026-06-10 19:53:42,124,60,1.0
2026-06-10 19:53:42,43,59,0.98
2026-06-10 19:53:42,25,51,0.85
2026-06-10 19:53:42,129,71,1.18
2026-06-10 19:53:42,28,25,0.42
2026-06-10 19:53:42,200,71,1.18
2026-06-10 19:53:42,55,36,0.6
2026-06-10 19:53:42,168,55,0.92
2026-06-10 19:53:42,61,145,2.42
2026-06-10 19:53:42,43,37,0.62
2026-06-10 19:53:42,27,156,2.6
2026-06-10 19:53:42,32,69,1.15
2026-06-10 19:53:42,172,60,1.0
2026-06-10 19:53:42,47,82,1.37
2026-06-10 19:53:42,204,78,1.3
2026-06-10 19:53:42,192,37,0.62
2026-06-10 19:53:42,177,49,0.82
2026-06-10 19:53:42,86,47,0.78
2026-06-10 19:53:42,150,59,0.98
2026-06-10 19:53:42,36,93,1.55
2026-06-10 19:53:42,47,99,1.65
2026-06-10 19:53:42,468,370,6.17
2026-06-10 19:53:42,110,32,0.53
2026-06-10 19:53:42,200,254,4.23
2026-06-10 19:53:42,80,105,1.75
2026-06-10 19:53:42,165,37,0.62
2026-06-10 19:53:42,174,360,6.0
2026-06-10 19:53:42,47,84,1.4
2026-06-10 19:53:42,439,90,1.5
2026-06-10 19:53:42,55,57,0.95
2026-06-10 19:53:42,113,71,1.18
2026-06-10 19:53:42,54,32,0.53
2026-06-10 19:53:42,12,47,0.78
2026-06-10 19:53:42,16,119,1.98
2026-06-10 19:53:42,150,236,3.93
2026-06-10 19:53:42,36,93,1.55
2026-06-10 19:53:42,71,96,1.6
2026-06-10 19:53:42,218,48,0.8
2026-06-10 19:53:42,747,158,2.63
2026-06-10 19:53:42,747,900,15.0
2026-06-10 19:53:42,203,115,1.92
2026-06-10 19:53:42,193,43,0.72
2026-06-10 19:53:42,33,45,0.75
2026-06-10 19:53:42,449,463,7.72
2026-06-10 19:53:42,103,87,1.45
2026-06-10 19:53:42,187,107,1.78
2026-06-10 19:53:42,180,95,1.58
2026-06-10 19:53:42,195,181,3.02
2026-06-10 19:53:42,64,102,1.7
2026-06-10 19:53:42,18,226,3.77
2026-06-10 19:53:42,125,120,2.0
2026-06-10 19:53:42,20,74,1.23
2026-06-10 19:53:42,110,32,0.53
2026-06-10 19:53:42,206,35,0.58
2026-06-10 19:53:42,49,121,2.02
2026-06-10 19:53:42,119,101,1.68
2026-06-10 19:53:42,187,107,1.78
2026-06-10 19:53:42,215,131,2.18
2026-06-10 19:53:42,185,72,1.2
2026-06-10 19:53:42,48,119,1.98
2026-06-10 19:53:42,104,21,0.35
2026-06-10 19:53:42,10,61,1.02
2026-06-10 19:53:42,197,60,1.0
2026-06-10 19:53:42,10,39,0.65
2026-06-10 19:53:42,107,20,0.33
2026-06-10 19:53:42,110,179,2.98
2026-06-10 19:53:42,201,100,1.67
2026-06-10 19:53:42,28,20,0.33
2026-06-10 19:53:42,160,50,0.83
2026-06-10 19:53:42,64,78,1.3
2026-06-10 19:53:42,164,19,0.32
2026-06-10 19:53:42,777,181,3.02
2026-06-10 19:53:42,218,96,1.6
2026-06-10 19:53:42,34,71,1.18
2026-06-10 19:53:42,95,46,0.77
2026-06-10 19:53:42,35,75,1.25
2026-06-10 19:53:42,166,60,1.0
2026-06-10 19:53:42,43,25,0.42
2026-06-10 19:53:42,125,24,0.4
2026-06-10 19:53:42,439,112,1.87
2026-06-10 19:53:42,166,41,0.68
2026-06-10 19:53:42,69,54,0.9
2026-06-10 19:53:42,198,299,4.98
2026-06-10 19:53:42,49,121,2.02
2026-06-10 19:53:42,141,49,0.82
2026-06-10 19:53:42,35,55,0.92
2026-06-10 19:53:42,55,186,3.1
2026-06-10 19:53:42,68,77,1.28
2026-06-10 19:53:42,31,208,3.47
2026-06-10 19:53:42,205,206,3.43
2026-06-10 19:53:42,51,39,0.65
2026-06-10 19:53:42,131,80,1.33
2026-06-10 19:53:42,12,67,1.12
2026-06-10 19:53:42,45,26,0.43
2026-06-10 19:53:42,48,142,2.37
2026-06-10 19:53:42,165,69,1.15
2026-06-10 19:53:42,55,186,3.1
2026-06-10 19:53:42,229,53,0.88
2026-06-10 19:53:42,48,47,0.78
2026-06-10 19:53:42,121,26,0.43
2026-06-10 19:53:42,105,141,2.35
2026-06-10 19:53:42,97,41,0.68
2026-06-10 19:53:42,113,46,0.77
2026-06-10 19:53:42,202,259,4.32
2026-06-10 19:53:42,90,75,1.25
2026-06-10 19:53:42,106,115,1.92
2026-06-10 19:53:42,186,56,0.93
2026-06-10 19:53:42,121,55,0.92
2026-06-10 19:53:42,55,57,0.95
2026-06-10 19:53:42,211,1020,17.0
2026-06-10 19:53:42,496,84,1.4
2026-06-10 19:53:42,105,141,2.35
2026-06-10 19:53:42,209,91,1.52
2026-06-10 19:53:42,41,53,0.88
2026-06-10 19:53:42,187,48,0.8
2026-06-10 19:53:42,189,49,0.82
2026-06-10 19:53:42,138,21,0.35
2026-06-10 19:53:42,136,66,1.1
2026-06-10 19:53:42,211,60,1.0
2026-06-10 19:53:42,202,74,1.23
2026-06-10 19:53:42,172,54,0.9
2026-06-10 19:53:42,189,83,1.38
2026-06-10 19:53:42,113,46,0.77
2026-06-10 19:53:42,141,54,0.9
2026-06-10 19:53:42,123,25,0.42
2026-06-10 19:53:42,67,51,0.85
2026-06-10 19:53:42,114,33,0.55
2026-06-10 19:53:42,161,41,0.68
2026-06-10 19:53:42,51,67,1.12
2026-06-10 19:53:42,165,37,0.62
2026-06-10 19:53:42,79,60,1.0
2026-06-10 19:53:42,124,60,1.0
2026-06-10 19:53:42,79,84,1.4
2026-06-10 19:53:42,211,1020,17.0
2026-06-10 19:53:42,172,60,1.0
2026-06-10 19:53:42,81,29,0.48
2026-06-10 19:53:42,54,32,0.53
2026-06-10 19:53:42,55,57,0.95
2026-06-10 19:53:42,100,78,1.3
2026-06-10 19:53:42,11,14,0.23
2026-06-10 19:53:42,105,44,0.73
2026-06-10 19:53:42,140,180,3.0
2026-06-10 19:53:42,129,59,0.98
2026-06-10 19:53:42,198,109,1.82
2026-06-10 19:53:42,93,139,2.32
2026-06-10 19:53:42,41,40,0.67
2026-06-10 19:53:42,93,84,1.4
2026-06-10 19:53:42,71,41,0.68
2026-06-10 19:53:42,179,19,0.32
2026-06-10 19:53:42,165,69,1.15
2026-06-10 19:53:42,108,33,0.55
2026-06-10 19:53:42,104,55,0.92
2026-06-10 19:53:42,97,155,2.58
2026-06-10 19:53:42,174,26,0.43
2026-06-10 19:53:42,136,17,0.28
2026-06-10 19:53:42,26,34,0.57
2026-06-10 19:53:42,54,43,0.72
2026-06-10 19:53:42,102,142,2.37
2026-06-10 19:53:42,10,39,0.65
2026-06-10 19:53:42,162,120,2.0
2026-06-10 19:53:42,125,137,2.28
2026-06-10 19:53:42,67,55,0.92
2026-06-10 19:53:42,747,900,15.0
2026-06-10 19:53:42,108,47,0.78
2026-06-10 19:53:42,747,1260,21.0
2026-06-10 19:53:42,103,64,1.07
2026-06-10 19:53:42,204,78,1.3
2026-06-10 19:53:42,200,71,1.18
2026-06-10 19:53:42,26,77,1.28
2026-06-10 19:53:42,221,120,2.0
2026-06-10 19:53:42,165,37,0.62
2026-06-10 19:53:42,411,75,1.25
2026-06-10 19:53:42,470,51,0.85
2026-06-10 19:53:42,124,125,2.08
2026-06-10 19:53:42,12,47,0.78
2026-06-10 19:53:42,48,119,1.98
2026-06-10 19:53:42,80,52,0.87
2026-06-10 19:53:42,221,264,4.4
2026-06-10 19:53:42,176,60,1.0
2026-06-10 19:53:42,186,60,1.0
2026-06-10 19:53:42,61,37,0.62
2026-06-10 19:53:42,125,102,1.7
2026-06-10 19:53:42,162,33,0.55
2026-06-10 19:53:42,37,37,0.62
2026-06-10 19:53:42,110,179,2.98
2026-06-10 19:53:42,29,45,0.75
2026-06-10 19:53:42,93,84,1.4
2026-06-10 19:53:42,64,102,1.7
2026-06-10 19:53:42,112,45,0.75
2026-06-10 19:53:42,17,40,0.67
2026-06-10 19:53:42,119,16,0.27
2026-06-10 19:53:42,185,53,0.88
2026-06-10 19:53:42,496,958,15.97
2026-06-10 19:53:42,127,49,0.82
2026-06-10 19:53:42,207,34,0.57
2026-06-10 19:53:42,208,186,3.1
2026-06-10 19:53:42,94,45,0.75
2026-06-10 19:53:42,50,66,1.1
2026-06-10 19:53:42,496,958,15.97
2026-06-10 19:53:42,177,15,0.25
2026-06-10 19:53:42,439,112,1.87
2026-06-10 19:53:42,171,74,1.23
2026-06-10 19:53:42,13,53,0.88
2026-06-10 19:53:42,56,86,1.43
2026-06-10 19:53:42,13,54,0.9
2026-06-10 19:53:42,203,269,4.48
2026-06-10 19:53:42,190,158,2.63
2026-06-10 19:53:42,160,50,0.83
2026-06-10 19:53:42,24,52,0.87
2026-06-10 19:53:42,470,1260,21.0
2026-06-10 19:53:42,102,51,0.85
2026-06-10 19:53:42,56,86,1.43
2026-06-10 19:53:42,180,146,2.43
2026-06-10 19:53:42,108,33,0.55
2026-06-10 19:53:42,221,120,2.0
2026-06-10 19:53:42,24,25,0.42
2026-06-10 19:53:42,49,121,2.02
2026-06-10 19:53:42,20,74,1.23
2026-06-10 19:53:42,192,33,0.55
2026-06-10 19:53:42,94,48,0.8
2026-06-10 19:53:42,86,33,0.55
2026-06-10 19:53:42,139,91,1.52
2026-06-10 19:53:42,121,26,0.43
2026-06-10 19:53:42,85,67,1.12
2026-06-10 19:53:42,90,16,0.27
2026-06-10 19:53:42,201,100,1.67
2026-06-10 19:53:42,161,39,0.65
2026-06-10 19:53:42,123,120,2.0
2026-06-10 19:53:42,81,89,1.48
2026-06-10 19:53:42,187,107,1.78
2026-06-10 19:53:42,747,158,2.63
2026-06-10 19:53:42,214,55,0.92
2026-06-10 19:53:42,48,47,0.78
2026-06-10 19:53:42,209,300,5.0
2026-06-10 19:53:42,171,120,2.0
2026-06-10 19:53:42,131,21,0.35
2026-06-10 19:53:42,41,40,0.67
2026-06-10 19:53:42,150,236,3.93
2026-06-10 19:53:42,66,55,0.92
2026-06-10 19:53:42,165,69,1.15
2026-06-10 19:53:42,197,78,1.3
2026-06-10 19:53:42,36,133,2.22
2026-06-10 19:53:42,70,29,0.48
2026-06-10 19:53:42,27,156,2.6
2026-06-10 19:53:42,105,141,2.35
2026-06-10 19:53:42,777,300,5.0
2026-06-10 19:53:42,92,259,4.32
2026-06-10 19:53:42,215,147,2.45
2026-06-10 19:53:42,205,42,0.7
2026-06-10 19:53:42,206,35,0.58
2026-06-10 19:53:42,37,92,1.53
2026-06-10 19:53:42,100,34,0.57
2026-06-10 19:53:42,491,73,1.22
2026-06-10 19:53:42,103,87,1.45
2026-06-10 19:53:42,161,184,3.07
2026-06-10 19:53:42,176,60,1.0
2026-06-10 19:53:42,22,56,0.93
2026-06-10 19:53:42,56,53,0.88
2026-06-10 19:53:42,125,137,2.28
2026-06-10 19:53:42,79,60,1.0
2026-06-10 19:53:42,18,226,3.77
2026-06-10 19:53:42,99,100,1.67
2026-06-10 19:53:42,68,86,1.43
2026-06-10 19:53:42,141,49,0.82
2026-06-10 19:53:42,95,67,1.12
2026-06-10 19:53:42,144,127,2.12
2026-06-10 19:53:42,449,60,1.0
2026-06-10 19:53:42,170,40,0.67
2026-06-10 19:53:42,72,29,0.48
2026-06-10 19:53:42,747,900,15.0
2026-06-10 19:53:42,129,59,0.98
2026-06-10 19:53:42,144,49,0.82
2026-06-10 19:53:42,43,55,0.92
2026-06-10 19:53:42,57,59,0.98
2026-06-10 19:53:42,61,145,2.42
2026-06-10 19:53:42,196,60,1.0
2026-06-10 19:53:42,106,41,0.68
2026-06-10 19:53:42,22,91,1.52
2026-06-10 19:53:42,20,180,3.0
2026-06-10 19:53:42,70,240,4.0
2026-06-10 19:53:42,164,108,1.8
2026-06-10 19:53:42,128,60,1.0
2026-06-10 19:53:42,127,49,0.82
2026-06-10 19:53:42,44,70,1.17
2026-06-10 19:53:42,129,71,1.18
2026-06-10 19:53:42,67,51,0.85
2026-06-10 19:53:42,47,101,1.68
2026-06-10 19:53:42,51,47,0.78
2026-06-10 19:53:42,211,1020,17.0
2026-06-10 19:53:42,162,120,2.0
2026-06-10 19:53:42,80,105,1.75
2026-06-10 19:53:42,10,61,1.02
2026-06-10 19:53:42,777,240,4.0
2026-06-10 19:53:42,104,21,0.35
2026-06-10 19:53:42,208,71,1.18
2026-06-10 19:53:42,127,110,1.83
2026-06-10 19:53:42,230,50,0.83
2026-06-10 19:53:42,18,91,1.52
2026-06-10 19:53:42,138,69,1.15
2026-06-10 19:53:42,141,54,0.9
2026-06-10 19:53:42,114,62,1.03
2026-06-10 19:53:42,107,20,0.33
2026-06-10 19:53:42,170,76,1.27
2026-06-10 19:53:42,16,15,0.25
2026-06-10 19:53:42,32,57,0.95
2026-06-10 19:53:42,27,46,0.77
2026-06-10 19:53:42,34,42,0.7
2026-06-10 19:53:42,67,55,0.92
2026-06-10 19:53:42,168,52,0.87
2026-06-10 19:53:42,197,45,0.75
2026-06-10 19:53:42,79,84,1.4
2026-06-10 19:53:42,45,26,0.43
2026-06-10 19:53:42,112,71,1.18
2026-06-10 19:53:42,189,83,1.38
2026-06-10 19:53:42,190,33,0.55
2026-06-10 19:53:42,150,59,0.98
2026-06-10 19:53:42,32,69,1.15
2026-06-10 19:53:42,201,42,0.7
2026-06-10 19:53:42,57,67,1.12
2026-06-10 19:53:42,24,52,0.87
2026-06-10 19:53:42,168,67,1.12
2026-06-10 19:53:42,38,360,6.0
2026-06-10 19:53:42,113,46,0.77
2026-06-10 19:53:42,411,75,1.25
2026-06-10 19:53:42,25,51,0.85
2026-06-10 19:53:42,17,78,1.3
2026-06-10 19:53:42,38,81,1.35
2026-06-10 19:53:42,35,75,1.25
2026-06-10 19:53:42,449,463,7.72
2026-06-10 19:53:42,177,49,0.82
2026-06-10 19:53:42,198,109,1.82
2026-06-10 19:53:42,110,32,0.53
2026-06-10 19:53:42,230,184,3.07
2026-06-10 19:53:42,468,60,1.0
2026-06-10 19:53:42,64,102,1.7
2026-06-10 19:53:42,165,69,1.15
2026-06-10 19:53:42,11,55,0.92
2026-06-10 19:53:42,195,143,2.38
2026-06-10 19:53:42,496,84,1.4
2026-06-10 19:53:42,195,181,3.02
2026-06-10 19:53:42,204,68,1.13
2026-06-10 19:53:42,55,57,0.95
2026-06-10 19:53:42,172,54,0.9
2026-06-10 19:53:42,97,41,0.68
2026-06-10 19:53:42,136,66,1.1
2026-06-10 19:53:42,123,120,2.0
2026-06-10 19:53:42,47,99,1.65
2026-06-10 19:53:42,747,900,15.0
2026-06-10 19:53:42,105,44,0.73
2026-06-10 19:53:42,49,121,2.02
2026-06-10 19:53:42,179,38,0.63
2026-06-10 19:53:42,180,115,1.92
2026-06-10 19:53:42,206,215,3.58
2026-06-10 19:53:42,36,93,1.55
2026-06-10 19:53:42,86,47,0.78
2026-06-10 19:53:42,124,60,1.0
2026-06-10 19:53:42,49,60,1.0
2026-06-10 19:53:42,411,1140,19.0
2026-06-10 19:53:42,85,43,0.72
2026-06-10 19:53:42,51,39,0.65
2026-06-10 19:53:42,92,36,0.6
2026-06-10 19:53:42,172,60,1.0
2026-06-10 19:53:42,64,78,1.3
2026-06-10 19:53:42,105,141,2.35
2026-06-10 19:53:42,200,254,4.23
2026-06-10 19:53:42,468,370,6.17
2026-06-10 19:53:42,192,37,0.62
2026-06-10 19:53:42,439,90,1.5
2026-06-10 19:53:42,128,30,0.5
2026-06-10 19:53:42,214,138,2.3
2026-06-10 19:53:42,202,259,4.32
2026-06-10 19:53:42,33,45,0.75
2026-06-10 19:53:42,193,43,0.72
2026-06-10 19:53:42,121,55,0.92
2026-06-10 19:53:42,12,67,1.12
2026-06-10 19:53:42,71,96,1.6
2026-06-10 19:53:42,491,941,15.68
2026-06-10 19:53:42,119,101,1.68
2026-06-10 19:53:42,106,138,2.3
2026-06-10 19:53:42,218,48,0.8
2026-06-10 19:53:42,203,115,1.92
2026-06-10 19:53:42,777,240,4.0
2026-06-10 19:53:42,164,108,1.8
2026-06-10 19:53:42,20,74,1.23
2026-06-10 19:53:42,160,50,0.83
2026-06-10 19:53:42,81,29,0.48
2026-06-10 19:53:42,164,19,0.32
2026-06-10 19:53:42,218,96,1.6
2026-06-10 19:53:42,95,46,0.77
2026-06-10 19:53:42,48,119,1.98
2026-06-10 19:53:42,86,33,0.55
2026-06-10 19:53:42,68,77,1.28
2026-06-10 19:53:42,18,226,3.77
2026-06-10 19:53:42,28,30,0.5
2026-06-10 19:53:42,31,243,4.05
2026-06-10 19:53:42,141,49,0.82
2026-06-10 19:53:42,44,64,1.07
2026-06-10 19:53:42,166,60,1.0
2026-06-10 19:53:42,43,25,0.42
2026-06-10 19:53:42,183,23,0.38
2026-06-10 19:53:42,35,55,0.92
2026-06-10 19:53:42,18,91,1.52
2026-06-10 19:53:42,189,49,0.82
2026-06-10 19:53:42,186,60,1.0
2026-06-10 19:53:42,205,206,3.43
2026-06-10 19:53:42,215,131,2.18
2026-06-10 19:53:42,24,52,0.87
2026-06-10 19:53:42,209,91,1.52
2026-06-10 19:53:42,69,54,0.9
2026-06-10 19:53:42,48,47,0.78
2026-06-10 19:53:42,121,26,0.43
2026-06-10 19:53:42,186,56,0.93
2026-06-10 19:53:42,26,34,0.57
2026-06-10 19:53:42,202,74,1.23
2026-06-10 19:53:42,131,80,1.33
2026-06-10 19:53:42,187,48,0.8
2026-06-10 19:53:42,26,77,1.28
2026-06-10 19:53:42,211,60,1.0
2026-06-10 19:53:42,176,60,1.0
2026-06-10 19:53:42,100,78,1.3
2026-06-10 19:53:42,747,900,15.0
2026-06-10 19:53:42,138,21,0.35
2026-06-10 19:53:42,67,51,0.85
2026-06-10 19:53:42,141,54,0.9
2026-06-10 19:53:42,193,63,1.05
2026-06-10 19:53:42,94,45,0.75
2026-06-10 19:53:42,114,33,0.55
2026-06-10 19:53:42,103,87,1.45
2026-06-10 19:53:42,211,1020,17.0
2026-06-10 19:53:42,777,300,5.0
2026-06-10 19:53:42,61,37,0.62
2026-06-10 19:53:42,161,215,3.58
2026-06-10 19:53:42,174,26,0.43
2026-06-10 19:53:42,51,47,0.78
2026-06-10 19:53:42,37,37,0.62
2026-06-10 19:53:42,64,102,1.7
2026-06-10 19:53:42,102,142,2.37
2026-06-10 19:53:42,54,43,0.72
2026-06-10 19:53:42,136,66,1.1
2026-06-10 19:53:42,161,39,0.65
2026-06-10 19:53:42,124,125,2.08
2026-06-10 19:53:42,747,203,3.38
2026-06-10 19:53:42,470,51,0.85
2026-06-10 19:53:42,41,53,0.88
2026-06-10 19:53:42,105,141,2.35
2026-06-10 19:53:42,11,14,0.23
2026-06-10 19:53:42,136,17,0.28
2026-06-10 19:53:42,200,71,1.18
2026-06-10 19:53:42,119,16,0.27
2026-06-10 19:53:42,80,52,0.87
2026-06-10 19:53:42,97,155,2.58
2026-06-10 19:53:42,162,33,0.55
2026-06-10 19:53:42,51,39,0.65
2026-06-10 19:53:42,50,66,1.1
2026-06-10 19:53:42,112,45,0.75
2026-06-10 19:53:42,108,47,0.78
2026-06-10 19:53:42,470,1260,21.0
2026-06-10 19:53:42,102,51,0.85
2026-06-10 19:53:42,189,83,1.38
2026-06-10 19:53:42,777,240,4.0
2026-06-10 19:53:42,103,64,1.07
2026-06-10 19:53:42,104,55,0.92
2026-06-10 19:53:42,208,186,3.1
2026-06-10 19:53:42,81,89,1.48
2026-06-10 19:53:42,20,180,3.0
2026-06-10 19:53:42,93,139,2.32
2026-06-10 19:53:42,17,40,0.67
2026-06-10 19:53:42,165,69,1.15
2026-06-10 19:53:42,13,54,0.9
2026-06-10 19:53:42,171,74,1.23
2026-06-10 19:53:42,139,91,1.52
2026-06-10 19:53:42,198,299,4.98
2026-06-10 19:53:42,221,264,4.4
2026-06-10 19:53:42,36,133,2.22
2026-06-10 19:53:42,80,105,1.75
2026-06-10 19:53:42,105,44,0.73
2026-06-10 19:53:42,13,53,0.88
2026-06-10 19:53:42,37,92,1.53
2026-06-10 19:53:42,150,59,0.98
2026-06-10 19:53:42,160,50,0.83
2026-06-10 19:53:42,197,78,1.3
2026-06-10 19:53:42,176,60,1.0
2026-06-10 19:53:42,203,269,4.48
2026-06-10 19:53:42,106,138,2.3
2026-06-10 19:53:42,94,48,0.8
2026-06-10 19:53:42,131,21,0.35
2026-06-10 19:53:42,496,958,15.97
2026-06-10 19:53:42,215,147,2.45
2026-06-10 19:53:42,171,120,2.0
2026-06-10 19:53:42,92,259,4.32
2026-06-10 19:53:42,172,54,0.9
2026-06-10 19:53:42,44,70,1.17
2026-06-10 19:53:42,214,55,0.92
2026-06-10 19:53:42,112,71,1.18
2026-06-10 19:53:42,144,49,0.82
2026-06-10 19:53:42,56,53,0.88
2026-06-10 19:53:42,141,54,0.9
2026-06-10 19:53:42,141,49,0.82
2026-06-10 19:53:42,496,84,1.4
2026-06-10 19:53:42,449,60,1.0
2026-06-10 19:53:42,209,300,5.0
2026-06-10 19:53:42,95,67,1.12
2026-06-10 19:53:42,22,56,0.93
2026-06-10 19:53:42,128,60,1.0
2026-06-10 19:53:42,170,40,0.67
2026-06-10 19:53:42,103,87,1.45
2026-06-10 19:53:42,106,41,0.68
2026-06-10 19:53:42,22,91,1.52
2026-06-10 19:53:42,168,52,0.87
2026-06-10 19:53:42,51,39,0.65
2026-06-10 19:53:42,127,110,1.83
2026-06-10 19:53:42,201,42,0.7
2026-06-10 19:53:42,67,60,1.0
2026-06-10 19:53:42,44,51,0.85
2026-06-10 19:55:13,204,68,1.13
2026-06-10 19:55:13,197,45,0.75
2026-06-10 19:55:13,18,91,1.52
2026-06-10 19:55:13,10,61,1.02
2026-06-10 19:55:13,79,84,1.4
2026-06-10 19:55:13,97,41,0.68
2026-06-10 19:55:13,192,33,0.55
2026-06-10 19:55:13,49,60,1.0
2026-06-10 19:55:13,215,17,0.28
2026-06-10 19:55:13,48,199,3.32
2026-06-10 19:55:13,57,45,0.75
2026-06-10 19:55:13,193,62,1.03
2026-06-10 19:55:13,186,37,0.62
2026-06-10 19:55:13,20,24,0.4
2026-06-10 19:55:13,161,77,1.28
2026-06-10 19:55:13,160,44,0.73
2026-06-10 19:55:13,61,56,0.93
2026-06-10 19:55:13,69,35,0.58
2026-06-10 19:55:13,449,14,0.23
2026-06-10 19:55:13,92,30,0.5
2026-06-10 19:55:13,162,106,1.77
2026-06-10 19:55:13,161,49,0.82
2026-06-10 19:55:13,18,67,1.12
2026-06-10 19:55:13,218,30,0.5
2026-06-10 19:55:13,67,76,1.27
2026-06-10 19:55:13,67,52,0.87
2026-06-10 19:55:13,168,45,0.75
2026-06-10 19:55:13,121,52,0.87
2026-06-10 19:55:13,79,40,0.67
2026-06-10 19:55:13,57,67,1.12
2026-06-10 19:55:13,33,77,1.28
2026-06-10 19:55:13,138,58,0.97
2026-06-10 19:55:13,95,33,0.55
2026-06-10 19:55:13,12,65,1.08
2026-06-10 19:55:13,51,71,1.18
2026-06-10 19:55:13,165,85,1.42
2026-06-10 19:55:13,107,28,0.47
2026-06-10 19:55:13,128,22,0.37
2026-06-10 19:55:13,139,44,0.73
2026-06-10 19:55:13,150,42,0.7
2026-06-10 19:55:13,165,49,0.82
2026-06-10 19:55:13,187,83,1.38
2026-06-10 19:55:13,108,23,0.38
2026-06-10 19:55:13,186,24,0.4
2026-06-10 19:55:13,195,35,0.58
2026-06-10 19:55:13,99,28,0.47
2026-06-10 19:55:13,36,83,1.38
2026-06-10 19:55:13,31,59,0.98
2026-06-10 19:55:13,193,38,0.63
2026-06-10 19:55:13,24,45,0.75
2026-06-10 19:55:13,439,103,1.72
2026-06-10 19:55:13,123,213,3.55
2026-06-10 19:55:13,198,50,0.83
2026-06-10 19:55:13,24,50,0.83
2026-06-10 19:55:13,107,36,0.6
2026-06-10 19:55:13,141,69,1.15
2026-06-10 19:55:13,183,39,0.65
2026-06-10 19:55:13,22,180,3.0
2026-06-10 19:55:13,55,82,1.37
2026-06-10 19:55:13,136,25,0.42
2026-06-10 19:55:13,28,21,0.35
2026-06-10 19:55:13,104,82,1.37
2026-06-10 19:55:13,164,73,1.22
2026-06-10 19:55:13,150,107,1.78
2026-06-10 19:55:13,189,31,0.52
2026-06-10 19:55:13,79,68,1.13
2026-06-10 19:55:13,165,55,0.92
2026-06-10 19:55:13,747,839,13.98
2026-06-10 19:55:13,439,28,0.47
2026-06-10 19:55:13,114,62,1.03
2026-06-10 19:55:13,17,56,0.93
2026-06-10 19:55:13,189,24,0.4
2026-06-10 19:55:13,208,59,0.98
2026-06-10 19:55:13,128,43,0.72
2026-06-10 19:55:13,209,46,0.77
2026-06-10 19:55:13,18,50,0.83
2026-06-10 19:55:13,69,84,1.4
2026-06-10 19:55:13,86,247,4.12
2026-06-10 19:55:13,205,53,0.88
2026-06-10 19:55:13,50,106,1.77
2026-06-10 19:55:13,66,48,0.8
2026-06-10 19:55:13,48,56,0.93
2026-06-10 19:55:13,64,112,1.87
2026-06-10 19:55:13,36,87,1.45
2026-06-10 19:55:13,140,46,0.77
2026-06-10 19:55:13,190,18,0.3
2026-06-10 19:55:13,105,19,0.32
2026-06-10 19:55:13,110,32,0.53
2026-06-10 19:55:13,28,45,0.75
2026-06-10 19:55:13,141,54,0.9
2026-06-10 19:55:13,105,180,3.0
2026-06-10 19:55:13,230,65,1.08
2026-06-10 19:55:13,49,78,1.3
2026-06-10 19:55:13,24,58,0.97
2026-06-10 19:55:13,108,41,0.68
2026-06-10 19:55:13,165,45,0.75
2026-06-10 19:55:13,43,64,1.07
2026-06-10 19:55:13,45,147,2.45
2026-06-10 19:55:13,121,58,0.97
2026-06-10 19:55:13,177,16,0.27
2026-06-10 19:55:13,18,26,0.43
2026-06-10 19:55:13,119,21,0.35
2026-06-10 19:55:13,48,60,1.0
2026-06-10 19:55:13,68,47,0.78
2026-06-10 19:55:13,193,64,1.07
2026-06-10 19:55:13,32,37,0.62
2026-06-10 19:55:13,37,28,0.47
2026-06-10 19:55:13,102,40,0.67
2026-06-10 19:55:13,102,34,0.57
2026-06-10 19:55:13,56,67,1.12
2026-06-10 19:55:13,112,70,1.17
2026-06-10 19:55:13,69,60,1.0
2026-06-10 19:55:13,49,53,0.88
2026-06-10 19:55:13,54,29,0.48
2026-06-10 19:55:13,207,162,2.7
2026-06-10 19:55:13,18,89,1.48
2026-06-10 19:55:13,33,63,1.05
2026-06-10 19:55:13,747,158,2.63
2026-06-10 19:55:13,174,406,6.77
2026-06-10 19:55:13,16,60,1.0
2026-06-10 19:55:13,45,72,1.2
2026-06-10 19:55:13,26,48,0.8
2026-06-10 19:55:13,11,138,2.3
2026-06-10 19:55:13,90,77,1.28
2026-06-10 19:55:13,205,67,1.12
2026-06-10 19:55:13,165,95,1.58
2026-06-10 19:55:13,141,40,0.67
2026-06-10 19:55:13,90,20,0.33
2026-06-10 19:55:13,92,70,1.17
2026-06-10 19:55:13,136,78,1.3
2026-06-10 19:55:13,90,96,1.6
2026-06-10 19:55:13,128,51,0.85
2026-06-10 19:55:13,221,56,0.93
2026-06-10 19:55:13,105,37,0.62
2026-06-10 19:55:13,161,23,0.38
2026-06-10 19:55:13,105,93,1.55
2026-06-10 19:55:13,48,44,0.73
2026-06-10 19:55:13,225,31,0.52
2026-06-10 19:55:13,185,38,0.63
2026-06-10 19:55:13,24,65,1.08
2026-06-10 19:55:13,197,50,0.83
2026-06-10 19:55:13,24,57,0.95
2026-06-10 19:55:13,139,28,0.47
2026-06-10 19:55:13,33,48,0.8
2026-06-10 19:55:13,439,93,1.55
2026-06-10 19:55:13,185,35,0.58
2026-06-10 19:55:13,67,96,1.6
2026-06-10 19:55:13,198,112,1.87
2026-06-10 19:55:13,24,83,1.38
2026-06-10 19:55:13,196,52,0.87
2026-06-10 19:55:13,211,29,0.48
2026-06-10 19:55:13,103,49,0.82
2026-06-10 19:55:13,103,74,1.23
2026-06-10 19:55:13,190,29,0.48
2026-06-10 19:55:13,72,28,0.47
2026-06-10 19:55:13,460,220,3.67
2026-06-10 19:55:13,124,95,1.58
2026-06-10 19:55:13,67,32,0.53
2026-06-10 19:55:13,103,87,1.45
2026-06-10 19:55:13,777,49,0.82
2026-06-10 19:55:13,41,40,0.67
2026-06-10 19:55:13,34,71,1.18
2026-06-10 19:55:13,68,119,1.98
2026-06-10 19:55:13,193,28,0.47
2026-06-10 19:55:13,106,41,0.68
2026-06-10 19:55:13,162,49,0.82
2026-06-10 19:55:13,26,37,0.62
2026-06-10 19:55:13,747,203,3.38
2026-06-10 19:55:13,123,85,1.42
2026-06-10 19:55:13,56,197,3.28
2026-06-10 19:55:13,49,23,0.38
2026-06-10 19:55:13,439,94,1.57
2026-06-10 19:55:13,121,66,1.1
2026-06-10 19:55:13,44,28,0.47
2026-06-10 19:55:13,186,38,0.63
2026-06-10 19:55:13,35,48,0.8
2026-06-10 19:55:13,24,45,0.75
2026-06-10 19:55:13,51,45,0.75
2026-06-10 19:55:13,41,48,0.8
2026-06-10 19:55:13,93,58,0.97
2026-06-10 19:55:13,67,46,0.77
2026-06-10 19:55:13,128,43,0.72
2026-06-10 19:55:13,161,41,0.68
2026-06-10 19:55:13,165,59,0.98
2026-06-10 19:55:13,202,95,1.58
2026-06-10 19:55:13,63,89,1.48
2026-06-10 19:55:13,430,129,2.15
2026-06-10 19:55:13,141,195,3.25
2026-06-10 19:55:13,221,51,0.85
2026-06-10 19:55:13,81,31,0.52
2026-06-10 19:55:13,198,42,0.7
2026-06-10 19:55:13,18,50,0.83
2026-06-10 19:55:13,121,47,0.78
2026-06-10 19:55:13,192,38,0.63
2026-06-10 19:55:13,86,21,0.35
2026-06-10 19:55:13,41,74,1.23
2026-06-10 19:55:13,449,45,0.75
2026-06-10 19:55:13,496,30,0.5
2026-06-10 19:55:13,94,53,0.88
2026-06-10 19:55:13,18,35,0.58
2026-06-10 19:55:13,187,31,0.52
2026-06-10 19:55:13,94,71,1.18
2026-06-10 19:55:13,208,38,0.63
2026-06-10 19:55:13,49,58,0.97
2026-06-10 19:55:13,165,37,0.62
2026-06-10 19:55:13,48,29,0.48
2026-06-10 19:55:13,86,30,0.5
2026-06-10 19:55:13,95,28,0.47
2026-06-10 19:55:13,45,40,0.67
2026-06-10 19:55:13,230,60,1.0
2026-06-10 19:55:13,165,69,1.15
2026-06-10 19:55:13,138,70,1.17
2026-06-10 19:55:13,141,18,0.3
2026-06-10 19:55:13,124,60,1.0
2026-06-10 19:55:13,51,59,0.98
2026-06-10 19:55:13,43,46,0.77
2026-06-10 19:55:13,411,48,0.8
2026-06-10 19:55:13,61,42,0.7
2026-06-10 19:55:13,61,23,0.38
2026-06-10 19:55:13,487,45,0.75
2026-06-10 19:55:13,93,44,0.73
2026-06-10 19:55:13,69,68,1.13
2026-06-10 19:55:13,209,115,1.92
2026-06-10 19:55:13,496,181,3.02
2026-06-10 19:55:13,37,10,0.17
2026-06-10 19:55:13,470,73,1.22
2026-06-10 19:55:13,179,55,0.92
2026-06-10 19:55:13,161,21,0.35
2026-06-10 19:55:13,11,55,0.92
2026-06-10 19:55:13,31,65,1.08
2026-06-10 19:55:13,81,59,0.98
2026-06-10 19:55:13,121,34,0.57
2026-06-10 19:55:13,439,44,0.73
2026-06-10 19:55:13,468,50,0.83
2026-06-10 19:55:13,99,63,1.05
2026-06-10 19:55:13,141,35,0.58
2026-06-10 19:55:13,198,299,4.98
2026-06-10 19:55:13,110,43,0.72
2026-06-10 19:55:13,468,81,1.35
2026-06-10 19:55:13,200,58,0.97
2026-06-10 19:55:13,460,124,2.07
2026-06-10 19:55:13,85,62,1.03
2026-06-10 19:55:13,34,89,1.48
2026-06-10 19:55:13,33,18,0.3
2026-06-10 19:55:13,51,32,0.53
2026-06-10 19:55:13,193,90,1.5
2026-06-10 19:55:13,67,52,0.87
2026-06-10 19:55:13,86,32,0.53
2026-06-10 19:55:13,10,66,1.1
2026-06-10 19:55:13,203,53,0.88
2026-06-10 19:55:13,55,36,0.6
2026-06-10 19:55:13,20,74,1.23
2026-06-10 19:55:13,27,48,0.8
2026-06-10 19:55:13,18,53,0.88
2026-06-10 19:55:13,160,72,1.2
2026-06-10 19:55:13,104,47,0.78
2026-06-10 19:55:13,49,74,1.23
2026-06-10 19:55:13,10,52,0.87
2026-06-10 19:55:13,161,49,0.82
2026-06-10 19:55:13,48,142,2.37
2026-06-10 19:55:13,43,38,0.63
2026-06-10 19:55:13,206,87,1.45
2026-06-10 19:55:13,195,68,1.13
2026-06-10 19:55:13,470,38,0.63
2026-06-10 19:55:13,32,83,1.38
2026-06-10 19:55:13,97,72,1.2
2026-06-10 19:55:13,200,85,1.42
2026-06-10 19:55:13,80,50,0.83
2026-06-10 19:55:13,90,32,0.53
2026-06-10 19:55:13,36,43,0.72
2026-06-10 19:55:13,211,64,1.07
2026-06-10 19:55:13,121,30,0.5
2026-06-10 19:55:13,51,22,0.37
2026-06-10 19:55:13,203,43,0.72
2026-06-10 19:55:13,45,62,1.03
2026-06-10 19:55:13,80,89,1.48
2026-06-10 19:55:13,125,49,0.82
2026-06-10 19:55:13,166,38,0.63
2026-06-10 19:55:13,174,420,7.0
2026-06-10 19:55:13,79,23,0.38
2026-06-10 19:55:13,496,49,0.82
2026-06-10 19:55:13,179,38,0.63
2026-06-10 19:55:13,112,57,0.95
2026-06-10 19:55:13,69,72,1.2
2026-06-10 19:55:13,141,48,0.8
2026-06-10 19:55:13,411,21,0.35
2026-06-10 19:55:13,411,32,0.53
2026-06-10 19:55:13,168,47,0.78
2026-06-10 19:55:13,85,15,0.25
2026-06-10 19:55:13,747,438,7.3
2026-06-10 19:55:13,51,77,1.28
2026-06-10 19:55:13,114,99,1.65
2026-06-10 19:55:13,43,55,0.92
2026-06-10 19:55:13,468,114,1.9
2026-06-10 19:55:13,54,50,0.83
2026-06-10 19:55:13,114,111,1.85
2026-06-10 19:55:13,206,28,0.47
2026-06-10 19:55:13,110,42,0.7
2026-06-10 19:55:13,85,61,1.02
2026-06-10 19:55:13,165,33,0.55
2026-06-10 19:55:13,206,52,0.87
2026-06-10 19:55:13,198,30,0.5
2026-06-10 19:55:13,12,45,0.75
2026-06-10 19:55:13,202,60,1.0
2026-06-10 19:55:13,48,122,2.03
2026-06-10 19:55:13,480,79,1.32
2026-06-10 19:55:13,49,47,0.78
2026-06-10 19:55:13,129,53,0.88
2026-06-10 19:55:13,67,11,0.18
2026-06-10 19:55:13,48,78,1.3
2026-06-10 19:55:13,81,89,1.48
2026-06-10 19:55:13,35,133,2.22
2026-06-10 19:55:13,11,116,1.93
2026-06-10 19:55:13,20,28,0.47
2026-06-10 19:55:13,35,20,0.33
2026-06-10 19:55:13,49,121,2.02
2026-06-10 19:55:13,177,73,1.22
2026-06-10 19:55:13,55,37,0.62
2026-06-10 19:55:13,70,56,0.93
2026-06-10 19:55:13,110,180,3.0
2026-06-10 19:55:13,128,60,1.0
2026-06-10 19:55:13,229,103,1.72
2026-06-10 19:55:13,56,53,0.88
2026-06-10 19:55:13,204,151,2.52
2026-06-10 19:55:13,27,46,0.77
2026-06-10 19:55:13,74,120,2.0
2026-06-10 19:55:13,439,63,1.05
2026-06-10 19:55:13,747,1260,21.0
2026-06-10 19:55:13,97,159,2.65
2026-06-10 19:55:13,61,84,1.4
2026-06-10 19:55:13,411,164,2.73
2026-06-10 19:55:13,141,82,1.37
2026-06-10 19:55:13,189,34,0.57
2026-06-10 19:55:13,17,36,0.6
2026-06-10 19:55:13,13,103,1.72
2026-06-10 19:55:13,203,355,5.92
2026-06-10 19:55:13,202,28,0.47
2026-06-10 19:55:13,121,40,0.67
2026-06-10 19:55:13,747,900,15.0
2026-06-10 19:55:13,44,51,0.85
2026-06-10 19:55:13,71,107,1.78
2026-06-10 19:55:13,171,74,1.23
2026-06-10 19:55:13,211,171,2.85
2026-06-10 19:55:13,747,1484,24.73
2026-06-10 19:55:13,201,42,0.7
2026-06-10 19:55:13,777,300,5.0
2026-06-10 19:55:13,411,75,1.25
2026-06-10 19:55:13,17,78,1.3
2026-06-10 19:55:13,168,67,1.12
2026-06-10 19:55:13,50,183,3.05
2026-06-10 19:55:13,32,69,1.15
2026-06-10 19:55:13,33,94,1.57
2026-06-10 19:55:13,179,38,0.63
2026-06-10 19:55:13,161,184,3.07
2026-06-10 19:55:13,67,51,0.85
2026-06-10 19:55:13,105,141,2.35
2026-06-10 19:55:13,123,25,0.42
2026-06-10 19:55:13,43,60,1.0
2026-06-10 19:55:13,218,48,0.8
2026-06-10 19:55:13,460,56,0.93
2026-06-10 19:55:13,51,33,0.55
2026-06-10 19:55:13,131,21,0.35
2026-06-10 19:55:13,192,69,1.15
2026-06-10 19:55:13,38,82,1.37
2026-06-10 19:55:13,51,99,1.65
2026-06-10 19:55:13,164,64,1.07
2026-06-10 19:55:13,200,24,0.4
2026-06-10 19:55:13,35,57,0.95
2026-06-10 19:55:13,47,82,1.37
2026-06-10 19:55:13,136,40,0.67
2026-06-10 19:55:13,202,96,1.6
2026-06-10 19:55:13,439,108,1.8
2026-06-10 19:55:13,202,20,0.33
2026-06-10 19:55:13,121,26,0.43
2026-06-10 19:55:13,57,67,1.12
2026-06-10 19:55:13,177,15,0.25
2026-06-10 19:55:13,107,20,0.33
2026-06-10 19:55:13,90,75,1.25
2026-06-10 19:55:13,16,33,0.55
2026-06-10 19:55:13,86,33,0.55
2026-06-10 19:55:13,124,33,0.55
2026-06-10 19:55:13,71,70,1.17
2026-06-10 19:55:13,439,63,1.05
2026-06-10 19:55:13,204,338,5.63
2026-06-10 19:55:13,187,25,0.42
2026-06-10 19:55:13,70,29,0.48
2026-06-10 19:55:13,70,240,4.0
2026-06-10 19:55:13,211,187,3.12
2026-06-10 19:55:13,811,15,0.25
2026-06-10 19:55:13,36,129,2.15
2026-06-10 19:55:13,747,70,1.17
2026-06-10 19:55:13,468,37,0.62
2026-06-10 19:55:13,747,854,14.23
2026-06-10 19:55:13,48,57,0.95
2026-06-10 19:55:13,13,60,1.0
2026-06-10 19:55:13,777,363,6.05
2026-06-10 19:55:13,128,30,0.5
2026-06-10 19:55:13,214,138,2.3
2026-06-10 19:55:13,64,102,1.7
2026-06-10 19:55:13,32,57,0.95
2026-06-10 19:55:13,180,115,1.92
2026-06-10 19:55:13,468,60,1.0
2026-06-10 19:55:13,20,180,3.0
2026-06-10 19:55:13,777,240,4.0
2026-06-10 19:55:13,777,181,3.02
2026-06-10 19:55:13,66,46,0.77
2026-06-10 19:55:13,100,34,0.57
2026-06-10 19:55:13,66,55,0.92
2026-06-10 19:55:13,66,46,0.77
2026-06-10 19:55:13,38,91,1.52
2026-06-10 19:55:13,24,25,0.42
2026-06-10 19:55:13,32,57,0.95
2026-06-10 19:55:13,192,33,0.55
2026-06-10 19:55:13,74,48,0.8
2026-06-10 19:55:13,74,83,1.38
2026-06-10 19:55:13,180,51,0.85
2026-06-10 19:55:13,747,1233,20.55
2026-06-10 19:55:13,208,71,1.18
2026-06-10 19:55:13,140,133,2.22
2026-06-10 19:55:13,165,37,0.62
2026-06-10 19:55:13,205,42,0.7
2026-06-10 19:55:13,49,60,1.0
2026-06-10 19:55:13,411,1080,18.0
2026-06-10 19:55:13,193,63,1.05
2026-06-10 19:55:13,183,19,0.32
2026-06-10 19:55:13,195,143,2.38
2026-06-10 19:55:13,48,47,0.78
2026-06-10 19:55:13,496,958,15.97
2026-06-10 19:55:13,198,109,1.82
2026-06-10 19:55:13,112,71,1.18
2026-06-10 19:55:13,195,181,3.02
2026-06-10 19:55:13,11,55,0.92
2026-06-10 19:55:13,25,51,0.85
2026-06-10 19:55:13,193,63,1.05
2026-06-10 19:55:13,71,55,0.92
2026-06-10 19:55:13,180,146,2.43
2026-06-10 19:55:13,68,86,1.43
2026-06-10 19:55:13,185,53,0.88
2026-06-10 19:55:13,34,42,0.7
2026-06-10 19:55:13,34,71,1.18
2026-06-10 19:55:13,90,16,0.27
2026-06-10 19:55:13,747,438,7.3
2026-06-10 19:55:13,190,158,2.63
2026-06-10 19:55:13,449,64,1.07
2026-06-10 19:55:13,170,158,2.63
2026-06-10 19:55:13,196,60,1.0
2026-06-10 19:55:13,491,139,2.32
2026-06-10 19:55:13,144,127,2.12
2026-06-10 19:55:13,179,19,0.32
2026-06-10 19:55:13,777,240,4.0
2026-06-10 19:55:13,92,36,0.6
2026-06-10 19:55:13,48,119,1.98
2026-06-10 19:55:13,18,226,3.77
2026-06-10 19:55:13,206,215,3.58
2026-06-10 19:55:13,57,59,0.98
2026-06-10 19:55:13,124,60,1.0
2026-06-10 19:55:13,43,59,0.98
2026-06-10 19:55:13,25,51,0.85
2026-06-10 19:55:13,129,71,1.18
2026-06-10 19:55:13,61,145,2.42
2026-06-10 19:55:13,27,156,2.6
2026-06-10 19:55:13,32,69,1.15
2026-06-10 19:55:13,172,60,1.0
2026-06-10 19:55:13,204,78,1.3
2026-06-10 19:55:13,192,37,0.62
2026-06-10 19:55:13,177,49,0.82
2026-06-10 19:55:13,86,47,0.78
2026-06-10 19:55:13,150,59,0.98
2026-06-10 19:55:13,36,93,1.55
2026-06-10 19:55:13,47,99,1.65
2026-06-10 19:55:13,468,370,6.17
2026-06-10 19:55:13,110,32,0.53
2026-06-10 19:55:13,200,254,4.23
2026-06-10 19:55:13,80,105,1.75
2026-06-10 19:55:13,174,360,6.0
2026-06-10 19:55:13,47,84,1.4
2026-06-10 19:55:13,439,90,1.5
2026-06-10 19:55:13,55,57,0.95
2026-06-10 19:55:13,113,118,1.97
2026-06-10 19:55:13,54,32,0.53
2026-06-10 19:55:13,12,47,0.78
2026-06-10 19:55:13,16,119,1.98
2026-06-10 19:55:13,150,236,3.93
2026-06-10 19:55:13,36,93,1.55
2026-06-10 19:55:13,71,96,1.6
2026-06-10 19:55:13,218,48,0.8
2026-06-10 19:55:13,747,158,2.63
2026-06-10 19:55:13,747,900,15.0
2026-06-10 19:55:13,203,115,1.92
2026-06-10 19:55:13,193,43,0.72
2026-06-10 19:55:13,33,45,0.75
2026-06-10 19:55:13,449,463,7.72
2026-06-10 19:55:13,103,87,1.45
2026-06-10 19:55:13,187,107,1.78
2026-06-10 19:55:13,180,100,1.67
2026-06-10 19:55:13,195,38,0.63
2026-06-10 19:55:13,64,102,1.7
2026-06-10 19:55:13,18,226,3.77
2026-06-10 19:55:13,125,120,2.0
2026-06-10 19:55:13,20,74,1.23
2026-06-10 19:55:13,110,32,0.53
2026-06-10 19:55:13,206,35,0.58
2026-06-10 19:55:13,49,121,2.02
2026-06-10 19:55:13,119,101,1.68
2026-06-10 19:55:13,187,107,1.78
2026-06-10 19:55:13,215,131,2.18
2026-06-10 19:55:13,185,72,1.2
2026-06-10 19:55:13,48,119,1.98
2026-06-10 19:55:13,104,21,0.35
2026-06-10 19:55:13,10,61,1.02
2026-06-10 19:55:13,197,43,0.72
2026-06-10 19:55:13,10,39,0.65
2026-06-10 19:55:13,107,20,0.33
2026-06-10 19:55:13,110,179,2.98
2026-06-10 19:55:13,201,100,1.67
2026-06-10 19:55:13,28,20,0.33
2026-06-10 19:55:13,160,50,0.83
2026-06-10 19:55:13,64,78,1.3
2026-06-10 19:55:13,164,19,0.32
2026-06-10 19:55:13,777,181,3.02
2026-06-10 19:55:13,218,96,1.6
2026-06-10 19:55:13,34,71,1.18
2026-06-10 19:55:13,95,46,0.77
2026-06-10 19:55:13,35,75,1.25
2026-06-10 19:55:13,166,60,1.0
2026-06-10 19:55:13,43,25,0.42
2026-06-10 19:55:13,125,24,0.4
2026-06-10 19:55:13,439,112,1.87
2026-06-10 19:55:13,166,41,0.68
2026-06-10 19:55:13,69,54,0.9
2026-06-10 19:55:13,198,299,4.98
2026-06-10 19:55:13,49,121,2.02
2026-06-10 19:55:13,141,49,0.82
2026-06-10 19:55:13,35,55,0.92
2026-06-10 19:55:13,55,186,3.1
2026-06-10 19:55:13,68,77,1.28
2026-06-10 19:55:13,31,208,3.47
2026-06-10 19:55:13,205,206,3.43
2026-06-10 19:55:13,51,39,0.65
2026-06-10 19:55:13,131,80,1.33
2026-06-10 19:55:13,12,67,1.12
2026-06-10 19:55:13,165,69,1.15
2026-06-10 19:55:13,55,186,3.1
2026-06-10 19:55:13,229,53,0.88
2026-06-10 19:55:13,121,26,0.43
2026-06-10 19:55:13,105,141,2.35
2026-06-10 19:55:13,97,41,0.68
2026-06-10 19:55:13,113,46,0.77
2026-06-10 19:55:13,202,259,4.32
2026-06-10 19:55:13,90,75,1.25
2026-06-10 19:55:13,106,115,1.92
2026-06-10 19:55:13,186,56,0.93
2026-06-10 19:55:13,121,55,0.92
2026-06-10 19:55:13,55,54,0.9
2026-06-10 19:55:13,211,1020,17.0
2026-06-10 19:55:13,496,84,1.4
2026-06-10 19:55:13,105,141,2.35
2026-06-10 19:55:13,209,91,1.52
2026-06-10 19:55:13,41,53,0.88
2026-06-10 19:55:13,187,48,0.8
2026-06-10 19:55:13,189,49,0.82
2026-06-10 19:55:13,138,21,0.35
2026-06-10 19:55:13,136,66,1.1
2026-06-10 19:55:13,211,60,1.0
2026-06-10 19:55:13,202,74,1.23
2026-06-10 19:55:13,172,54,0.9
2026-06-10 19:55:13,189,83,1.38
2026-06-10 19:55:13,113,46,0.77
2026-06-10 19:55:13,141,54,0.9
2026-06-10 19:55:13,123,25,0.42
2026-06-10 19:55:13,67,51,0.85
2026-06-10 19:55:13,114,33,0.55
2026-06-10 19:55:13,51,53,0.88
2026-06-10 19:55:13,165,37,0.62
2026-06-10 19:55:13,79,60,1.0
2026-06-10 19:55:13,211,1020,17.0
2026-06-10 19:55:13,172,60,1.0
2026-06-10 19:55:13,81,29,0.48
2026-06-10 19:55:13,54,32,0.53
2026-06-10 19:55:13,55,57,0.95
2026-06-10 19:55:13,100,78,1.3
2026-06-10 19:55:13,11,14,0.23
2026-06-10 19:55:13,105,44,0.73
2026-06-10 19:55:13,140,180,3.0
2026-06-10 19:55:13,129,59,0.98
2026-06-10 19:55:13,198,109,1.82
2026-06-10 19:55:13,93,139,2.32
2026-06-10 19:55:13,41,40,0.67
2026-06-10 19:55:13,93,84,1.4
2026-06-10 19:55:13,71,41,0.68
2026-06-10 19:55:13,179,19,0.32
2026-06-10 19:55:13,165,69,1.15
2026-06-10 19:55:13,108,33,0.55
2026-06-10 19:55:13,104,55,0.92
2026-06-10 19:55:13,97,155,2.58
2026-06-10 19:55:13,174,26,0.43
2026-06-10 19:55:13,136,17,0.28
2026-06-10 19:55:13,26,34,0.57
2026-06-10 19:55:13,54,43,0.72
2026-06-10 19:55:13,102,142,2.37
2026-06-10 19:55:13,10,39,0.65
2026-06-10 19:55:13,162,120,2.0
2026-06-10 19:55:13,125,137,2.28
2026-06-10 19:55:13,67,55,0.92
2026-06-10 19:55:13,747,900,15.0
2026-06-10 19:55:13,108,47,0.78
2026-06-10 19:55:13,103,64,1.07
2026-06-10 19:55:13,204,78,1.3
2026-06-10 19:55:13,200,71,1.18
2026-06-10 19:55:13,26,77,1.28
2026-06-10 19:55:13,221,120,2.0
2026-06-10 19:55:13,165,37,0.62
2026-06-10 19:55:13,470,51,0.85
2026-06-10 19:55:13,124,125,2.08
2026-06-10 19:55:13,12,47,0.78
2026-06-10 19:55:13,48,119,1.98
2026-06-10 19:55:13,80,52,0.87
2026-06-10 19:55:13,221,264,4.4
2026-06-10 19:55:13,176,60,1.0
2026-06-10 19:55:13,186,60,1.0
2026-06-10 19:55:13,61,37,0.62
2026-06-10 19:55:13,125,102,1.7
2026-06-10 19:55:13,162,33,0.55
2026-06-10 19:55:13,37,37,0.62
2026-06-10 19:55:13,110,179,2.98
2026-06-10 19:55:13,29,45,0.75
2026-06-10 19:55:13,93,84,1.4
2026-06-10 19:55:13,64,102,1.7
2026-06-10 19:55:13,112,45,0.75
2026-06-10 19:55:13,17,40,0.67
2026-06-10 19:55:13,119,16,0.27
2026-06-10 19:55:13,185,53,0.88
2026-06-10 19:55:13,496,958,15.97
2026-06-10 19:55:13,127,49,0.82
2026-06-10 19:55:13,207,34,0.57
2026-06-10 19:55:13,208,186,3.1
2026-06-10 19:55:13,94,45,0.75
2026-06-10 19:55:13,50,66,1.1
2026-06-10 19:55:13,496,958,15.97
2026-06-10 19:55:13,177,15,0.25
2026-06-10 19:55:13,439,112,1.87
2026-06-10 19:55:13,171,74,1.23
2026-06-10 19:55:13,13,53,0.88
2026-06-10 19:55:13,56,86,1.43
2026-06-10 19:55:13,13,54,0.9
2026-06-10 19:55:13,203,269,4.48
2026-06-10 19:55:13,190,158,2.63
2026-06-10 19:55:13,160,50,0.83
2026-06-10 19:55:13,24,52,0.87
2026-06-10 19:55:13,470,1260,21.0
2026-06-10 19:55:13,102,51,0.85
2026-06-10 19:55:13,56,86,1.43
2026-06-10 19:55:13,180,146,2.43
2026-06-10 19:55:13,108,33,0.55
2026-06-10 19:55:13,221,120,2.0
2026-06-10 19:55:13,24,25,0.42
2026-06-10 19:55:13,49,121,2.02
2026-06-10 19:55:13,20,74,1.23
2026-06-10 19:55:13,192,33,0.55
2026-06-10 19:55:13,94,48,0.8
2026-06-10 19:55:13,86,33,0.55
2026-06-10 19:55:13,139,91,1.52
2026-06-10 19:55:13,121,26,0.43
2026-06-10 19:55:13,85,67,1.12
2026-06-10 19:55:13,90,16,0.27
2026-06-10 19:55:13,201,100,1.67
2026-06-10 19:55:13,161,39,0.65
2026-06-10 19:55:13,123,120,2.0
2026-06-10 19:55:13,81,89,1.48
2026-06-10 19:55:13,187,107,1.78
2026-06-10 19:55:13,214,55,0.92
2026-06-10 19:55:13,48,47,0.78
2026-06-10 19:55:13,209,300,5.0
2026-06-10 19:55:13,171,120,2.0
2026-06-10 19:55:13,131,21,0.35
2026-06-10 19:55:13,41,40,0.67
2026-06-10 19:55:13,150,236,3.93
2026-06-10 19:55:13,66,55,0.92
2026-06-10 19:55:13,165,69,1.15
2026-06-10 19:55:13,197,78,1.3
2026-06-10 19:55:13,36,133,2.22
2026-06-10 19:55:13,70,29,0.48
2026-06-10 19:55:13,27,156,2.6
2026-06-10 19:55:13,105,141,2.35
2026-06-10 19:55:13,777,300,5.0
2026-06-10 19:55:13,92,259,4.32
2026-06-10 19:55:13,215,147,2.45
2026-06-10 19:55:13,205,42,0.7
2026-06-10 19:55:13,206,35,0.58
2026-06-10 19:55:13,37,92,1.53
2026-06-10 19:55:13,100,34,0.57
2026-06-10 19:55:13,491,73,1.22
2026-06-10 19:55:13,103,87,1.45
2026-06-10 19:55:13,161,184,3.07
2026-06-10 19:55:13,176,60,1.0
2026-06-10 19:55:13,22,56,0.93
2026-06-10 19:55:13,56,53,0.88
2026-06-10 19:55:13,125,137,2.28
2026-06-10 19:55:13,79,60,1.0
2026-06-10 19:55:13,18,226,3.77
2026-06-10 19:55:13,99,100,1.67
2026-06-10 19:55:13,68,86,1.43
2026-06-10 19:55:13,141,49,0.82
2026-06-10 19:55:13,95,67,1.12
2026-06-10 19:55:13,144,127,2.12
2026-06-10 19:55:13,449,60,1.0
2026-06-10 19:55:13,170,40,0.67
2026-06-10 19:55:13,72,29,0.48
2026-06-10 19:55:13,747,900,15.0
2026-06-10 19:55:13,129,59,0.98
2026-06-10 19:55:13,144,49,0.82
2026-06-10 19:55:13,43,61,1.02
2026-06-10 19:55:13,57,59,0.98
2026-06-10 19:55:13,61,145,2.42
2026-06-10 19:55:13,196,60,1.0
2026-06-10 19:55:13,106,41,0.68
2026-06-10 19:55:13,22,91,1.52
2026-06-10 19:55:13,20,180,3.0
2026-06-10 19:55:13,70,240,4.0
2026-06-10 19:55:13,164,108,1.8
2026-06-10 19:55:13,128,60,1.0
2026-06-10 19:55:13,127,49,0.82
2026-06-10 19:55:13,44,70,1.17
2026-06-10 19:55:13,129,71,1.18
2026-06-10 19:55:13,67,51,0.85
2026-06-10 19:55:13,47,101,1.68
2026-06-10 19:55:13,51,47,0.78
2026-06-10 19:55:13,211,1020,17.0
2026-06-10 19:55:13,162,120,2.0
2026-06-10 19:55:13,80,105,1.75
2026-06-10 19:55:13,10,61,1.02
2026-06-10 19:55:13,777,240,4.0
2026-06-10 19:55:13,104,21,0.35
2026-06-10 19:55:13,208,71,1.18
2026-06-10 19:55:13,127,110,1.83
2026-06-10 19:55:13,230,50,0.83
2026-06-10 19:55:13,18,91,1.52
2026-06-10 19:55:13,138,69,1.15
2026-06-10 19:55:13,141,54,0.9
2026-06-10 19:55:13,114,62,1.03
2026-06-10 19:55:13,107,20,0.33
2026-06-10 19:55:13,170,76,1.27
2026-06-10 19:55:13,16,15,0.25
2026-06-10 19:55:13,32,57,0.95
2026-06-10 19:55:13,27,46,0.77
2026-06-10 19:55:13,34,42,0.7
2026-06-10 19:55:13,67,55,0.92
2026-06-10 19:55:13,168,52,0.87
2026-06-10 19:55:13,197,45,0.75
2026-06-10 19:55:13,79,84,1.4
2026-06-10 19:55:13,45,26,0.43
2026-06-10 19:55:13,112,71,1.18
2026-06-10 19:55:13,189,83,1.38
2026-06-10 19:55:13,190,33,0.55
2026-06-10 19:55:13,150,59,0.98
2026-06-10 19:55:13,32,69,1.15
2026-06-10 19:55:13,201,42,0.7
2026-06-10 19:55:13,57,67,1.12
2026-06-10 19:55:13,24,52,0.87
2026-06-10 19:55:13,168,67,1.12
2026-06-10 19:55:13,38,360,6.0
2026-06-10 19:55:13,113,46,0.77
2026-06-10 19:55:13,411,75,1.25
2026-06-10 19:55:13,25,51,0.85
2026-06-10 19:55:13,17,78,1.3
2026-06-10 19:55:13,38,81,1.35
2026-06-10 19:55:13,35,75,1.25
2026-06-10 19:55:13,449,463,7.72
2026-06-10 19:55:13,177,49,0.82
2026-06-10 19:55:13,198,109,1.82
2026-06-10 19:55:13,110,32,0.53
2026-06-10 19:55:13,230,184,3.07
2026-06-10 19:55:13,468,60,1.0
2026-06-10 19:55:13,64,102,1.7
2026-06-10 19:55:13,165,69,1.15
2026-06-10 19:55:13,11,55,0.92
2026-06-10 19:55:13,195,143,2.38
2026-06-10 19:55:13,496,84,1.4
2026-06-10 19:55:13,195,181,3.02
2026-06-10 19:55:13,204,68,1.13
2026-06-10 19:55:13,55,57,0.95
2026-06-10 19:55:13,172,54,0.9
2026-06-10 19:55:13,97,41,0.68
2026-06-10 19:55:13,136,66,1.1
2026-06-10 19:55:13,123,120,2.0
2026-06-10 19:55:13,47,99,1.65
2026-06-10 19:55:13,105,44,0.73
2026-06-10 19:55:13,49,121,2.02
2026-06-10 19:55:13,179,38,0.63
2026-06-10 19:55:13,180,115,1.92
2026-06-10 19:55:13,206,215,3.58
2026-06-10 19:55:13,36,93,1.55
2026-06-10 19:55:13,86,47,0.78
2026-06-10 19:55:13,124,60,1.0
2026-06-10 19:55:13,49,60,1.0
2026-06-10 19:55:13,411,1140,19.0
2026-06-10 19:55:13,85,43,0.72
2026-06-10 19:55:13,51,39,0.65
2026-06-10 19:55:13,92,36,0.6
2026-06-10 19:55:13,172,60,1.0
2026-06-10 19:55:13,64,78,1.3
2026-06-10 19:55:13,105,141,2.35
2026-06-10 19:55:13,200,254,4.23
2026-06-10 19:55:13,468,370,6.17
2026-06-10 19:55:13,192,37,0.62
2026-06-10 19:55:13,439,90,1.5
2026-06-10 19:55:13,128,30,0.5
2026-06-10 19:55:13,214,138,2.3
2026-06-10 19:55:13,202,259,4.32
2026-06-10 19:55:13,33,45,0.75
2026-06-10 19:55:13,193,43,0.72
2026-06-10 19:55:13,121,55,0.92
2026-06-10 19:55:13,12,67,1.12
2026-06-10 19:55:13,71,96,1.6
2026-06-10 19:55:13,491,941,15.68
2026-06-10 19:55:13,119,101,1.68
2026-06-10 19:55:13,106,138,2.3
2026-06-10 19:55:13,218,48,0.8
2026-06-10 19:55:13,203,115,1.92
2026-06-10 19:55:13,777,240,4.0
2026-06-10 19:55:13,164,108,1.8
2026-06-10 19:55:13,20,74,1.23
2026-06-10 19:55:13,160,50,0.83
2026-06-10 19:55:13,81,29,0.48
2026-06-10 19:55:13,164,19,0.32
2026-06-10 19:55:13,218,96,1.6
2026-06-10 19:55:13,95,46,0.77
2026-06-10 19:55:13,48,119,1.98
2026-06-10 19:55:13,86,33,0.55
2026-06-10 19:55:13,68,77,1.28
2026-06-10 19:55:13,18,226,3.77
2026-06-10 19:55:13,28,30,0.5
2026-06-10 19:55:13,31,243,4.05
2026-06-10 19:55:13,141,49,0.82
2026-06-10 19:55:13,44,64,1.07
2026-06-10 19:55:13,166,60,1.0
2026-06-10 19:55:13,43,25,0.42
2026-06-10 19:55:13,183,23,0.38
2026-06-10 19:55:13,35,55,0.92
2026-06-10 19:55:13,18,91,1.52
2026-06-10 19:55:13,189,49,0.82
2026-06-10 19:55:13,186,60,1.0
2026-06-10 19:55:13,205,206,3.43
2026-06-10 19:55:13,215,131,2.18
2026-06-10 19:55:13,24,52,0.87
2026-06-10 19:55:13,209,91,1.52
2026-06-10 19:55:13,69,54,0.9
2026-06-10 19:55:13,48,47,0.78
2026-06-10 19:55:13,121,26,0.43
2026-06-10 19:55:13,186,56,0.93
2026-06-10 19:55:13,26,34,0.57
2026-06-10 19:55:13,202,74,1.23
2026-06-10 19:55:13,131,80,1.33
2026-06-10 19:55:13,187,48,0.8
2026-06-10 19:55:13,26,77,1.28
2026-06-10 19:55:13,211,60,1.0
2026-06-10 19:55:13,176,60,1.0
2026-06-10 19:55:13,100,78,1.3
2026-06-10 19:55:13,747,900,15.0
2026-06-10 19:55:13,138,21,0.35
2026-06-10 19:55:13,67,51,0.85
2026-06-10 19:55:13,141,54,0.9
2026-06-10 19:55:13,193,63,1.05
2026-06-10 19:55:13,94,45,0.75
2026-06-10 19:55:13,114,33,0.55
2026-06-10 19:55:13,103,87,1.45
2026-06-10 19:55:13,211,1020,17.0
2026-06-10 19:55:13,777,300,5.0
2026-06-10 19:55:13,61,37,0.62
2026-06-10 19:55:13,161,215,3.58
2026-06-10 19:55:13,174,26,0.43
2026-06-10 19:55:13,51,47,0.78
2026-06-10 19:55:13,37,37,0.62
2026-06-10 19:55:13,64,102,1.7
2026-06-10 19:55:13,102,142,2.37
2026-06-10 19:55:13,54,43,0.72
2026-06-10 19:55:13,136,66,1.1
2026-06-10 19:55:13,161,39,0.65
2026-06-10 19:55:13,124,125,2.08
2026-06-10 19:55:13,470,51,0.85
2026-06-10 19:55:13,41,53,0.88
2026-06-10 19:55:13,105,141,2.35
2026-06-10 19:55:13,11,14,0.23
2026-06-10 19:55:13,136,17,0.28
2026-06-10 19:55:13,200,71,1.18
2026-06-10 19:55:13,119,16,0.27
2026-06-10 19:55:13,80,52,0.87
2026-06-10 19:55:13,97,155,2.58
2026-06-10 19:55:13,162,33,0.55
2026-06-10 19:55:13,51,39,0.65
2026-06-10 19:55:13,50,66,1.1
2026-06-10 19:55:13,112,45,0.75
2026-06-10 19:55:13,108,47,0.78
2026-06-10 19:55:13,470,1260,21.0
2026-06-10 19:55:13,102,51,0.85
2026-06-10 19:55:13,189,83,1.38
2026-06-10 19:55:13,777,240,4.0
2026-06-10 19:55:13,103,64,1.07
2026-06-10 19:55:13,104,55,0.92
2026-06-10 19:55:13,208,186,3.1
2026-06-10 19:55:13,20,180,3.0
2026-06-10 19:55:13,93,139,2.32
2026-06-10 19:55:13,17,40,0.67
2026-06-10 19:55:13,165,69,1.15
2026-06-10 19:55:13,13,54,0.9
2026-06-10 19:55:13,139,91,1.52
2026-06-10 19:55:13,221,264,4.4
2026-06-10 19:55:13,36,133,2.22
2026-06-10 19:55:13,80,105,1.75
2026-06-10 19:55:13,105,44,0.73
2026-06-10 19:55:13,13,53,0.88
2026-06-10 19:55:13,37,92,1.53
2026-06-10 19:55:13,150,59,0.98
2026-06-10 19:55:13,160,50,0.83
2026-06-10 19:55:13,197,78,1.3
2026-06-10 19:55:13,176,60,1.0
2026-06-10 19:55:13,203,269,4.48
2026-06-10 19:55:13,106,138,2.3
2026-06-10 19:55:13,94,48,0.8
2026-06-10 19:55:13,496,958,15.97
2026-06-10 19:55:13,215,147,2.45
2026-06-10 19:55:13,171,120,2.0
2026-06-10 19:55:13,92,259,4.32
2026-06-10 19:55:13,172,54,0.9
2026-06-10 19:55:13,44,70,1.17
2026-06-10 19:55:13,214,55,0.92
2026-06-10 19:55:13,112,71,1.18
2026-06-10 19:55:13,144,49,0.82
2026-06-10 19:55:13,141,54,0.9
2026-06-10 19:55:13,141,49,0.82
2026-06-10 19:55:13,496,84,1.4
2026-06-10 19:55:13,449,60,1.0
2026-06-10 19:55:13,209,300,5.0
2026-06-10 19:55:13,95,67,1.12
2026-06-10 19:55:13,22,56,0.93
2026-06-10 19:55:13,170,40,0.67
2026-06-10 19:55:13,106,41,0.68
2026-06-10 19:55:13,22,91,1.52
2026-06-10 19:55:13,168,52,0.87
2026-06-10 19:55:13,51,39,0.65
2026-06-10 19:55:13,127,110,1.83
2026-06-10 19:55:13,67,60,1.0
2026-06-10 20:05:15,165,26,0.43
2026-06-10 20:05:15,187,256,4.27
2026-06-10 20:05:15,208,31,0.52
2026-06-10 20:05:15,18,79,1.32
2026-06-10 20:05:15,192,85,1.42
2026-06-10 20:05:15,20,49,0.82
2026-06-10 20:05:15,193,23,0.38
2026-06-10 20:05:15,32,26,0.43
2026-06-10 20:05:15,201,95,1.58
2026-06-10 20:05:15,66,45,0.75
2026-06-10 20:05:15,25,49,0.82
2026-06-10 20:05:15,35,45,0.75
2026-06-10 20:05:15,49,31,0.52
2026-06-10 20:05:15,138,58,0.97
2026-06-10 20:05:15,165,109,1.82
2026-06-10 20:05:15,56,25,0.42
2026-06-10 20:05:15,81,27,0.45
2026-06-10 20:05:15,55,65,1.08
2026-06-10 20:05:15,119,59,0.98
2026-06-10 20:05:15,185,50,0.83
2026-06-10 20:05:15,189,32,0.53
2026-06-10 20:05:15,35,116,1.93
2026-06-10 20:05:15,104,46,0.77
2026-06-10 20:05:15,209,32,0.53
2026-06-10 20:05:15,80,153,2.55
2026-06-10 20:05:15,214,48,0.8
2026-06-10 20:05:15,36,90,1.5
2026-06-10 20:05:15,29,69,1.15
2026-06-10 20:05:15,179,55,0.92
2026-06-10 20:05:15,33,24,0.4
2026-06-10 20:05:15,64,43,0.72
2026-06-10 20:05:15,165,49,0.82
2026-06-10 20:05:15,180,79,1.32
2026-06-10 20:05:15,34,27,0.45
2026-06-10 20:05:15,128,25,0.42
2026-06-10 20:05:15,106,40,0.67
2026-06-10 20:05:15,68,32,0.53
2026-06-10 20:05:15,185,22,0.37
2026-06-10 20:05:15,49,22,0.37
2026-06-10 20:05:15,92,69,1.15
2026-06-10 20:05:15,496,54,0.9
2026-06-10 20:05:15,112,53,0.88
2026-06-10 20:05:15,141,48,0.8
2026-06-10 20:05:15,128,40,0.67
2026-06-10 20:05:15,69,99,1.65
2026-06-10 20:05:15,141,27,0.45
2026-06-10 20:05:15,33,34,0.57
2026-06-10 20:05:15,211,34,0.57
2026-06-10 20:05:15,129,84,1.4
2026-06-10 20:05:15,12,104,1.73
2026-06-10 20:05:15,121,48,0.8
2026-06-10 20:05:15,170,38,0.63
2026-06-10 20:05:15,69,25,0.42
2026-06-10 20:05:15,171,30,0.5
2026-06-10 20:05:15,48,51,0.85
2026-06-10 20:05:15,41,60,1.0
2026-06-10 20:05:15,79,39,0.65
2026-06-10 20:05:15,198,61,1.02
2026-06-10 20:05:15,105,64,1.07
2026-06-10 20:05:15,192,54,0.9
2026-06-10 20:05:15,439,135,2.25
2026-06-10 20:05:15,41,54,0.9
2026-06-10 20:05:15,125,36,0.6
2026-06-10 20:05:15,119,38,0.63
2026-06-10 20:05:15,186,43,0.72
2026-06-10 20:05:15,139,51,0.85
2026-06-10 20:05:15,439,31,0.52
2026-06-10 20:05:15,439,154,2.57
2026-06-10 20:05:15,55,63,1.05
2026-06-10 20:05:15,747,900,15.0
2026-06-10 20:05:15,124,41,0.68
2026-06-10 20:05:15,205,44,0.73
2026-06-10 20:05:15,48,50,0.83
2026-06-10 20:05:15,193,63,1.05
2026-06-10 20:05:15,131,60,1.0
2026-06-10 20:05:15,208,68,1.13
2026-06-10 20:05:15,95,48,0.8
2026-06-10 20:05:15,161,42,0.7
2026-06-10 20:05:15,230,58,0.97
2026-06-10 20:05:15,125,176,2.93
2026-06-10 20:05:15,198,58,0.97
2026-06-10 20:05:15,202,44,0.73
2026-06-10 20:05:15,491,93,1.55
2026-06-10 20:05:15,439,100,1.67
2026-06-10 20:05:15,55,186,3.1
2026-06-10 20:05:15,18,29,0.48
2026-06-10 20:05:15,207,36,0.6
2026-06-10 20:05:15,121,37,0.62
2026-06-10 20:05:15,16,53,0.88
2026-06-10 20:05:15,198,33,0.55
2026-06-10 20:05:15,33,46,0.77
2026-06-10 20:05:15,206,68,1.13
2026-06-10 20:05:15,195,61,1.02
2026-06-10 20:05:15,150,102,1.7
2026-06-10 20:05:15,164,52,0.87
2026-06-10 20:05:15,43,46,0.77
2026-06-10 20:05:15,480,61,1.02
2026-06-10 20:05:15,49,40,0.67
2026-06-10 20:05:15,468,31,0.52
2026-06-10 20:05:15,112,46,0.77
2026-06-10 20:05:15,57,52,0.87
2026-06-10 20:05:15,36,53,0.88
2026-06-10 20:05:15,460,240,4.0
2026-06-10 20:05:15,193,59,0.98
2026-06-10 20:05:15,439,48,0.8
2026-06-10 20:05:15,168,36,0.6
2026-06-10 20:05:15,129,51,0.85
2026-06-10 20:05:15,38,63,1.05
2026-06-10 20:05:15,193,48,0.8
2026-06-10 20:05:15,36,294,4.9
2026-06-10 20:05:15,123,49,0.82
2026-06-10 20:05:15,49,39,0.65
2026-06-10 20:05:15,61,103,1.72
2026-06-10 20:05:15,13,53,0.88
2026-06-10 20:05:15,112,19,0.32
2026-06-10 20:05:15,90,44,0.73
2026-06-10 20:05:15,67,70,1.17
2026-06-10 20:05:15,144,70,1.17
2026-06-10 20:05:15,229,114,1.9
2026-06-10 20:05:15,165,44,0.73
2026-06-10 20:05:15,114,24,0.4
2026-06-10 20:05:15,86,32,0.53
2026-06-10 20:05:15,411,17,0.28
2026-06-10 20:05:15,48,31,0.52
2026-06-10 20:05:15,64,41,0.68
2026-06-10 20:05:15,18,60,1.0
2026-06-10 20:05:15,165,87,1.45
2026-06-10 20:05:15,218,3,0.05
2026-06-10 20:05:15,11,58,0.97
2026-06-10 20:05:15,215,30,0.5
2026-06-10 20:05:15,67,58,0.97
2026-06-10 20:05:15,165,63,1.05
2026-06-10 20:05:15,68,39,0.65
2026-06-10 20:05:15,211,20,0.33
2026-06-10 20:05:15,97,19,0.32
2026-06-10 20:05:15,180,146,2.43
2026-06-10 20:05:15,747,40,0.67
2026-06-10 20:05:15,41,59,0.98
2026-06-10 20:05:15,141,33,0.55
2026-06-10 20:05:15,51,101,1.68
2026-06-10 20:05:15,24,91,1.52
2026-06-10 20:05:15,110,40,0.67
2026-06-10 20:05:15,66,27,0.45
2026-06-10 20:05:15,141,18,0.3
2026-06-10 20:05:15,811,193,3.22
2026-06-10 20:05:15,125,4,0.07
2026-06-10 20:05:15,85,62,1.03
2026-06-10 20:05:15,24,52,0.87
2026-06-10 20:05:15,119,16,0.27
2026-06-10 20:05:15,13,54,0.9
2026-06-10 20:05:15,470,1260,21.0
2026-06-10 20:05:15,13,53,0.88
2026-06-10 20:05:15,102,51,0.85
2026-06-10 20:05:15,171,74,1.23
2026-06-10 20:05:15,41,53,0.88
2026-06-10 20:05:15,214,55,0.92
2026-06-10 20:05:15,112,45,0.75
2026-06-10 20:05:15,203,269,4.48
2026-06-10 20:05:15,56,86,1.43
2026-06-10 20:05:15,129,61,1.02
2026-06-10 20:05:15,215,64,1.07
2026-06-10 20:05:15,90,69,1.15
2026-06-10 20:05:15,70,58,0.97
2026-06-10 20:05:15,24,68,1.13
2026-06-10 20:05:15,51,59,0.98
2026-06-10 20:05:15,103,46,0.77
2026-06-10 20:05:15,127,58,0.97
2026-06-10 20:05:15,470,31,0.52
2026-06-10 20:05:15,11,11,0.18
2026-06-10 20:05:15,69,49,0.82
2026-06-10 20:05:15,79,111,1.85
2026-06-10 20:05:15,24,33,0.55
2026-06-10 20:05:15,48,47,0.78
2026-06-10 20:05:15,69,34,0.57
2026-06-10 20:05:15,17,47,0.78
2026-06-10 20:05:15,86,27,0.45
2026-06-10 20:05:15,161,49,0.82
2026-06-10 20:05:15,139,71,1.18
2026-06-10 20:05:15,85,16,0.27
2026-06-10 20:05:15,195,39,0.65
2026-06-10 20:05:15,136,10,0.17
2026-06-10 20:05:15,32,88,1.47
2026-06-10 20:05:15,110,48,0.8
2026-06-10 20:05:15,97,21,0.35
2026-06-10 20:05:15,24,57,0.95
2026-06-10 20:05:15,201,77,1.28
2026-06-10 20:05:15,38,26,0.43
2026-06-10 20:05:15,45,72,1.2
2026-06-10 20:05:15,121,66,1.1
2026-06-10 20:05:15,36,43,0.72
2026-06-10 20:05:15,411,33,0.55
2026-06-10 20:05:15,70,83,1.38
2026-06-10 20:05:15,34,42,0.7
2026-06-10 20:05:15,470,98,1.63
2026-06-10 20:05:15,197,33,0.55
2026-06-10 20:05:15,79,5,0.08
2026-06-10 20:05:15,105,30,0.5
2026-06-10 20:05:15,13,56,0.93
2026-06-10 20:05:15,136,51,0.85
2026-06-10 20:05:15,161,21,0.35
2026-06-10 20:05:15,55,47,0.78
2026-06-10 20:05:15,166,48,0.8
2026-06-10 20:05:15,208,54,0.9
2026-06-10 20:05:15,47,91,1.52
2026-06-10 20:05:15,92,259,4.32
2026-06-10 20:05:15,777,80,1.33
2026-06-10 20:05:15,51,49,0.82
2026-06-10 20:05:15,61,41,0.68
2026-06-10 20:05:15,164,67,1.12
2026-06-10 20:05:15,24,121,2.02
2026-06-10 20:05:15,165,96,1.6
2026-06-10 20:05:15,33,30,0.5
2026-06-10 20:05:15,55,56,0.93
2026-06-10 20:05:15,67,43,0.72
2026-06-10 20:05:15,100,24,0.4
2026-06-10 20:05:15,202,25,0.42
2026-06-10 20:05:15,18,88,1.47
2026-06-10 20:05:15,161,40,0.67
2026-06-10 20:05:15,114,32,0.53
2026-06-10 20:05:15,22,27,0.45
2026-06-10 20:05:15,140,64,1.07
2026-06-10 20:05:15,196,35,0.58
2026-06-10 20:05:15,128,44,0.73
2026-06-10 20:05:15,189,49,0.82
2026-06-10 20:05:15,90,78,1.3
2026-06-10 20:05:15,162,23,0.38
2026-06-10 20:05:15,141,57,0.95
2026-06-10 20:05:15,10,56,0.93
2026-06-10 20:05:15,203,46,0.77
2026-06-10 20:05:15,49,121,2.02
2026-06-10 20:05:15,179,43,0.72
2026-06-10 20:05:15,128,36,0.6
2026-06-10 20:05:15,85,42,0.7
2026-06-10 20:05:15,215,92,1.53
2026-06-10 20:05:15,121,71,1.18
2026-06-10 20:05:15,31,32,0.53
2026-06-10 20:05:15,18,110,1.83
2026-06-10 20:05:15,49,62,1.03
2026-06-10 20:05:15,170,76,1.27
2026-06-10 20:05:15,95,49,0.82
2026-06-10 20:05:15,172,46,0.77
2026-06-10 20:05:15,121,119,1.98
2026-06-10 20:05:15,141,56,0.93
2026-06-10 20:05:15,161,64,1.07
2026-06-10 20:05:15,107,70,1.17
2026-06-10 20:05:15,45,38,0.63
2026-06-10 20:05:15,25,77,1.28
2026-06-10 20:05:15,460,232,3.87
2026-06-10 20:05:15,43,26,0.43
2026-06-10 20:05:15,439,105,1.75
2026-06-10 20:05:15,86,29,0.48
2026-06-10 20:05:15,32,48,0.8
2026-06-10 20:05:15,121,100,1.67
2026-06-10 20:05:15,22,15,0.25
2026-06-10 20:05:15,449,30,0.5
2026-06-10 20:05:15,136,37,0.62
2026-06-10 20:05:15,187,20,0.33
2026-06-10 20:05:15,44,31,0.52
2026-06-10 20:05:15,71,65,1.08
2026-06-10 20:05:15,107,62,1.03
2026-06-10 20:05:15,747,158,2.63
2026-06-10 20:05:15,174,40,0.67
2026-06-10 20:05:15,121,83,1.38
2026-06-10 20:05:15,69,108,1.8
2026-06-10 20:05:15,94,75,1.25
2026-06-10 20:05:15,28,38,0.63
2026-06-10 20:05:15,127,86,1.43
2026-06-10 20:05:15,186,65,1.08
2026-06-10 20:05:15,141,58,0.97
2026-06-10 20:05:15,24,29,0.48
2026-06-10 20:05:15,139,21,0.35
2026-06-10 20:05:15,18,30,0.5
2026-06-10 20:05:15,67,60,1.0
2026-06-10 20:05:15,198,177,2.95
2026-06-10 20:05:15,113,40,0.67
2026-06-10 20:05:15,33,35,0.58
2026-06-10 20:05:15,172,44,0.73
2026-06-10 20:05:15,54,58,0.97
2026-06-10 20:05:15,192,52,0.87
2026-06-10 20:05:15,195,52,0.87
2026-06-10 20:05:15,107,38,0.63
2026-06-10 20:05:15,195,26,0.43
2026-06-10 20:05:15,17,189,3.15
2026-06-10 20:05:15,92,53,0.88
2026-06-10 20:05:15,204,28,0.47
2026-06-10 20:05:15,150,85,1.42
2026-06-10 20:05:15,230,67,1.12
2026-06-10 20:05:15,57,38,0.63
2026-06-10 20:05:15,10,72,1.2
2026-06-10 20:05:15,51,56,0.93
2026-06-10 20:05:15,43,44,0.73
2026-06-10 20:05:15,16,74,1.23
2026-06-10 20:05:15,203,26,0.43
2026-06-10 20:05:15,34,56,0.93
2026-06-10 20:05:15,18,71,1.18
2026-06-10 20:05:15,205,66,1.1
2026-06-10 20:05:15,197,67,1.12
2026-06-10 20:05:15,49,129,2.15
2026-06-10 20:05:15,138,21,0.35
2026-06-10 20:05:15,202,31,0.52
2026-06-10 20:05:15,496,44,0.73
2026-06-10 20:05:15,110,28,0.47
2026-06-10 20:05:15,48,38,0.63
2026-06-10 20:05:15,20,180,3.0
2026-06-10 20:05:15,44,55,0.92
2026-06-10 20:05:15,439,132,2.2
2026-06-10 20:05:15,110,28,0.47
2026-06-10 20:05:15,777,240,4.0
2026-06-10 20:05:15,32,30,0.5
2026-06-10 20:05:15,439,163,2.72
2026-06-10 20:05:15,189,18,0.3
2026-06-10 20:05:15,66,55,0.92
2026-06-10 20:05:15,80,25,0.42
2026-06-10 20:05:15,197,52,0.87
2026-06-10 20:05:15,123,60,1.0
2026-06-10 20:05:15,160,50,0.83
2026-06-10 20:05:15,138,19,0.32
2026-06-10 20:05:15,66,46,0.77
2026-06-10 20:05:15,104,66,1.1
2026-06-10 20:05:15,410,38,0.63
2026-06-10 20:05:15,200,76,1.27
2026-06-10 20:05:15,12,29,0.48
2026-06-10 20:05:15,124,20,0.33
2026-06-10 20:05:15,79,32,0.53
2026-06-10 20:05:15,468,240,4.0
2026-06-10 20:05:15,139,48,0.8
2026-06-10 20:05:15,162,46,0.77
2026-06-10 20:05:15,37,44,0.73
2026-06-10 20:05:15,183,23,0.38
2026-06-10 20:05:15,67,101,1.68
2026-06-10 20:05:15,31,44,0.73
2026-06-10 20:05:15,141,44,0.73
2026-06-10 20:05:15,177,41,0.68
2026-06-10 20:05:15,496,142,2.37
2026-06-10 20:05:15,68,39,0.65
2026-06-10 20:05:15,211,208,3.47
2026-06-10 20:05:15,103,47,0.78
2026-06-10 20:05:15,51,71,1.18
2026-06-10 20:05:15,86,24,0.4
2026-06-10 20:05:15,86,44,0.73
2026-06-10 20:05:15,170,104,1.73
2026-06-10 20:05:15,106,31,0.52
2026-06-10 20:05:15,44,50,0.83
2026-06-10 20:05:15,27,41,0.68
2026-06-10 20:05:15,54,38,0.63
2026-06-10 20:05:15,61,59,0.98
2026-06-10 20:05:15,37,56,0.93
2026-06-10 20:05:15,125,93,1.55
2026-06-10 20:05:15,203,56,0.93
2026-06-10 20:05:15,204,38,0.63
2026-06-10 20:05:15,24,53,0.88
2026-06-10 20:05:15,50,153,2.55
2026-06-10 20:05:15,229,29,0.48
2026-06-10 20:05:15,164,240,4.0
2026-06-10 20:05:15,747,438,7.3
2026-06-10 20:05:15,43,35,0.58
2026-06-10 20:05:15,208,186,3.1
2026-06-10 20:05:15,129,70,1.17
2026-06-10 20:05:15,51,84,1.4
2026-06-10 20:05:15,460,343,5.72
2026-06-10 20:05:15,24,52,0.87
2026-06-10 20:05:15,61,51,0.85
2026-06-10 20:05:15,90,46,0.77
2026-06-10 20:05:15,105,80,1.33
2026-06-10 20:05:15,200,41,0.68
2026-06-10 20:05:15,449,55,0.92
2026-06-10 20:05:15,468,146,2.43
2026-06-10 20:05:15,37,37,0.62
2026-06-10 20:05:15,100,34,0.57
2026-06-10 20:05:15,136,66,1.1
2026-06-10 20:05:15,180,146,2.43
2026-06-10 20:05:15,110,179,2.98
2026-06-10 20:05:15,192,33,0.55
2026-06-10 20:05:15,202,259,4.32
2026-06-10 20:05:15,215,131,2.18
2026-06-10 20:05:15,747,158,2.63
2026-06-10 20:05:15,44,64,1.07
2026-06-10 20:05:15,176,60,1.0
2026-06-10 20:05:15,90,75,1.25
2026-06-10 20:05:15,747,900,15.0
2026-06-10 20:05:15,28,20,0.33
2026-06-10 20:05:15,139,91,1.52
2026-06-10 20:05:15,176,31,0.52
2026-06-10 20:05:15,41,121,2.02
2026-06-10 20:05:15,18,78,1.3
2026-06-10 20:05:15,205,206,3.43
2026-06-10 20:05:15,121,25,0.42
2026-06-10 20:05:15,180,33,0.55
2026-06-10 20:05:15,107,74,1.23
2026-06-10 20:05:15,16,15,0.25
2026-06-10 20:05:15,449,83,1.38
2026-06-10 20:05:15,144,56,0.93
2026-06-10 20:05:15,190,78,1.3
2026-06-10 20:05:15,140,38,0.63
2026-06-10 20:05:15,206,38,0.63
2026-06-10 20:05:15,187,48,0.8
2026-06-10 20:05:15,10,39,0.65
2026-06-10 20:05:15,411,188,3.13
2026-06-10 20:05:15,51,75,1.25
2026-06-10 20:05:15,439,88,1.47
2026-06-10 20:05:15,103,64,1.07
2026-06-10 20:05:15,125,117,1.95
2026-06-10 20:05:15,177,35,0.58
2026-06-10 20:05:15,64,102,1.7
2026-06-10 20:05:15,69,46,0.77
2026-06-10 20:05:15,100,78,1.3
2026-06-10 20:05:15,105,93,1.55
2026-06-10 20:05:15,230,53,0.88
2026-06-10 20:05:15,97,155,2.58
2026-06-10 20:05:15,18,91,1.52
2026-06-10 20:05:15,230,50,0.83
2026-06-10 20:05:15,20,275,4.58
2026-06-10 20:05:15,128,61,1.02
2026-06-10 20:05:15,47,56,0.93
2026-06-10 20:05:15,49,59,0.98
2026-06-10 20:05:15,128,60,1.0
2026-06-10 20:05:15,209,49,0.82
2026-06-10 20:05:15,44,64,1.07
2026-06-10 20:05:15,34,71,1.18
2026-06-10 20:05:15,777,57,0.95
2026-06-10 20:05:15,35,46,0.77
2026-06-10 20:05:15,190,23,0.38
2026-06-10 20:05:15,496,84,1.4
2026-06-10 20:05:15,186,60,1.0
2026-06-10 20:05:15,86,33,0.55
2026-06-10 20:05:15,36,133,2.22
2026-06-10 20:05:15,123,120,2.0
2026-06-10 20:05:15,90,16,0.27
2026-06-10 20:05:15,162,33,0.55
2026-06-10 20:05:15,48,119,1.98
2026-06-10 20:05:15,48,68,1.13
2026-06-10 20:05:15,48,105,1.75
2026-06-10 20:05:15,209,94,1.57
2026-06-10 20:05:15,198,31,0.52
2026-06-10 20:05:15,67,51,0.85
2026-06-10 20:05:15,218,96,1.6
2026-06-10 20:05:15,136,17,0.28
2026-06-10 20:05:15,11,14,0.23
2026-06-10 20:05:15,102,51,0.85
2026-06-10 20:05:15,777,82,1.37
2026-06-10 20:05:15,470,51,0.85
2026-06-10 20:05:15,171,120,2.0
2026-06-10 20:05:15,197,78,1.3
2026-06-10 20:05:15,70,29,0.48
2026-06-10 20:05:15,41,40,0.67
2026-06-10 20:05:15,27,156,2.6
2026-06-10 20:05:15,93,84,1.4
2026-06-10 20:05:15,201,100,1.67
2026-06-10 20:05:15,172,54,0.9
2026-06-10 20:05:15,49,121,2.02
2026-06-10 20:05:15,79,60,1.0
2026-06-10 20:05:15,66,46,0.77
2026-06-10 20:05:15,68,86,1.43
2026-06-10 20:05:15,102,142,2.37
2026-06-10 20:05:15,193,63,1.05
2026-06-10 20:05:15,211,60,1.0
2026-06-10 20:05:15,470,1260,21.0
2026-06-10 20:05:15,110,32,0.53
2026-06-10 20:05:15,56,53,0.88
2026-06-10 20:05:15,31,201,3.35
2026-06-10 20:05:15,166,60,1.0
2026-06-10 20:05:15,124,125,2.08
2026-06-10 20:05:15,107,20,0.33
2026-06-10 20:05:15,94,45,0.75
2026-06-10 20:05:15,221,169,2.82
2026-06-10 20:05:15,206,35,0.58
2026-06-10 20:05:15,27,46,0.77
2026-06-10 20:05:15,131,21,0.35
2026-06-10 20:05:15,55,57,0.95
2026-06-10 20:05:15,190,158,2.63
2026-06-10 20:05:15,105,44,0.73
2026-06-10 20:05:15,172,60,1.0
2026-06-10 20:05:15,215,147,2.45
2026-06-10 20:05:15,61,37,0.62
2026-06-10 20:05:15,67,55,0.92
2026-06-10 20:05:15,72,420,7.0
2026-06-10 20:05:15,67,55,0.92
2026-06-10 20:05:15,10,39,0.65
2026-06-10 20:05:15,747,203,3.38
2026-06-10 20:05:15,170,40,0.67
2026-06-10 20:05:15,56,53,0.88
2026-06-10 20:05:15,140,180,3.0
2026-06-10 20:05:15,92,259,4.32
2026-06-10 20:05:15,176,60,1.0
2026-06-10 20:05:15,81,89,1.48
2026-06-10 20:05:15,205,42,0.7
2026-06-10 20:05:15,144,127,2.12
2026-06-10 20:05:15,150,236,3.93
2026-06-10 20:05:15,95,67,1.12
2026-06-10 20:05:15,61,145,2.42
2026-06-10 20:05:15,449,60,1.0
2026-06-10 20:05:15,22,56,0.93
2026-06-10 20:05:15,141,49,0.82
2026-06-10 20:05:15,189,83,1.38
2026-06-10 20:05:15,164,108,1.8
2026-06-10 20:05:15,129,59,0.98
2026-06-10 20:05:15,51,23,0.38
2026-06-10 20:05:15,37,92,1.53
2026-06-10 20:05:15,144,49,0.82
2026-06-10 20:05:15,125,137,2.28
2026-06-10 20:05:15,45,26,0.43
2026-06-10 20:05:15,161,39,0.65
2026-06-10 20:05:15,221,120,2.0
2026-06-10 20:05:15,56,68,1.13
2026-06-10 20:05:15,747,900,15.0
2026-06-10 20:05:15,28,42,0.7
2026-06-10 20:05:15,202,74,1.23
2026-06-10 20:05:15,211,102,1.7
2026-06-10 20:05:15,36,47,0.78
2026-06-10 20:05:15,43,22,0.37
2026-06-10 20:05:15,106,138,2.3
2026-06-10 20:05:15,186,56,0.93
2026-06-10 20:05:15,54,43,0.72
2026-06-10 20:05:15,138,69,1.15
2026-06-10 20:05:15,44,70,1.17
2026-06-10 20:05:15,165,37,0.62
2026-06-10 20:05:15,104,21,0.35
2026-06-10 20:05:15,70,240,4.0
2026-06-10 20:05:15,129,71,1.18
2026-06-10 20:05:15,196,60,1.0
2026-06-10 20:05:15,22,91,1.52
2026-06-10 20:05:15,93,139,2.32
2026-06-10 20:05:15,200,71,1.18
2026-06-10 20:05:15,186,60,1.0
2026-06-10 20:05:15,127,110,1.83
2026-06-10 20:05:15,16,119,1.98
2026-06-10 20:05:15,190,33,0.55
2026-06-10 20:05:15,212,92,1.53
2026-06-10 20:05:15,141,54,0.9
2026-06-10 20:05:15,51,39,0.65
2026-06-10 20:05:15,16,15,0.25
2026-06-10 20:05:15,127,49,0.82
2026-06-10 20:05:15,208,71,1.18
2026-06-10 20:05:15,125,86,1.43
2026-06-10 20:05:15,161,215,3.58
2026-06-10 20:05:15,119,16,0.27
2026-06-10 20:05:15,85,43,0.72
2026-06-10 20:05:15,114,62,1.03
2026-06-10 20:05:15,128,60,1.0
2026-06-10 20:05:15,165,69,1.15
2026-06-10 20:05:15,106,115,1.92
2026-06-10 20:05:15,161,31,0.52
2026-06-10 20:05:15,162,120,2.0
2026-06-10 20:05:15,747,1260,21.0
2026-06-10 20:05:15,70,240,4.0
2026-06-10 20:05:15,48,55,0.92
2026-06-10 20:05:15,185,53,0.88
2026-06-10 20:05:15,777,240,4.0
2026-06-10 20:05:15,110,179,2.98
2026-06-10 20:05:15,201,42,0.7
2026-06-10 20:05:15,201,100,1.67
2026-06-10 20:05:15,747,900,15.0
2026-06-10 20:05:15,170,76,1.27
2026-06-10 20:05:15,170,40,0.67
2026-06-10 20:05:15,168,52,0.87
2026-06-10 20:05:15,230,184,3.07
2026-06-10 20:05:15,38,360,6.0
2026-06-10 20:05:15,113,71,1.18
2026-06-10 20:05:15,211,1020,17.0
2026-06-10 20:05:15,45,26,0.43
2026-06-10 20:05:15,38,81,1.35
2026-06-10 20:05:15,747,900,15.0
2026-06-10 20:05:15,71,41,0.68
2026-06-10 20:05:15,17,40,0.67
2026-06-10 20:05:15,113,46,0.77
2026-06-10 20:05:15,491,941,15.68
2026-06-10 20:05:15,204,68,1.13
2026-06-10 20:05:15,197,45,0.75
2026-06-10 20:05:15,18,91,1.52
2026-06-10 20:05:15,10,61,1.02
2026-06-10 20:05:15,79,84,1.4
2026-06-10 20:05:15,97,41,0.68
2026-06-10 20:05:15,165,37,0.62
2026-06-10 20:05:15,165,69,1.15
2026-06-10 20:05:15,20,74,1.23
2026-06-10 20:05:15,81,89,1.48
2026-06-10 20:05:15,747,1260,21.0
2026-06-10 20:05:15,747,900,15.0
2026-06-10 20:05:15,171,32,0.53
2026-06-10 20:05:15,747,1484,24.73
2026-06-10 20:05:15,777,300,5.0
2026-06-10 20:05:15,411,75,1.25
2026-06-10 20:05:15,17,78,1.3
2026-06-10 20:05:15,168,67,1.12
2026-06-10 20:05:15,50,183,3.05
2026-06-10 20:05:15,32,69,1.15
2026-06-10 20:05:15,179,38,0.63
2026-06-10 20:05:15,161,184,3.07
2026-06-10 20:05:15,67,51,0.85
2026-06-10 20:05:15,105,141,2.35
2026-06-10 20:05:15,123,25,0.42
2026-06-10 20:05:15,121,26,0.43
2026-06-10 20:05:15,57,67,1.12
2026-06-10 20:05:15,177,43,0.72
2026-06-10 20:05:15,90,75,1.25
2026-06-10 20:05:15,128,30,0.5
2026-06-10 20:05:15,214,138,2.3
2026-06-10 20:05:15,64,102,1.7
2026-06-10 20:05:15,32,57,0.95
2026-06-10 20:05:15,180,115,1.92
2026-06-10 20:05:15,468,60,1.0
2026-06-10 20:05:15,20,180,3.0
2026-06-10 20:05:15,777,240,4.0
2026-06-10 20:05:15,24,25,0.42
2026-06-10 20:05:15,74,83,1.38
2026-06-10 20:05:15,747,1233,20.55
2026-06-10 20:05:15,140,133,2.22
2026-06-10 20:05:15,165,37,0.62
2026-06-10 20:05:15,49,60,1.0
2026-06-10 20:05:15,411,1080,18.0
2026-06-10 20:05:15,193,63,1.05
2026-06-10 20:05:15,183,19,0.32
2026-06-10 20:05:15,195,143,2.38
2026-06-10 20:05:15,48,47,0.78
2026-06-10 20:05:15,496,958,15.97
2026-06-10 20:05:15,198,109,1.82
2026-06-10 20:05:15,112,71,1.18
2026-06-10 20:05:15,195,181,3.02
2026-06-10 20:05:15,11,55,0.92
2026-06-10 20:05:15,34,42,0.7
2026-06-10 20:05:15,34,71,1.18
2026-06-10 20:05:15,190,158,2.63
2026-06-10 20:05:15,179,19,0.32
2026-06-10 20:05:15,777,240,4.0
2026-06-10 20:05:15,92,36,0.6
2026-06-10 20:05:15,48,119,1.98
2026-06-10 20:05:15,18,226,3.77
2026-06-10 20:05:15,206,215,3.58
2026-06-10 20:05:15,57,59,0.98
2026-06-10 20:05:15,124,60,1.0
2026-06-10 20:05:15,43,59,0.98
2026-06-10 20:05:15,25,51,0.85
2026-06-10 20:05:15,204,78,1.3
2026-06-10 20:05:15,192,37,0.62
2026-06-10 20:05:15,177,49,0.82
2026-06-10 20:05:15,86,47,0.78
2026-06-10 20:05:15,150,59,0.98
2026-06-10 20:05:15,36,93,1.55
2026-06-10 20:05:15,47,99,1.65
2026-06-10 20:05:15,468,370,6.17
2026-06-10 20:05:15,200,254,4.23
2026-06-10 20:05:15,80,105,1.75
2026-06-10 20:05:15,174,360,6.0
2026-06-10 20:05:15,47,84,1.4
2026-06-10 20:05:15,439,90,1.5
2026-06-10 20:05:15,55,57,0.95
2026-06-10 20:05:15,54,32,0.53
2026-06-10 20:05:15,12,47,0.78
2026-06-10 20:05:15,16,119,1.98
2026-06-10 20:05:15,150,236,3.93
2026-06-10 20:05:15,71,96,1.6
2026-06-10 20:05:15,218,48,0.8
2026-06-10 20:05:15,747,158,2.63
2026-06-10 20:05:15,203,115,1.92
2026-06-10 20:05:15,193,43,0.72
2026-06-10 20:05:15,33,45,0.75
2026-06-10 20:05:15,449,463,7.72
2026-06-10 20:05:15,103,87,1.45
2026-06-10 20:05:15,187,107,1.78
2026-06-10 20:05:15,49,121,2.02
2026-06-10 20:05:15,119,101,1.68
2026-06-10 20:05:15,187,107,1.78
2026-06-10 20:05:15,215,131,2.18
2026-06-10 20:05:15,185,72,1.2
2026-06-10 20:05:15,28,20,0.33
2026-06-10 20:05:15,160,50,0.83
2026-06-10 20:05:15,64,78,1.3
2026-06-10 20:05:15,164,19,0.32
2026-06-10 20:05:15,777,181,3.02
2026-06-10 20:05:15,218,96,1.6
2026-06-10 20:05:15,95,46,0.77
2026-06-10 20:05:15,35,75,1.25
2026-06-10 20:05:15,166,60,1.0
2026-06-10 20:05:15,43,25,0.42
2026-06-10 20:05:15,439,112,1.87
2026-06-10 20:05:15,69,54,0.9
2026-06-10 20:05:15,198,299,4.98
2026-06-10 20:05:15,141,49,0.82
2026-06-10 20:05:15,35,55,0.92
2026-06-10 20:05:15,55,186,3.1
2026-06-10 20:05:15,68,77,1.28
2026-06-10 20:05:15,31,208,3.47
2026-06-10 20:05:15,205,206,3.43
2026-06-10 20:05:15,51,39,0.65
2026-06-10 20:05:15,131,80,1.33
2026-06-10 20:05:15,12,67,1.12
2026-06-10 20:05:15,202,259,4.32
2026-06-10 20:05:15,90,75,1.25
2026-06-10 20:05:15,106,115,1.92
2026-06-10 20:05:15,186,56,0.93
2026-06-10 20:05:15,121,55,0.92
2026-06-10 20:05:15,496,84,1.4
2026-06-10 20:05:15,105,141,2.35
2026-06-10 20:05:15,209,91,1.52
2026-06-10 20:05:15,41,53,0.88
2026-06-10 20:05:15,187,48,0.8
2026-06-10 20:05:15,189,49,0.82
2026-06-10 20:05:15,136,66,1.1
2026-06-10 20:05:15,211,60,1.0
2026-06-10 20:05:15,202,74,1.23
2026-06-10 20:05:15,172,54,0.9
2026-06-10 20:05:15,189,83,1.38
2026-06-10 20:05:15,113,46,0.77
2026-06-10 20:05:15,141,54,0.9
2026-06-10 20:05:15,123,25,0.42
2026-06-10 20:05:15,114,33,0.55
2026-06-10 20:05:15,165,37,0.62
2026-06-10 20:05:15,211,1020,17.0
2026-06-10 20:05:15,172,60,1.0
2026-06-10 20:05:15,81,29,0.48
2026-06-10 20:05:15,54,32,0.53
2026-06-10 20:05:15,55,57,0.95
2026-06-10 20:05:15,100,78,1.3
2026-06-10 20:05:15,11,14,0.23
2026-06-10 20:05:15,105,44,0.73
2026-06-10 20:05:15,93,139,2.32
2026-06-10 20:05:15,71,41,0.68
2026-06-10 20:05:15,179,19,0.32
2026-06-10 20:05:15,165,69,1.15
2026-06-10 20:05:15,108,33,0.55
2026-06-10 20:05:15,104,55,0.92
2026-06-10 20:05:15,97,155,2.58
2026-06-10 20:05:15,174,26,0.43
2026-06-10 20:05:15,136,17,0.28
2026-06-10 20:05:15,26,34,0.57
2026-06-10 20:05:15,102,142,2.37
2026-06-10 20:05:15,67,55,0.92
2026-06-10 20:05:15,108,47,0.78
2026-06-10 20:05:15,103,64,1.07
2026-06-10 20:05:15,204,78,1.3
2026-06-10 20:05:15,200,71,1.18
2026-06-10 20:05:15,26,77,1.28
2026-06-10 20:05:15,221,120,2.0
2026-06-10 20:05:15,165,37,0.62
2026-06-10 20:05:15,470,51,0.85
2026-06-10 20:05:15,124,125,2.08
2026-06-10 20:05:15,12,47,0.78
2026-06-10 20:05:15,48,119,1.98
2026-06-10 20:05:15,80,52,0.87
2026-06-10 20:05:15,221,264,4.4
2026-06-10 20:05:15,176,60,1.0
2026-06-10 20:05:15,186,60,1.0
2026-06-10 20:05:15,61,37,0.62
2026-06-10 20:05:15,162,33,0.55
2026-06-10 20:05:15,37,37,0.62
2026-06-10 20:05:15,110,179,2.98
2026-06-10 20:05:15,29,45,0.75
2026-06-10 20:05:15,93,84,1.4
2026-06-10 20:05:15,64,102,1.7
2026-06-10 20:05:15,112,45,0.75
2026-06-10 20:05:15,17,40,0.67
2026-06-10 20:05:15,496,958,15.97
2026-06-10 20:05:15,207,34,0.57
2026-06-10 20:05:15,208,186,3.1
2026-06-10 20:05:15,94,45,0.75
2026-06-10 20:05:15,50,66,1.1
2026-06-10 20:05:15,496,958,15.97
2026-06-10 20:05:15,177,15,0.25
2026-06-10 20:05:15,439,112,1.87
2026-06-10 20:05:15,171,74,1.23
2026-06-10 20:05:15,13,53,0.88
2026-06-10 20:05:15,56,86,1.43
2026-06-10 20:05:15,13,54,0.9
2026-06-10 20:05:15,203,269,4.48
2026-06-10 20:05:15,190,158,2.63
2026-06-10 20:05:15,160,50,0.83
2026-06-10 20:05:15,24,52,0.87
2026-06-10 20:05:15,470,1260,21.0
2026-06-10 20:05:15,102,51,0.85
2026-06-10 20:05:15,108,33,0.55
2026-06-10 20:05:15,24,25,0.42
2026-06-10 20:05:15,49,121,2.02
2026-06-10 20:05:15,20,74,1.23
2026-06-10 20:05:15,192,33,0.55
2026-06-10 20:05:15,94,48,0.8
2026-06-10 20:05:15,86,33,0.55
2026-06-10 20:05:15,139,91,1.52
2026-06-10 20:05:15,121,26,0.43
2026-06-10 20:05:15,85,67,1.12
2026-06-10 20:05:15,90,16,0.27
2026-06-10 20:05:15,161,39,0.65
2026-06-10 20:05:15,123,120,2.0
2026-06-10 20:05:15,81,89,1.48
2026-06-10 20:05:15,187,107,1.78
2026-06-10 20:05:15,214,55,0.92
2026-06-10 20:05:15,48,47,0.78
2026-06-10 20:05:15,209,300,5.0
2026-06-10 20:05:15,171,120,2.0
2026-06-10 20:05:15,131,21,0.35
2026-06-10 20:05:15,41,40,0.67
2026-06-10 20:05:15,150,236,3.93
2026-06-10 20:05:15,66,55,0.92
2026-06-10 20:05:15,165,69,1.15
2026-06-10 20:05:15,197,78,1.3
2026-06-10 20:05:15,36,133,2.22
2026-06-10 20:05:15,70,29,0.48
2026-06-10 20:05:15,27,156,2.6
2026-06-10 20:05:15,105,141,2.35
2026-06-10 20:05:15,777,300,5.0
2026-06-10 20:05:15,92,259,4.32
2026-06-10 20:05:15,215,147,2.45
2026-06-10 20:05:15,205,42,0.7
2026-06-10 20:05:15,206,35,0.58
2026-06-10 20:05:15,37,92,1.53
2026-06-10 20:05:15,100,34,0.57
2026-06-10 20:05:15,491,73,1.22
2026-06-10 20:05:15,103,87,1.45
2026-06-10 20:05:15,161,184,3.07
2026-06-10 20:05:15,176,60,1.0
2026-06-10 20:05:15,22,56,0.93
2026-06-10 20:05:15,125,137,2.28
2026-06-10 20:05:15,79,60,1.0
2026-06-10 20:05:15,18,226,3.77
2026-06-10 20:05:15,99,100,1.67
2026-06-10 20:05:15,68,86,1.43
2026-06-10 20:05:15,141,49,0.82
2026-06-10 20:05:15,95,67,1.12
2026-06-10 20:05:15,144,127,2.12
2026-06-10 20:05:15,449,60,1.0
2026-06-10 20:05:15,72,29,0.48
2026-06-10 20:05:15,747,900,15.0
2026-06-10 20:05:15,129,59,0.98
2026-06-10 20:05:15,144,49,0.82
2026-06-10 20:05:15,57,59,0.98
2026-06-10 20:05:15,61,145,2.42
2026-06-10 20:05:15,196,60,1.0
2026-06-10 20:05:15,106,41,0.68
2026-06-10 20:05:15,22,91,1.52
2026-06-10 20:05:15,20,180,3.0
2026-06-10 20:05:15,164,108,1.8
2026-06-10 20:05:15,127,49,0.82
2026-06-10 20:05:15,44,70,1.17
2026-06-10 20:05:15,129,71,1.18
2026-06-10 20:05:15,67,51,0.85
2026-06-10 20:05:15,47,101,1.68
2026-06-10 20:05:15,51,47,0.78
2026-06-10 20:05:15,211,1020,17.0
2026-06-10 20:05:15,162,120,2.0
2026-06-10 20:05:15,80,105,1.75
2026-06-10 20:05:15,10,61,1.02
2026-06-10 20:05:15,777,240,4.0
2026-06-10 20:05:15,104,21,0.35
2026-06-10 20:05:15,208,71,1.18
2026-06-10 20:05:15,127,110,1.83
2026-06-10 20:05:15,18,91,1.52
2026-06-10 20:05:15,138,69,1.15
2026-06-10 20:05:15,141,54,0.9
2026-06-10 20:05:15,114,62,1.03
2026-06-10 20:05:15,107,20,0.33
2026-06-10 20:05:15,32,57,0.95
2026-06-10 20:05:15,27,46,0.77
2026-06-10 20:05:15,168,52,0.87
2026-06-10 20:05:15,197,45,0.75
2026-06-10 20:05:15,79,84,1.4
2026-06-10 20:05:15,112,71,1.18
2026-06-10 20:05:15,189,83,1.38
2026-06-10 20:05:15,190,33,0.55
2026-06-10 20:05:15,150,59,0.98
2026-06-10 20:05:15,32,69,1.15
2026-06-10 20:05:15,201,42,0.7
2026-06-10 20:05:15,57,67,1.12
2026-06-10 20:05:15,24,52,0.87
2026-06-10 20:05:15,168,67,1.12
2026-06-10 20:05:15,38,360,6.0
2026-06-10 20:05:15,113,46,0.77
2026-06-10 20:05:15,411,75,1.25
2026-06-10 20:05:15,25,51,0.85
2026-06-10 20:05:15,17,78,1.3
2026-06-10 20:05:15,38,81,1.35
2026-06-10 20:05:15,35,75,1.25
2026-06-10 20:05:15,449,463,7.72
2026-06-10 20:05:15,177,49,0.82
2026-06-10 20:05:15,198,109,1.82
2026-06-10 20:05:15,110,32,0.53
2026-06-10 20:05:15,230,184,3.07
2026-06-10 20:05:15,468,60,1.0
2026-06-10 20:05:15,64,102,1.7
2026-06-10 20:05:15,165,69,1.15
2026-06-10 20:05:15,11,55,0.92
2026-06-10 20:05:15,195,143,2.38
2026-06-10 20:05:15,496,84,1.4
2026-06-10 20:05:15,195,181,3.02
2026-06-10 20:05:15,204,68,1.13
2026-06-10 20:05:15,55,57,0.95
2026-06-10 20:05:15,172,54,0.9
2026-06-10 20:05:15,97,41,0.68
2026-06-10 20:05:15,136,66,1.1
2026-06-10 20:05:15,47,99,1.65
2026-06-10 20:05:15,105,44,0.73
2026-06-10 20:05:15,179,38,0.63
2026-06-10 20:05:15,180,115,1.92
2026-06-10 20:05:15,206,215,3.58
2026-06-10 20:05:15,36,93,1.55
2026-06-10 20:05:15,86,47,0.78
2026-06-10 20:05:15,124,60,1.0
2026-06-10 20:05:15,49,60,1.0
2026-06-10 20:05:15,411,1140,19.0
2026-06-10 20:05:15,85,43,0.72
2026-06-10 20:05:15,51,39,0.65
2026-06-10 20:05:15,92,36,0.6
2026-06-10 20:05:15,172,60,1.0
2026-06-10 20:05:15,64,78,1.3
2026-06-10 20:05:15,105,141,2.35
2026-06-10 20:05:15,200,254,4.23
2026-06-10 20:05:15,468,370,6.17
2026-06-10 20:05:15,192,37,0.62
2026-06-10 20:05:15,439,90,1.5
2026-06-10 20:05:15,128,30,0.5
2026-06-10 20:05:15,214,138,2.3
2026-06-10 20:05:15,202,259,4.32
2026-06-10 20:05:15,33,45,0.75
2026-06-10 20:05:15,193,43,0.72
2026-06-10 20:05:15,121,55,0.92
2026-06-10 20:05:15,12,67,1.12
2026-06-10 20:05:15,71,96,1.6
2026-06-10 20:05:15,119,101,1.68
2026-06-10 20:05:15,218,48,0.8
2026-06-10 20:05:15,203,115,1.92
2026-06-10 20:05:15,20,74,1.23
2026-06-10 20:05:15,160,50,0.83
2026-06-10 20:05:15,81,29,0.48
2026-06-10 20:05:15,164,19,0.32
2026-06-10 20:05:15,95,46,0.77
2026-06-10 20:05:15,48,119,1.98
2026-06-10 20:05:15,68,77,1.28
2026-06-10 20:05:15,18,226,3.77
2026-06-10 20:05:15,28,30,0.5
2026-06-10 20:05:15,141,49,0.82
2026-06-10 20:05:15,44,64,1.07
2026-06-10 20:05:15,43,25,0.42
2026-06-10 20:05:15,35,55,0.92
2026-06-10 20:05:15,189,49,0.82
2026-06-10 20:05:15,209,91,1.52
2026-06-10 20:05:15,69,54,0.9
2026-06-10 20:05:15,48,47,0.78
2026-06-10 20:05:15,121,26,0.43
2026-06-10 20:05:15,26,34,0.57
2026-06-10 20:05:15,131,80,1.33
2026-06-10 20:05:15,26,77,1.28
2026-06-10 20:05:15,176,60,1.0
2026-06-10 20:05:15,747,900,15.0
2026-06-10 20:05:15,138,21,0.35
2026-06-10 20:05:15,67,51,0.85
2026-06-10 20:05:15,141,54,0.9
2026-06-10 20:05:15,114,33,0.55
2026-06-10 20:05:15,103,87,1.45
2026-06-10 20:05:15,211,1020,17.0
2026-06-10 20:05:15,777,300,5.0
2026-06-10 20:05:15,174,26,0.43
2026-06-10 20:05:15,51,47,0.78
2026-06-10 20:05:15,37,37,0.62
2026-06-10 20:05:15,54,43,0.72
2026-06-10 20:05:15,41,53,0.88
2026-06-10 20:05:15,105,141,2.35
2026-06-10 20:05:15,119,16,0.27
2026-06-10 20:05:15,80,52,0.87
2026-06-10 20:05:15,51,39,0.65
2026-06-10 20:05:15,50,66,1.1
2026-06-10 20:05:15,112,45,0.75
2026-06-10 20:05:15,108,47,0.78
2026-06-10 20:05:15,189,83,1.38
2026-06-10 20:05:15,104,55,0.92
2026-06-10 20:05:15,80,87,1.45
2026-06-10 20:15:17,189,34,0.57
2026-06-10 20:15:17,144,41,0.68
2026-06-10 20:15:17,10,78,1.3
2026-06-10 20:15:17,121,33,0.55
2026-06-10 20:15:17,179,32,0.53
2026-06-10 20:15:17,190,60,1.0
2026-06-10 20:15:17,165,62,1.03
2026-06-10 20:15:17,121,36,0.6
2026-06-10 20:15:17,16,30,0.5
2026-06-10 20:15:17,103,54,0.9
2026-06-10 20:15:17,41,32,0.53
2026-06-10 20:15:17,124,17,0.28
2026-06-10 20:15:17,470,49,0.82
2026-06-10 20:15:17,129,15,0.25
2026-06-10 20:15:17,80,78,1.3
2026-06-10 20:15:17,25,42,0.7
2026-06-10 20:15:17,209,35,0.58
2026-06-10 20:15:17,112,72,1.2
2026-06-10 20:15:17,33,84,1.4
2026-06-10 20:15:17,180,68,1.13
2026-06-10 20:15:17,185,23,0.38
2026-06-10 20:15:17,86,36,0.6
2026-06-10 20:15:17,49,49,0.82
2026-06-10 20:15:17,18,41,0.68
2026-06-10 20:15:17,160,104,1.73
2026-06-10 20:15:17,131,46,0.77
2026-06-10 20:15:17,141,60,1.0
2026-06-10 20:15:17,81,33,0.55
2026-06-10 20:15:17,190,13,0.22
2026-06-10 20:15:17,205,158,2.63
2026-06-10 20:15:17,211,102,1.7
2026-06-10 20:15:17,193,129,2.15
2026-06-10 20:15:17,747,42,0.7
2026-06-10 20:15:17,67,58,0.97
2026-06-10 20:15:17,202,63,1.05
2026-06-10 20:15:17,66,53,0.88
2026-06-10 20:15:17,164,108,1.8
2026-06-10 20:15:17,179,125,2.08
2026-06-10 20:15:17,69,55,0.92
2026-06-10 20:15:17,61,50,0.83
2026-06-10 20:15:17,18,53,0.88
2026-06-10 20:15:17,104,42,0.7
2026-06-10 20:15:17,183,39,0.65
2026-06-10 20:15:17,49,22,0.37
2026-06-10 20:15:17,468,175,2.92
2026-06-10 20:15:17,37,57,0.95
2026-06-10 20:15:17,215,41,0.68
2026-06-10 20:15:17,195,44,0.73
2026-06-10 20:15:17,70,65,1.08
2026-06-10 20:15:17,51,55,0.92
2026-06-10 20:15:17,80,79,1.32
2026-06-10 20:15:17,97,47,0.78
2026-06-10 20:15:17,12,38,0.63
2026-06-10 20:15:17,150,126,2.1
2026-06-10 20:15:17,18,35,0.58
2026-06-10 20:15:17,141,27,0.45
2026-06-10 20:15:17,33,29,0.48
2026-06-10 20:15:17,161,26,0.43
2026-06-10 20:15:17,32,176,2.93
2026-06-10 20:15:17,164,73,1.22
2026-06-10 20:15:17,166,51,0.85
2026-06-10 20:15:17,198,53,0.88
2026-06-10 20:15:17,189,33,0.55
2026-06-10 20:15:17,127,23,0.38
2026-06-10 20:15:17,141,48,0.8
2026-06-10 20:15:17,186,27,0.45
2026-06-10 20:15:17,64,20,0.33
2026-06-10 20:15:17,11,39,0.65
2026-06-10 20:15:17,193,74,1.23
2026-06-10 20:15:17,113,22,0.37
2026-06-10 20:15:17,491,86,1.43
2026-06-10 20:15:17,56,73,1.22
2026-06-10 20:15:17,55,33,0.55
2026-06-10 20:15:17,496,72,1.2
2026-06-10 20:15:17,177,178,2.97
2026-06-10 20:15:17,18,82,1.37
2026-06-10 20:15:17,36,53,0.88
2026-06-10 20:15:17,186,15,0.25
2026-06-10 20:15:17,108,21,0.35
2026-06-10 20:15:17,28,30,0.5
2026-06-10 20:15:17,211,34,0.57
2026-06-10 20:15:17,24,35,0.58
2026-06-10 20:15:17,97,153,2.55
2026-06-10 20:15:17,221,22,0.37
2026-06-10 20:15:17,208,38,0.63
2026-06-10 20:15:17,185,49,0.82
2026-06-10 20:15:17,67,66,1.1
2026-06-10 20:15:17,43,58,0.97
2026-06-10 20:15:17,105,74,1.23
2026-06-10 20:15:17,13,61,1.02
2026-06-10 20:15:17,165,110,1.83
2026-06-10 20:15:17,102,39,0.65
2026-06-10 20:15:17,22,34,0.57
2026-06-10 20:15:17,162,70,1.17
2026-06-10 20:15:17,189,17,0.28
2026-06-10 20:15:17,18,126,2.1
2026-06-10 20:15:17,103,27,0.45
2026-06-10 20:15:17,34,71,1.18
2026-06-10 20:15:17,128,49,0.82
2026-06-10 20:15:17,45,36,0.6
2026-06-10 20:15:17,121,121,2.02
2026-06-10 20:15:17,113,98,1.63
2026-06-10 20:15:17,209,44,0.73
2026-06-10 20:15:17,206,39,0.65
2026-06-10 20:15:17,66,29,0.48
2026-06-10 20:15:17,170,25,0.42
2026-06-10 20:15:17,45,61,1.02
2026-06-10 20:15:17,61,40,0.67
2026-06-10 20:15:17,206,30,0.5
2026-06-10 20:15:17,56,61,1.02
2026-06-10 20:15:17,48,19,0.32
2026-06-10 20:15:17,129,75,1.25
2026-06-10 20:15:17,51,30,0.5
2026-06-10 20:15:17,161,67,1.12
2026-06-10 20:15:17,38,150,2.5
2026-06-10 20:15:17,56,53,0.88
2026-06-10 20:15:17,165,99,1.65
2026-06-10 20:15:17,55,58,0.97
2026-06-10 20:15:17,121,67,1.12
2026-06-10 20:15:17,196,67,1.12
2026-06-10 20:15:17,67,71,1.18
2026-06-10 20:15:17,69,65,1.08
2026-06-10 20:15:17,140,195,3.25
2026-06-10 20:15:17,17,62,1.03
2026-06-10 20:15:17,121,30,0.5
2026-06-10 20:15:17,439,130,2.17
2026-06-10 20:15:17,85,10,0.17
2026-06-10 20:15:17,165,24,0.4
2026-06-10 20:15:17,165,99,1.65
2026-06-10 20:15:17,162,28,0.47
2026-06-10 20:15:17,51,97,1.62
2026-06-10 20:15:17,69,23,0.38
2026-06-10 20:15:17,439,171,2.85
2026-06-10 20:15:17,102,25,0.42
2026-06-10 20:15:17,121,82,1.37
2026-06-10 20:15:17,139,65,1.08
2026-06-10 20:15:17,69,18,0.3
2026-06-10 20:15:17,49,40,0.67
2026-06-10 20:15:17,18,61,1.02
2026-06-10 20:15:17,48,60,1.0
2026-06-10 20:15:17,20,73,1.22
2026-06-10 20:15:17,200,65,1.08
2026-06-10 20:15:17,439,99,1.65
2026-06-10 20:15:17,198,136,2.27
2026-06-10 20:15:17,165,37,0.62
2026-06-10 20:15:17,51,44,0.73
2026-06-10 20:15:17,449,26,0.43
2026-06-10 20:15:17,468,70,1.17
2026-06-10 20:15:17,206,215,3.58
2026-06-10 20:15:17,201,28,0.47
2026-06-10 20:15:17,79,43,0.72
2026-06-10 20:15:17,161,108,1.8
2026-06-10 20:15:17,24,84,1.4
2026-06-10 20:15:17,202,73,1.22
2026-06-10 20:15:17,112,61,1.02
2026-06-10 20:15:17,215,54,0.9
2026-06-10 20:15:17,27,60,1.0
2026-06-10 20:15:17,44,75,1.25
2026-06-10 20:15:17,103,67,1.12
2026-06-10 20:15:17,777,181,3.02
2026-06-10 20:15:17,198,60,1.0
2026-06-10 20:15:17,68,77,1.28
2026-06-10 20:15:17,141,31,0.52
2026-06-10 20:15:17,197,57,0.95
2026-06-10 20:15:17,127,41,0.68
2026-06-10 20:15:17,68,34,0.57
2026-06-10 20:15:17,119,101,1.68
2026-06-10 20:15:17,55,186,3.1
2026-06-10 20:15:17,18,73,1.22
2026-06-10 20:15:17,119,86,1.43
2026-06-10 20:15:17,138,21,0.35
2026-06-10 20:15:17,31,208,3.47
2026-06-10 20:15:17,218,96,1.6
2026-06-10 20:15:17,141,49,0.82
2026-06-10 20:15:17,121,20,0.33
2026-06-10 20:15:17,204,30,0.5
2026-06-10 20:15:17,55,50,0.83
2026-06-10 20:15:17,171,186,3.1
2026-06-10 20:15:17,68,38,0.63
2026-06-10 20:15:17,160,50,0.83
2026-06-10 20:15:17,186,56,0.93
2026-06-10 20:15:17,32,95,1.58
2026-06-10 20:15:17,110,33,0.55
2026-06-10 20:15:17,100,21,0.35
2026-06-10 20:15:17,121,26,0.43
2026-06-10 20:15:17,32,120,2.0
2026-06-10 20:15:17,200,29,0.48
2026-06-10 20:15:17,177,47,0.78
2026-06-10 20:15:17,29,29,0.48
2026-06-10 20:15:17,165,43,0.72
2026-06-10 20:15:17,187,72,1.2
2026-06-10 20:15:17,107,40,0.67
2026-06-10 20:15:17,119,101,1.68
2026-06-10 20:15:17,190,39,0.65
2026-06-10 20:15:17,119,16,0.27
2026-06-10 20:15:17,69,198,3.3
2026-06-10 20:15:17,41,34,0.57
2026-06-10 20:15:17,171,14,0.23
2026-06-10 20:15:17,124,54,0.9
2026-06-10 20:15:17,125,31,0.52
2026-06-10 20:15:17,61,54,0.9
2026-06-10 20:15:17,207,40,0.67
2026-06-10 20:15:17,128,43,0.72
2026-06-10 20:15:17,104,79,1.32
2026-06-10 20:15:17,187,41,0.68
2026-06-10 20:15:17,68,26,0.43
2026-06-10 20:15:17,136,25,0.42
2026-06-10 20:15:17,31,23,0.38
2026-06-10 20:15:17,94,41,0.68
2026-06-10 20:15:17,11,43,0.72
2026-06-10 20:15:17,204,56,0.93
2026-06-10 20:15:17,67,90,1.5
2026-06-10 20:15:17,47,62,1.03
2026-06-10 20:15:17,16,32,0.53
2026-06-10 20:15:17,43,52,0.87
2026-06-10 20:15:17,10,125,2.08
2026-06-10 20:15:17,95,42,0.7
2026-06-10 20:15:17,138,38,0.63
2026-06-10 20:15:17,51,33,0.55
2026-06-10 20:15:17,110,83,1.38
2026-06-10 20:15:17,50,180,3.0
2026-06-10 20:15:17,107,16,0.27
2026-06-10 20:15:17,31,46,0.77
2026-06-10 20:15:17,79,24,0.4
2026-06-10 20:15:17,36,106,1.77
2026-06-10 20:15:17,221,43,0.72
2026-06-10 20:15:17,49,16,0.27
2026-06-10 20:15:17,41,20,0.33
2026-06-10 20:15:17,144,44,0.73
2026-06-10 20:15:17,85,43,0.72
2026-06-10 20:15:17,94,49,0.82
2026-06-10 20:15:17,54,78,1.3
2026-06-10 20:15:17,180,76,1.27
2026-06-10 20:15:17,26,29,0.48
2026-06-10 20:15:17,22,23,0.38
2026-06-10 20:15:17,197,74,1.23
2026-06-10 20:15:17,747,92,1.53
2026-06-10 20:15:17,86,43,0.72
2026-06-10 20:15:17,205,53,0.88
2026-06-10 20:15:17,125,67,1.12
2026-06-10 20:15:17,35,108,1.8
2026-06-10 20:15:17,51,82,1.37
2026-06-10 20:15:17,202,35,0.58
2026-06-10 20:15:17,136,88,1.47
2026-06-10 20:15:17,160,101,1.68
2026-06-10 20:15:17,747,158,2.63
2026-06-10 20:15:17,139,34,0.57
2026-06-10 20:15:17,90,17,0.28
2026-06-10 20:15:17,211,17,0.28
2026-06-10 20:15:17,90,64,1.07
2026-06-10 20:15:17,49,56,0.93
2026-06-10 20:15:17,230,73,1.22
2026-06-10 20:15:17,124,47,0.78
2026-06-10 20:15:17,67,41,0.68
2026-06-10 20:15:17,203,38,0.63
2026-06-10 20:15:17,48,114,1.9
2026-06-10 20:15:17,44,22,0.37
2026-06-10 20:15:17,20,28,0.47
2026-06-10 20:15:17,114,198,3.3
2026-06-10 20:15:17,176,45,0.75
2026-06-10 20:15:17,33,48,0.8
2026-06-10 20:15:17,48,51,0.85
2026-06-10 20:15:17,37,25,0.42
2026-06-10 20:15:17,174,63,1.05
2026-06-10 20:15:17,123,68,1.13
2026-06-10 20:15:17,104,63,1.05
2026-06-10 20:15:17,41,40,0.67
2026-06-10 20:15:17,198,44,0.73
2026-06-10 20:15:17,192,21,0.35
2026-06-10 20:15:17,71,111,1.85
2026-06-10 20:15:17,35,57,0.95
2026-06-10 20:15:17,439,154,2.57
2026-06-10 20:15:17,49,131,2.18
2026-06-10 20:15:17,105,57,0.95
2026-06-10 20:15:17,51,180,3.0
2026-06-10 20:15:17,99,58,0.97
2026-06-10 20:15:17,49,40,0.67
2026-06-10 20:15:17,165,58,0.97
2026-06-10 20:15:17,189,32,0.53
2026-06-10 20:15:17,55,22,0.37
2026-06-10 20:15:17,211,1373,22.88
2026-06-10 20:15:17,90,54,0.9
2026-06-10 20:15:17,110,60,1.0
2026-06-10 20:15:17,92,42,0.7
2026-06-10 20:15:17,24,164,2.73
2026-06-10 20:15:17,95,50,0.83
2026-06-10 20:15:17,128,44,0.73
2026-06-10 20:15:17,80,76,1.27
2026-06-10 20:15:17,439,135,2.25
2026-06-10 20:15:17,177,41,0.68
2026-06-10 20:15:17,136,60,1.0
2026-06-10 20:15:17,161,50,0.83
2026-06-10 20:15:17,187,35,0.58
2026-06-10 20:15:17,114,31,0.52
2026-06-10 20:15:17,48,121,2.02
2026-06-10 20:15:17,44,82,1.37
2026-06-10 20:15:17,36,92,1.53
2026-06-10 20:15:17,86,38,0.63
2026-06-10 20:15:17,51,89,1.48
2026-06-10 20:15:17,69,44,0.73
2026-06-10 20:15:17,208,48,0.8
2026-06-10 20:15:17,141,39,0.65
2026-06-10 20:15:17,80,31,0.52
2026-06-10 20:15:17,193,81,1.35
2026-06-10 20:15:17,26,45,0.75
2026-06-10 20:15:17,36,54,0.9
2026-06-10 20:15:17,106,17,0.28
2026-06-10 20:15:17,33,72,1.2
2026-06-10 20:15:17,110,69,1.15
2026-06-10 20:15:17,131,44,0.73
2026-06-10 20:15:17,86,32,0.53
2026-06-10 20:15:17,24,95,1.58
2026-06-10 20:15:17,112,71,1.18
2026-06-10 20:15:17,28,20,0.33
2026-06-10 20:15:17,114,107,1.78
2026-06-10 20:15:17,192,72,1.2
2026-06-10 20:15:17,17,73,1.22
2026-06-10 20:15:17,195,32,0.53
2026-06-10 20:15:17,161,240,4.0
2026-06-10 20:15:17,161,43,0.72
2026-06-10 20:15:17,203,50,0.83
2026-06-10 20:15:17,48,82,1.37
2026-06-10 20:15:17,208,20,0.33
2026-06-10 20:15:17,211,25,0.42
2026-06-10 20:15:17,138,27,0.45
2026-06-10 20:15:17,202,41,0.68
2026-06-10 20:15:17,20,74,1.23
2026-06-10 20:15:17,61,42,0.7
2026-06-10 20:15:17,24,29,0.48
2026-06-10 20:15:17,74,80,1.33
2026-06-10 20:15:17,74,43,0.72
2026-06-10 20:15:17,74,83,1.38
2026-06-10 20:15:17,54,25,0.42
2026-06-10 20:15:17,71,45,0.75
2026-06-10 20:15:17,67,19,0.32
2026-06-10 20:15:17,93,31,0.52
2026-06-10 20:15:17,128,75,1.25
2026-06-10 20:15:17,150,31,0.52
2026-06-10 20:15:17,411,137,2.28
2026-06-10 20:15:17,186,59,0.98
2026-06-10 20:15:17,119,101,1.68
2026-06-10 20:15:17,449,40,0.67
2026-06-10 20:15:17,69,48,0.8
2026-06-10 20:15:17,170,72,1.2
2026-06-10 20:15:17,168,60,1.0
2026-06-10 20:15:17,470,1192,19.87
2026-06-10 20:15:17,150,93,1.55
2026-06-10 20:15:17,92,24,0.4
2026-06-10 20:15:17,93,62,1.03
2026-06-10 20:15:17,85,29,0.48
2026-06-10 20:15:17,48,78,1.3
2026-06-10 20:15:17,215,40,0.67
2026-06-10 20:15:17,165,100,1.67
2026-06-10 20:15:17,55,57,0.95
2026-06-10 20:15:17,168,97,1.62
2026-06-10 20:15:17,108,50,0.83
2026-06-10 20:15:17,105,75,1.25
2026-06-10 20:15:17,11,65,1.08
2026-06-10 20:15:17,123,67,1.12
2026-06-10 20:15:17,138,21,0.35
2026-06-10 20:15:17,106,28,0.47
2026-06-10 20:15:17,90,230,3.83
2026-06-10 20:15:17,105,44,0.73
2026-06-10 20:15:17,439,98,1.63
2026-06-10 20:15:17,141,60,1.0
2026-06-10 20:15:17,141,54,0.9
2026-06-10 20:15:17,69,54,0.9
2026-06-10 20:15:17,209,91,1.52
2026-06-10 20:15:17,20,180,3.0
2026-06-10 20:15:17,747,1260,21.0
2026-06-10 20:15:17,48,47,0.78
2026-06-10 20:15:17,140,122,2.03
2026-06-10 20:15:17,35,55,0.92
2026-06-10 20:15:17,99,100,1.67
2026-06-10 20:15:17,20,74,1.23
2026-06-10 20:15:17,470,57,0.95
2026-06-10 20:15:17,50,66,1.1
2026-06-10 20:15:17,38,40,0.67
2026-06-10 20:15:17,123,25,0.42
2026-06-10 20:15:17,35,142,2.37
2026-06-10 20:15:17,18,180,3.0
2026-06-10 20:15:17,496,142,2.37
2026-06-10 20:15:17,54,26,0.43
2026-06-10 20:15:17,215,178,2.97
2026-06-10 20:15:17,211,53,0.88
2026-06-10 20:15:17,411,84,1.4
2026-06-10 20:15:17,470,48,0.8
2026-06-10 20:15:17,104,21,0.35
2026-06-10 20:15:17,48,60,1.0
2026-06-10 20:15:17,202,42,0.7
2026-06-10 20:15:17,67,51,0.85
2026-06-10 20:15:17,195,181,3.02
2026-06-10 20:15:17,17,78,1.3
2026-06-10 20:15:17,10,61,1.02
2026-06-10 20:15:17,141,54,0.9
2026-06-10 20:15:17,100,98,1.63
2026-06-10 20:15:17,22,27,0.45
2026-06-10 20:15:17,106,138,2.3
2026-06-10 20:15:17,230,147,2.45
2026-06-10 20:15:17,25,74,1.23
2026-06-10 20:15:17,55,57,0.95
2026-06-10 20:15:17,10,39,0.65
2026-06-10 20:15:17,777,182,3.03
2026-06-10 20:15:17,187,48,0.8
2026-06-10 20:15:17,64,70,1.17
2026-06-10 20:15:17,189,49,0.82
2026-06-10 20:15:17,777,240,4.0
2026-06-10 20:15:17,114,33,0.55
2026-06-10 20:15:17,12,67,1.12
2026-06-10 20:15:17,97,41,0.68
2026-06-10 20:15:17,214,138,2.3
2026-06-10 20:15:17,110,32,0.53
2026-06-10 20:15:17,125,137,2.28
2026-06-10 20:15:17,50,183,3.05
2026-06-10 20:15:17,747,900,15.0
2026-06-10 20:15:17,121,55,0.92
2026-06-10 20:15:17,12,67,1.12
2026-06-10 20:15:17,97,41,0.68
2026-06-10 20:15:17,747,900,15.0
2026-06-10 20:15:17,54,32,0.53
2026-06-10 20:15:17,33,45,0.75
2026-06-10 20:15:17,211,60,1.0
2026-06-10 20:15:17,61,145,2.42
2026-06-10 20:15:17,166,41,0.68
2026-06-10 20:15:17,202,74,1.23
2026-06-10 20:15:17,97,155,2.58
2026-06-10 20:15:17,22,56,0.93
2026-06-10 20:15:17,18,74,1.23
2026-06-10 20:15:17,80,105,1.75
2026-06-10 20:15:17,468,370,6.17
2026-06-10 20:15:17,496,84,1.4
2026-06-10 20:15:17,94,48,0.8
2026-06-10 20:15:17,79,84,1.4
2026-06-10 20:15:17,106,115,1.92
2026-06-10 20:15:17,81,29,0.48
2026-06-10 20:15:17,211,1020,17.0
2026-06-10 20:15:17,121,55,0.92
2026-06-10 20:15:17,80,105,1.75
2026-06-10 20:15:17,18,91,1.52
2026-06-10 20:15:17,150,236,3.93
2026-06-10 20:15:17,204,78,1.3
2026-06-10 20:15:17,221,264,4.4
2026-06-10 20:15:17,196,60,1.0
2026-06-10 20:15:17,411,75,1.25
2026-06-10 20:15:17,43,30,0.5
2026-06-10 20:15:17,141,48,0.8
2026-06-10 20:15:17,43,25,0.42
2026-06-10 20:15:17,35,75,1.25
2026-06-10 20:15:17,193,63,1.05
2026-06-10 20:15:17,100,78,1.3
2026-06-10 20:15:17,174,26,0.43
2026-06-10 20:15:17,193,63,1.05
2026-06-10 20:15:17,11,14,0.23
2026-06-10 20:15:17,777,300,5.0
2026-06-10 20:15:17,51,39,0.65
2026-06-10 20:15:17,54,43,0.72
2026-06-10 20:15:17,18,226,3.77
2026-06-10 20:15:17,215,131,2.18
2026-06-10 20:15:17,86,47,0.78
2026-06-10 20:15:17,48,119,1.98
2026-06-10 20:15:17,496,958,15.97
2026-06-10 20:15:17,72,29,0.48
2026-06-10 20:15:17,747,438,7.3
2026-06-10 20:15:17,108,47,0.78
2026-06-10 20:15:17,230,50,0.83
2026-06-10 20:15:17,102,142,2.37
2026-06-10 20:15:17,103,87,1.45
2026-06-10 20:15:17,108,33,0.55
2026-06-10 20:15:17,200,71,1.18
2026-06-10 20:15:17,203,115,1.92
2026-06-10 20:15:17,71,96,1.6
2026-06-10 20:15:17,747,900,15.0
2026-06-10 20:15:17,41,40,0.67
2026-06-10 20:15:17,170,76,1.27
2026-06-10 20:15:17,80,52,0.87
2026-06-10 20:15:17,221,120,2.0
2026-06-10 20:15:17,26,77,1.28
2026-06-10 20:15:17,177,15,0.25
2026-06-10 20:15:17,17,40,0.67
2026-06-10 20:15:17,198,299,4.98
2026-06-10 20:15:17,136,17,0.28
2026-06-10 20:15:17,449,463,7.72
2026-06-10 20:15:17,460,30,0.5
2026-06-10 20:15:17,160,50,0.83
2026-06-10 20:15:17,28,41,0.68
2026-06-10 20:15:17,439,90,1.5
2026-06-10 20:15:17,128,30,0.5
2026-06-10 20:15:17,71,41,0.68
2026-06-10 20:15:17,165,69,1.15
2026-06-10 20:15:17,20,60,1.0
2026-06-10 20:15:17,32,57,0.95
2026-06-10 20:15:17,12,47,0.78
2026-06-10 20:15:17,187,107,1.78
2026-06-10 20:15:17,470,51,0.85
2026-06-10 20:15:17,64,102,1.7
2026-06-10 20:15:17,124,125,2.08
2026-06-10 20:15:17,93,84,1.4
2026-06-10 20:15:17,61,37,0.62
2026-06-10 20:15:17,26,34,0.57
2026-06-10 20:15:17,162,33,0.55
2026-06-10 20:15:17,164,19,0.32
2026-06-10 20:15:17,43,6,0.1
2026-06-10 20:15:17,125,6,0.1
2026-06-10 20:15:17,81,29,0.48
2026-06-10 20:15:17,215,147,2.45
2026-06-10 20:15:17,777,240,4.0
2026-06-10 20:15:17,468,60,1.0
2026-06-10 20:15:17,94,45,0.75
2026-06-10 20:15:17,93,139,2.32
2026-06-10 20:15:17,160,50,0.83
2026-06-10 20:15:17,496,908,15.13
2026-06-10 20:15:17,94,48,0.8
2026-06-10 20:15:17,777,240,4.0
2026-06-10 20:15:17,105,141,2.35
2026-06-10 20:15:17,67,51,0.85
2026-06-10 20:15:17,439,112,1.87
2026-06-10 20:15:17,103,64,1.07
2026-06-10 20:15:17,208,186,3.1
2026-06-10 20:15:17,165,69,1.15
2026-06-10 20:15:17,198,109,1.82
2026-06-10 20:15:17,747,900,15.0
2026-06-10 20:15:17,185,53,0.88
2026-06-10 20:15:17,55,186,3.1
2026-06-10 20:15:17,180,146,2.43
2026-06-10 20:15:17,24,52,0.87
2026-06-10 20:15:17,119,16,0.27
2026-06-10 20:15:17,13,54,0.9
2026-06-10 20:15:17,470,1260,21.0
2026-06-10 20:15:17,13,53,0.88
2026-06-10 20:15:17,102,51,0.85
2026-06-10 20:15:17,171,74,1.23
2026-06-10 20:15:17,41,53,0.88
2026-06-10 20:15:17,214,55,0.92
2026-06-10 20:15:17,112,45,0.75
2026-06-10 20:15:17,203,269,4.48
2026-06-10 20:15:17,56,86,1.43
2026-06-10 20:15:17,34,42,0.7
2026-06-10 20:15:17,49,121,2.02
2026-06-10 20:15:17,66,55,0.92
2026-06-10 20:15:17,66,46,0.77
2026-06-10 20:15:17,37,37,0.62
2026-06-10 20:15:17,100,34,0.57
2026-06-10 20:15:17,136,66,1.1
2026-06-10 20:15:17,180,146,2.43
2026-06-10 20:15:17,110,179,2.98
2026-06-10 20:15:17,192,33,0.55
2026-06-10 20:15:17,202,259,4.32
2026-06-10 20:15:17,747,158,2.63
2026-06-10 20:15:17,44,64,1.07
2026-06-10 20:15:17,176,60,1.0
2026-06-10 20:15:17,90,75,1.25
2026-06-10 20:15:17,747,900,15.0
2026-06-10 20:15:17,28,20,0.33
2026-06-10 20:15:17,139,91,1.52
2026-06-10 20:15:17,16,15,0.25
2026-06-10 20:15:17,10,39,0.65
2026-06-10 20:15:17,230,50,0.83
2026-06-10 20:15:17,128,60,1.0
2026-06-10 20:15:17,44,64,1.07
2026-06-10 20:15:17,34,71,1.18
2026-06-10 20:15:17,496,84,1.4
2026-06-10 20:15:17,186,60,1.0
2026-06-10 20:15:17,86,33,0.55
2026-06-10 20:15:17,36,133,2.22
2026-06-10 20:15:17,123,120,2.0
2026-06-10 20:15:17,90,16,0.27
2026-06-10 20:15:17,48,119,1.98
2026-06-10 20:15:17,67,51,0.85
2026-06-10 20:15:17,218,96,1.6
2026-06-10 20:15:17,171,120,2.0
2026-06-10 20:15:17,197,78,1.3
2026-06-10 20:15:17,70,29,0.48
2026-06-10 20:15:17,41,40,0.67
2026-06-10 20:15:17,27,156,2.6
2026-06-10 20:15:17,201,100,1.67
2026-06-10 20:15:17,172,54,0.9
2026-06-10 20:15:17,49,121,2.02
2026-06-10 20:15:17,79,60,1.0
2026-06-10 20:15:17,66,46,0.77
2026-06-10 20:15:17,68,86,1.43
2026-06-10 20:15:17,110,32,0.53
2026-06-10 20:15:17,31,201,3.35
2026-06-10 20:15:17,166,27,0.45
2026-06-10 20:15:17,107,20,0.33
2026-06-10 20:15:17,206,35,0.58
2026-06-10 20:15:17,27,46,0.77
2026-06-10 20:15:17,131,21,0.35
2026-06-10 20:15:17,55,57,0.95
2026-06-10 20:15:17,190,158,2.63
2026-06-10 20:15:17,105,44,0.73
2026-06-10 20:15:17,172,60,1.0
2026-06-10 20:15:17,215,147,2.45
2026-06-10 20:15:17,67,55,0.92
2026-06-10 20:15:17,170,40,0.67
2026-06-10 20:15:17,56,53,0.88
2026-06-10 20:15:17,140,180,3.0
2026-06-10 20:15:17,92,259,4.32
2026-06-10 20:15:17,176,60,1.0
2026-06-10 20:15:17,81,89,1.48
2026-06-10 20:15:17,205,42,0.7
2026-06-10 20:15:17,144,127,2.12
2026-06-10 20:15:17,150,236,3.93
2026-06-10 20:15:17,95,67,1.12
2026-06-10 20:15:17,61,145,2.42
2026-06-10 20:15:17,449,60,1.0
2026-06-10 20:15:17,22,56,0.93
2026-06-10 20:15:17,141,49,0.82
2026-06-10 20:15:17,189,83,1.38
2026-06-10 20:15:17,164,108,1.8
2026-06-10 20:15:17,129,59,0.98
2026-06-10 20:15:17,51,23,0.38
2026-06-10 20:15:17,37,92,1.53
2026-06-10 20:15:17,144,49,0.82
2026-06-10 20:15:17,125,137,2.28
2026-06-10 20:15:17,45,26,0.43
2026-06-10 20:15:17,54,43,0.72
2026-06-10 20:15:17,138,69,1.15
2026-06-10 20:15:17,44,70,1.17
2026-06-10 20:15:17,165,37,0.62
2026-06-10 20:15:17,70,240,4.0
2026-06-10 20:15:17,129,71,1.18
2026-06-10 20:15:17,196,60,1.0
2026-06-10 20:15:17,127,110,1.83
2026-06-10 20:15:17,16,119,1.98
2026-06-10 20:15:17,190,33,0.55
2026-06-10 20:15:17,212,92,1.53
2026-06-10 20:15:17,141,54,0.9
2026-06-10 20:15:17,51,39,0.65
2026-06-10 20:15:17,16,15,0.25
2026-06-10 20:15:17,127,49,0.82
2026-06-10 20:15:17,208,71,1.18
2026-06-10 20:15:17,125,86,1.43
2026-06-10 20:15:17,119,16,0.27
2026-06-10 20:15:17,85,43,0.72
2026-06-10 20:15:17,114,62,1.03
2026-06-10 20:15:17,128,60,1.0
2026-06-10 20:15:17,165,69,1.15
2026-06-10 20:15:17,106,115,1.92
2026-06-10 20:15:17,161,31,0.52
2026-06-10 20:15:17,162,120,2.0
2026-06-10 20:15:17,747,1260,21.0
2026-06-10 20:15:17,70,240,4.0
2026-06-10 20:15:17,201,42,0.7
2026-06-10 20:15:17,201,100,1.67
2026-06-10 20:15:17,747,900,15.0
2026-06-10 20:15:17,170,76,1.27
2026-06-10 20:15:17,170,40,0.67
2026-06-10 20:15:17,168,52,0.87
2026-06-10 20:15:17,230,184,3.07
2026-06-10 20:15:17,38,360,6.0
2026-06-10 20:15:17,113,71,1.18
2026-06-10 20:15:17,211,1020,17.0
2026-06-10 20:15:17,45,26,0.43
2026-06-10 20:15:17,38,81,1.35
2026-06-10 20:15:17,747,900,15.0
2026-06-10 20:15:17,491,941,15.68
2026-06-10 20:15:17,204,68,1.13
2026-06-10 20:15:17,197,45,0.75
2026-06-10 20:15:17,18,91,1.52
2026-06-10 20:15:17,10,61,1.02
2026-06-10 20:15:17,79,84,1.4
2026-06-10 20:15:17,747,1260,21.0
2026-06-10 20:15:17,777,300,5.0
2026-06-10 20:15:17,411,75,1.25
2026-06-10 20:15:17,17,78,1.3
2026-06-10 20:15:17,168,67,1.12
2026-06-10 20:15:17,32,69,1.15
2026-06-10 20:15:17,179,38,0.63
2026-06-10 20:15:17,161,184,3.07
2026-06-10 20:15:17,105,141,2.35
2026-06-10 20:15:17,123,25,0.42
2026-06-10 20:15:17,121,26,0.43
2026-06-10 20:15:17,57,67,1.12
2026-06-10 20:15:17,128,30,0.5
2026-06-10 20:15:17,214,138,2.3
2026-06-10 20:15:17,64,102,1.7
2026-06-10 20:15:17,32,57,0.95
2026-06-10 20:15:17,180,115,1.92
2026-06-10 20:15:17,468,60,1.0
2026-06-10 20:15:17,20,180,3.0
2026-06-10 20:15:17,777,240,4.0
2026-06-10 20:15:17,747,1233,20.55
2026-06-10 20:15:17,140,133,2.22
2026-06-10 20:15:17,49,60,1.0
2026-06-10 20:15:17,411,1080,18.0
2026-06-10 20:15:17,193,63,1.05
2026-06-10 20:15:17,183,19,0.32
2026-06-10 20:15:17,195,143,2.38
2026-06-10 20:15:17,48,47,0.78
2026-06-10 20:15:17,496,958,15.97
2026-06-10 20:15:17,198,109,1.82
2026-06-10 20:15:17,112,71,1.18
2026-06-10 20:15:17,195,181,3.02
2026-06-10 20:15:17,11,55,0.92
2026-06-10 20:15:17,34,42,0.7
2026-06-10 20:15:17,179,19,0.32
2026-06-10 20:15:17,777,240,4.0
2026-06-10 20:15:17,92,36,0.6
2026-06-10 20:15:17,48,119,1.98
2026-06-10 20:15:17,18,226,3.77
2026-06-10 20:15:17,206,215,3.58
2026-06-10 20:15:17,57,59,0.98
2026-06-10 20:15:17,124,60,1.0
2026-06-10 20:15:17,43,59,0.98
2026-06-10 20:15:17,25,51,0.85
2026-06-10 20:15:17,192,37,0.62
2026-06-10 20:15:17,177,49,0.82
2026-06-10 20:15:17,86,47,0.78
2026-06-10 20:15:17,150,59,0.98
2026-06-10 20:15:17,36,93,1.55
2026-06-10 20:15:17,47,99,1.65
2026-06-10 20:15:17,468,370,6.17
2026-06-10 20:15:17,200,254,4.23
2026-06-10 20:15:17,174,360,6.0
2026-06-10 20:15:17,47,84,1.4
2026-06-10 20:15:17,439,90,1.5
2026-06-10 20:15:17,16,119,1.98
2026-06-10 20:15:17,71,96,1.6
2026-06-10 20:15:17,218,48,0.8
2026-06-10 20:15:17,747,158,2.63
2026-06-10 20:15:17,203,115,1.92
2026-06-10 20:15:17,193,43,0.72
2026-06-10 20:15:17,33,45,0.75
2026-06-10 20:15:17,449,463,7.72
2026-06-10 20:15:17,103,87,1.45
2026-06-10 20:15:17,49,121,2.02
2026-06-10 20:15:17,187,107,1.78
2026-06-10 20:15:17,215,131,2.18
2026-06-10 20:15:17,185,72,1.2
2026-06-10 20:15:17,160,50,0.83
2026-06-10 20:15:17,64,78,1.3
2026-06-10 20:15:17,164,19,0.32
2026-06-10 20:15:17,777,181,3.02
2026-06-10 20:15:17,218,96,1.6
2026-06-10 20:15:17,95,46,0.77
2026-06-10 20:15:17,35,75,1.25
2026-06-10 20:15:17,166,60,1.0
2026-06-10 20:15:17,69,54,0.9
2026-06-10 20:15:17,198,299,4.98
2026-06-10 20:15:17,141,49,0.82
2026-06-10 20:15:17,35,55,0.92
2026-06-10 20:15:17,55,186,3.1
2026-06-10 20:15:17,68,77,1.28
2026-06-10 20:15:17,31,208,3.47
2026-06-10 20:15:17,205,206,3.43
2026-06-10 20:15:17,51,39,0.65
2026-06-10 20:15:17,131,80,1.33
2026-06-10 20:15:17,12,67,1.12
2026-06-10 20:15:17,202,259,4.32
2026-06-10 20:15:17,90,75,1.25
2026-06-10 20:15:17,106,115,1.92
2026-06-10 20:15:17,186,56,0.93
2026-06-10 20:15:17,121,55,0.92
2026-06-10 20:15:17,55,71,1.18
2026-06-10 20:15:17,496,84,1.4
2026-06-10 20:15:17,105,141,2.35
2026-06-10 20:15:17,209,91,1.52
2026-06-10 20:15:17,41,53,0.88
2026-06-10 20:15:17,187,48,0.8
2026-06-10 20:15:17,189,49,0.82
2026-06-10 20:15:17,136,66,1.1
2026-06-10 20:15:17,211,60,1.0
2026-06-10 20:15:17,202,74,1.23
2026-06-10 20:15:17,172,54,0.9
2026-06-10 20:15:17,189,83,1.38
2026-06-10 20:15:17,113,46,0.77
2026-06-10 20:15:17,141,54,0.9
2026-06-10 20:15:17,114,33,0.55
2026-06-10 20:15:17,211,1020,17.0
2026-06-10 20:15:17,172,60,1.0
2026-06-10 20:15:17,81,29,0.48
2026-06-10 20:15:17,54,32,0.53
2026-06-10 20:15:17,100,78,1.3
2026-06-10 20:15:17,11,14,0.23
2026-06-10 20:15:17,105,44,0.73
2026-06-10 20:15:17,93,139,2.32
2026-06-10 20:15:17,71,41,0.68
2026-06-10 20:15:17,179,19,0.32
2026-06-10 20:15:17,165,69,1.15
2026-06-10 20:15:17,108,33,0.55
2026-06-10 20:15:17,104,55,0.92
2026-06-10 20:15:17,97,155,2.58
2026-06-10 20:15:17,174,26,0.43
2026-06-10 20:15:17,136,17,0.28
2026-06-10 20:15:17,26,34,0.57
2026-06-10 20:15:17,102,142,2.37
2026-06-10 20:15:17,67,55,0.92
2026-06-10 20:15:17,108,47,0.78
2026-06-10 20:15:17,103,64,1.07
2026-06-10 20:15:17,204,78,1.3
2026-06-10 20:15:17,200,71,1.18
2026-06-10 20:15:17,26,77,1.28
2026-06-10 20:15:17,221,120,2.0
2026-06-10 20:15:17,165,37,0.62
2026-06-10 20:15:17,470,51,0.85
2026-06-10 20:15:17,124,125,2.08
2026-06-10 20:15:17,12,47,0.78
2026-06-10 20:15:17,48,119,1.98
2026-06-10 20:15:17,80,52,0.87
2026-06-10 20:15:17,221,264,4.4
2026-06-10 20:15:17,176,60,1.0
2026-06-10 20:15:17,186,60,1.0
2026-06-10 20:15:17,61,37,0.62
2026-06-10 20:15:17,162,33,0.55
2026-06-10 20:15:17,37,37,0.62
2026-06-10 20:15:17,110,179,2.98
2026-06-10 20:15:17,29,45,0.75
2026-06-10 20:15:17,93,84,1.4
2026-06-10 20:15:17,64,102,1.7
2026-06-10 20:15:17,112,45,0.75
2026-06-10 20:15:17,17,40,0.67
2026-06-10 20:15:17,207,34,0.57
2026-06-10 20:15:17,208,186,3.1
2026-06-10 20:15:17,94,45,0.75
2026-06-10 20:15:17,50,66,1.1
2026-06-10 20:15:17,496,958,15.97
2026-06-10 20:15:17,177,15,0.25
2026-06-10 20:15:17,439,112,1.87
2026-06-10 20:15:17,171,74,1.23
2026-06-10 20:15:17,13,53,0.88
2026-06-10 20:15:17,56,86,1.43
2026-06-10 20:15:17,13,54,0.9
2026-06-10 20:15:17,203,269,4.48
2026-06-10 20:15:17,190,158,2.63
2026-06-10 20:15:17,160,50,0.83
2026-06-10 20:15:17,24,52,0.87
2026-06-10 20:15:17,102,51,0.85
2026-06-10 20:15:17,24,25,0.42
2026-06-10 20:15:17,49,121,2.02
2026-06-10 20:15:17,20,74,1.23
2026-06-10 20:15:17,192,33,0.55
2026-06-10 20:15:17,86,33,0.55
2026-06-10 20:15:17,139,91,1.52
2026-06-10 20:15:17,121,26,0.43
2026-06-10 20:15:17,85,67,1.12
2026-06-10 20:15:17,90,16,0.27
2026-06-10 20:15:17,161,39,0.65
2026-06-10 20:15:17,123,120,2.0
2026-06-10 20:15:17,81,89,1.48
2026-06-10 20:15:17,187,107,1.78
2026-06-10 20:15:17,214,55,0.92
2026-06-10 20:15:17,48,47,0.78
2026-06-10 20:15:17,209,300,5.0
2026-06-10 20:15:17,171,120,2.0
2026-06-10 20:15:17,131,21,0.35
2026-06-10 20:15:17,66,55,0.92
2026-06-10 20:15:17,165,69,1.15
2026-06-10 20:15:17,197,78,1.3
2026-06-10 20:15:17,36,133,2.22
2026-06-10 20:15:17,70,29,0.48
2026-06-10 20:15:17,27,156,2.6
2026-06-10 20:15:17,105,141,2.35
2026-06-10 20:15:17,777,300,5.0
2026-06-10 20:15:17,92,259,4.32
2026-06-10 20:15:17,205,42,0.7
2026-06-10 20:15:17,206,35,0.58
2026-06-10 20:15:17,37,92,1.53
2026-06-10 20:15:17,100,34,0.57
2026-06-10 20:15:17,491,73,1.22
2026-06-10 20:15:17,103,87,1.45
2026-06-10 20:15:17,161,184,3.07
2026-06-10 20:15:17,176,60,1.0
2026-06-10 20:15:17,79,60,1.0
2026-06-10 20:15:17,18,226,3.77
2026-06-10 20:15:17,99,100,1.67
2026-06-10 20:15:17,68,86,1.43
2026-06-10 20:15:17,141,49,0.82
2026-06-10 20:15:17,95,67,1.12
2026-06-10 20:15:17,144,127,2.12
2026-06-10 20:15:17,449,60,1.0
2026-06-10 20:15:17,129,59,0.98
2026-06-10 20:15:17,144,49,0.82
2026-06-10 20:15:17,106,41,0.68
2026-06-10 20:15:17,22,91,1.52
2026-06-10 20:15:17,20,180,3.0
2026-06-10 20:15:17,127,49,0.82
2026-06-10 20:15:17,44,70,1.17
2026-06-10 20:15:17,129,71,1.18
2026-06-10 20:15:17,67,51,0.85
2026-06-10 20:15:17,47,101,1.68
2026-06-10 20:15:17,51,47,0.78
2026-06-10 20:15:17,211,1020,17.0
2026-06-10 20:15:17,162,120,2.0
2026-06-10 20:15:17,80,105,1.75
2026-06-10 20:15:17,777,240,4.0
2026-06-10 20:15:17,104,21,0.35
2026-06-10 20:15:17,208,71,1.18
2026-06-10 20:15:17,127,110,1.83
2026-06-10 20:15:17,18,91,1.52
2026-06-10 20:15:17,138,69,1.15
2026-06-10 20:15:17,114,62,1.03
2026-06-10 20:15:17,107,20,0.33
2026-06-10 20:15:17,32,57,0.95
2026-06-10 20:15:17,27,46,0.77
2026-06-10 20:15:17,168,52,0.87
2026-06-10 20:15:17,197,45,0.75
2026-06-10 20:15:17,189,83,1.38
2026-06-10 20:15:17,190,33,0.55
2026-06-10 20:15:17,150,59,0.98
2026-06-10 20:15:17,32,69,1.15
2026-06-10 20:15:17,201,42,0.7
2026-06-10 20:15:17,57,67,1.12
2026-06-10 20:15:17,24,52,0.87
2026-06-10 20:15:17,168,67,1.12
2026-06-10 20:15:17,38,360,6.0
2026-06-10 20:15:17,113,46,0.77
2026-06-10 20:15:17,25,51,0.85
2026-06-10 20:15:17,38,81,1.35
2026-06-10 20:15:17,177,49,0.82
2026-06-10 20:15:17,230,184,3.07
2026-06-10 20:15:17,64,102,1.7
2026-06-10 20:15:17,165,69,1.15
2026-06-10 20:15:17,11,55,0.92
2026-06-10 20:15:17,195,143,2.38
2026-06-10 20:15:17,204,68,1.13
2026-06-10 20:15:17,172,54,0.9
2026-06-10 20:15:17,136,66,1.1
2026-06-10 20:15:17,47,99,1.65
2026-06-10 20:15:17,179,38,0.63
2026-06-10 20:15:17,180,115,1.92
2026-06-10 20:15:17,36,93,1.55
2026-06-10 20:15:17,124,60,1.0
2026-06-10 20:15:17,49,60,1.0
2026-06-10 20:15:17,411,1140,19.0
2026-06-10 20:15:17,51,39,0.65
2026-06-10 20:15:17,92,36,0.6
2026-06-10 20:15:17,172,60,1.0
2026-06-10 20:15:17,64,78,1.3
2026-06-10 20:15:17,105,141,2.35
2026-06-10 20:15:17,200,254,4.23
2026-06-10 20:15:17,192,37,0.62
2026-06-10 20:15:17,202,259,4.32
2026-06-10 20:15:17,193,43,0.72
2026-06-10 20:15:17,218,48,0.8
2026-06-10 20:15:17,95,46,0.77
2026-06-10 20:15:17,209,94,1.57
2026-06-10 20:32:31,103,47,0.78
2026-06-10 20:32:31,69,48,0.8
2026-06-10 20:32:31,140,46,0.77
2026-06-10 20:32:31,106,29,0.48
2026-06-10 20:32:31,12,56,0.93
2026-06-10 20:32:31,69,89,1.48
2026-06-10 20:32:31,411,37,0.62
2026-06-10 20:32:31,67,55,0.92
2026-06-10 20:32:31,48,10,0.17
2026-06-10 20:32:31,230,28,0.47
2026-06-10 20:32:31,179,38,0.63
2026-06-10 20:32:31,37,56,0.93
2026-06-10 20:32:31,105,88,1.47
2026-06-10 20:32:31,197,27,0.45
2026-06-10 20:32:31,121,46,0.77
2026-06-10 20:32:31,27,41,0.68
2026-06-10 20:32:31,110,59,0.98
2026-06-10 20:32:31,198,300,5.0
2026-06-10 20:32:31,110,60,1.0
2026-06-10 20:32:31,33,29,0.48
2026-06-10 20:32:31,124,17,0.28
2026-06-10 20:32:31,35,139,2.32
2026-06-10 20:32:31,25,29,0.48
2026-06-10 20:32:31,104,21,0.35
2026-06-10 20:32:31,43,44,0.73
2026-06-10 20:32:31,35,64,1.07
2026-06-10 20:32:31,141,48,0.8
2026-06-10 20:32:31,439,78,1.3
2026-06-10 20:32:31,48,65,1.08
2026-06-10 20:32:31,51,44,0.73
2026-06-10 20:32:31,61,38,0.63
2026-06-10 20:32:31,50,22,0.37
2026-06-10 20:32:31,211,37,0.62
2026-06-10 20:32:31,41,49,0.82
2026-06-10 20:32:31,164,45,0.75
2026-06-10 20:32:31,196,1,0.02
2026-06-10 20:32:31,496,133,2.22
2026-06-10 20:32:31,79,46,0.77
2026-06-10 20:32:31,34,42,0.7
2026-06-10 20:32:31,491,111,1.85
2026-06-10 20:32:31,141,49,0.82
2026-06-10 20:32:31,138,69,1.15
2026-06-10 20:32:31,24,68,1.13
2026-06-10 20:32:31,102,51,0.85
2026-06-10 20:32:31,110,32,0.53
2026-06-10 20:32:31,439,95,1.58
2026-06-10 20:32:31,100,108,1.8
2026-06-10 20:32:31,165,69,1.15
2026-06-10 20:32:31,223,175,2.92
2026-06-10 20:32:31,200,71,1.18
2026-06-10 20:32:31,26,77,1.28
2026-06-10 20:32:31,208,71,1.18
2026-06-10 20:32:31,124,125,2.08
2026-06-10 20:32:31,18,91,1.52
2026-06-10 20:32:31,44,64,1.07
2026-06-10 20:32:31,48,79,1.32
2026-06-10 20:32:31,90,75,1.25
2026-06-10 20:32:31,747,158,2.63
2026-06-10 20:32:31,10,39,0.65
2026-06-10 20:32:31,171,74,1.23
2026-06-10 20:32:31,164,19,0.32
2026-06-10 20:32:31,56,50,0.83
2026-06-10 20:32:31,141,54,0.9
2026-06-10 20:32:31,20,74,1.23
2026-06-10 20:32:31,108,47,0.78
2026-06-10 20:32:31,124,125,2.08
2026-06-10 20:32:31,93,84,1.4
2026-06-10 20:32:31,162,33,0.55
2026-06-10 20:32:31,103,64,1.07
2026-06-10 20:32:31,56,86,1.43
2026-06-10 20:32:31,136,66,1.1
2026-06-10 20:32:31,90,16,0.27
2026-06-10 20:32:31,67,51,0.85
2026-06-10 20:32:31,171,120,2.0
2026-06-10 20:32:31,107,20,0.33
2026-06-10 20:32:31,61,145,2.42
2026-06-10 20:32:31,125,137,2.28
2026-06-10 20:32:31,128,60,1.0
2026-06-10 20:32:31,168,67,1.12
2026-06-10 20:32:31,123,25,0.42
2026-06-10 20:32:31,411,1080,18.0
2026-06-10 20:32:31,90,75,1.25
2026-06-10 20:32:31,136,17,0.28
2026-06-10 20:32:31,112,45,0.75
2026-06-10 20:32:31,20,74,1.23
2026-06-10 20:42:32,114,77,1.28
2026-06-10 20:42:32,86,30,0.5
2026-06-10 20:42:32,27,52,0.87
2026-06-10 20:42:32,180,33,0.55
2026-06-10 20:42:32,105,65,1.08
2026-06-10 20:42:32,161,65,1.08
2026-06-10 20:42:32,103,74,1.23
2026-06-10 20:42:32,18,48,0.8
2026-06-10 20:42:32,123,31,0.52
2026-06-10 20:42:32,51,64,1.07
2026-06-10 20:42:32,69,53,0.88
2026-06-10 20:42:32,32,22,0.37
2026-06-10 20:42:32,170,76,1.27
2026-06-10 20:42:32,230,38,0.63
2026-06-10 20:42:32,170,22,0.37
2026-06-10 20:42:32,168,19,0.32
2026-06-10 20:42:32,189,46,0.77
2026-06-10 20:42:32,202,31,0.52
2026-06-10 20:42:32,439,47,0.78
2026-06-10 20:42:32,57,65,1.08
2026-06-10 20:42:32,85,38,0.63
2026-06-10 20:42:32,24,62,1.03
2026-06-10 20:42:32,12,44,0.73
2026-06-10 20:42:32,206,215,3.58
2026-06-10 20:42:32,141,53,0.88
2026-06-10 20:42:32,174,88,1.47
2026-06-10 20:42:32,86,31,0.52
2026-06-10 20:42:32,31,109,1.82
2026-06-10 20:42:32,187,42,0.7
2026-06-10 20:42:32,221,71,1.18
2026-06-10 20:42:32,20,180,3.0
2026-06-10 20:42:32,48,133,2.22
2026-06-10 20:42:32,106,115,1.92
2026-06-10 20:42:32,112,71,1.18
2026-06-10 20:42:32,470,69,1.15
2026-06-10 20:42:32,121,62,1.03
2026-06-10 20:42:32,439,56,0.93
2026-06-10 20:42:32,35,55,0.92
2026-06-10 20:42:32,223,65,1.08
2026-06-10 20:42:32,80,52,0.87
2026-06-10 20:42:32,179,38,0.63
2026-06-10 20:42:32,174,360,6.0
2026-06-10 20:42:32,449,463,7.72
2026-06-10 20:42:32,121,35,0.58
2026-06-10 20:42:32,777,300,5.0
2026-06-10 20:42:32,777,300,5.0
2026-06-10 20:42:32,777,300,5.0
2026-06-10 20:42:32,94,48,0.8
2026-06-10 20:42:32,777,240,4.0
2026-06-10 20:42:32,170,40,0.67
2026-06-10 20:42:32,777,170,2.83
2026-06-10 20:42:32,136,66,1.1
2026-06-10 20:42:32,66,55,0.92
2026-06-10 20:42:32,103,87,1.45
2026-06-10 20:42:32,34,42,0.7
2026-06-10 20:42:32,131,21,0.35
2026-06-10 20:42:32,187,72,1.2
2026-06-10 20:42:32,196,60,1.0
2026-06-10 20:42:32,144,49,0.82
2026-06-10 20:42:32,193,43,0.72
2026-06-10 20:42:32,187,107,1.78
2026-06-10 20:42:32,114,62,1.03
2026-06-10 20:42:32,32,57,0.95
2026-06-10 20:42:32,113,71,1.18
2026-06-10 20:42:32,79,84,1.4
2026-06-10 20:42:32,17,78,1.3
2026-06-10 20:42:32,24,52,0.87
2026-06-10 20:42:32,166,60,1.0
2026-06-10 20:42:32,172,54,0.9
2026-06-10 20:42:32,195,181,3.02
2026-06-10 20:42:32,55,57,0.95
2026-06-10 20:42:32,105,141,2.35
2026-06-10 20:42:32,203,115,1.92
2026-06-10 20:42:32,205,206,3.43
2026-06-10 20:42:32,160,50,0.83
2026-06-10 20:42:32,202,74,1.23
2026-06-10 20:42:32,54,43,0.72
2026-06-10 20:42:32,18,226,3.77
2026-06-10 20:42:32,80,52,0.87
2026-06-10 20:42:32,37,37,0.62
2026-06-10 20:42:32,68,86,1.43
2026-06-10 20:42:32,107,20,0.33
2026-06-10 20:42:32,449,60,1.0
2026-06-10 20:42:32,129,71,1.18
2026-06-10 20:42:32,201,42,0.7
2026-06-10 20:42:32,197,45,0.75
2026-06-10 20:42:32,161,184,3.07
2026-06-10 20:42:32,468,60,1.0
2026-06-10 20:42:32,18,226,3.77
2026-06-10 20:42:32,124,60,1.0
2026-06-10 20:42:32,468,370,6.17
2026-06-10 20:42:32,189,49,0.82
